﻿会社名,会社名フリガナ,住所,郵便番号,電話番号,代表氏名,代表氏名フリガナ,登録番号
株式会社三和住宅,カブシキガイシャサンワジュウタク,栃木県那須塩原市太夫塚1-195,〒329-2735,0287-36-5353,渡辺　邦男,ワタナベ　クニオ,(02)第0000084号
エステート住宅産業株式会社,エステートジュウタクサンギョウ,栃木県宇都宮市駅前通り１－１－５,〒321-0964,028-621-0021,古山　武史,フルヤマ　タケフミ,(02)第0001482号
大東建託パートナーズ株式会社,ダイトウケンタクパートナーズ,東京都港区港南2-16-1,〒108-0075,03-6718-9102,佐藤　功次,サトウ　コウジ,(02)第0001723号
積水ハウス不動産東京株式会社,セキスイハウスフドウサントウキョウカブシキガイシャ,東京都渋谷区代々木2-1-1,〒151-0053,03-5350-3366,島貫　利一,シマヌキ　トシカズ,(02)第0001005号
株式会社ＣＩＣ情報センター,シーアイシージョウホウセンター,栃木県宇都宮市今泉町383,〒321-0962,028-627-5948,及川　昌明,オイカワ　ヨシアキ,(02)第0002766号
有限会社あおいハウジング,ユウゲンガイシャアオイハウジング,栃木県宇都宮市桜2丁目6番14号,〒320-0043,028-616-1201,嶋田　光章,シマダ　ミツアキ,(02)第0001873号
株式会社ミニテック,ミニテック,東京都港区港南2-5-3,〒108-0075,03-5769-3209,大原　輝之,オオハラ　テルユキ,(01)第0001682号
近代住建株式会社,キンダイジュウケンカブシキカイシャ,栃木県宇都宮市上戸祭2丁目3-15,〒320-0058,0286242246,神永　佳典,カミナガ　ヨシノリ,(01)第0001014号
日本住宅株式会社,ニホンジュウタク,岩手県盛岡市津志田中央１－３－２８,〒020-0838,019-638-0511,滝村　照男,タキムラ　テルオ,(01)第0001989号
株式会社ルームズカンパニー,カブシキガイシャルームズカンパニー,栃木県宇都宮市中今泉1-6-15,〒321-0968,028-610-3336,池田　隆太,イケダ　リュウタ,(01)第0000220号
ハウスゲート株式会社,ハウスゲートカブシキガイシャ,栃木県宇都宮市中今泉３丁目２番１４号,〒321-0968,0286805951,石川　亨介,イシカワ　キョウスケ,(01)第0001856号
株式会社ルームズセレクト,カブシキガイシャルームズセレクト,栃木県宇都宮市東宿郷3-1-8 大福ビル1F-C,〒321-0953,0286019130,宮本　学,ミヤモト　マナブ,(01)第0000270号
七つ星不動産株式会社,ナナツボシフドウサンカブシキガイシャ,栃木県宇都宮市東宿郷三丁目４番１５,〒321-0953,0286107724,濱?　宏,ハマザキ　ヒロシ,(02)第0000142号
株式会社ハウスメイトマネジメント,ハウスメイトマネジメント,東京都豊島区東池袋３－１－１　サンシャイン６０　４１Ｆ,〒170-6041,03-3590-0964,井關　豊,イセキ　ユタカ,(02)第0000332号
株式会社エビス,カブシキガイシャエビス,栃木県塩谷郡高根沢町光陽台3-15-2,〒329-1232,028-675-0142,山本　光男,ヤマモト　ミツオ,(01)第0001871号
株式会社ビジネスホームサービス,カブシキガイシャビジネスホームサービス,栃木県塩谷郡高根沢町宝積寺2241-1,〒329-1233,028-675-6501,福冨　賢治,フクトミ　ケンジ,(01)第0002754号
佐野農業協同組合,サノノウギョウキョウドウクミアイ,栃木県佐野市堀米町２０１－３,〒327-0843,0283-24-3715,金井　猛弘,カナイ　タケヒロ,(01)第0002217号
三共建物株式会社,サンキョウタテモノカブシキカシャ,栃木県小山市駅東通り2-34-7,〒323-0022,0285-21-1151,関口　忠道,セキグチ　タダミチ,(02)第0000963号
株式会社エダ住宅,カブシキガイシャエダジュウタク,栃木県小山市中央町３丁目３－１,〒323-0023,0285-22-7888,枝　正男,エダ　マサオ,(02)第0002569号
株式会社エステート・ワン,カブシキガイシャエステートワン,栃木県足利市伊勢町３丁目４番地14,〒326-0053,0284-44-1691,春山　勝義,ハルヤマ　カツヨシ,(01)第0002038号
株式会社さくら屋,カブシキガイシャサクラヤ,栃木県足利市通４丁目２５７３,〒326-0814,0284-21-2345,島田　將行,シマダ　マサユキ,(01)第0002361号
株式会社群馬総合土地販売,カブシキガイシャグンマソウゴウトチハンバイ,群馬県高崎市羅漢町37,〒370-0055,027-323-0009,川本　裕明,カワモト　ヒロアキ,(02)第0000029号
万不動産株式会社,ヨロズフドウサンカブシキガイシャ,栃木県大田原市浅香2丁目3552-1,〒324-0043,0287242111,渡邉　浩之,ワタナベ　ヒロユキ,(01)第0001872号
下野農業協同組合,シモツケノウギョウキョウドウクミアイ,栃木県栃木市河合町３番２６号,〒328-0041,0282-24-1162,長　昌光,チョウ　マサミツ,(01)第0000676号
石崎総業有限会社,イシザキソウギョウユウゲンガイシャ,栃木県栃木市平柳町2丁目6番1号,〒328-0012,0282271696,石崎　敬功,イシザキ　ヨシノリ,(01)第0001010号
株式会社東陽宅建,カブシキガイシャ　トウヨウタッケン,栃木県那須塩原市豊住町７９番地８６,〒325-0072,0287-64-1221,井上　修一,イノウエ　シュウイチ,(02)第0000713号
株式会社栃商,トチショウ,栃木県矢板市本町5-12,〒329-2164,0287-43-2534,斎藤　謙吉,サイトウ　ケンキチ,(01)第0001710号
