﻿会社名,会社名フリガナ,住所,郵便番号,電話番号,代表氏名,代表氏名フリガナ,登録番号
ハタスパートナー株式会社,ハタスパートナー,愛知県刈谷市熊野町４－７５－１,〒448-0831,0566-23-5742,亀島　善行,カメシマ　ヨシユキ,(02)第0000618号
株式会社ＪＡハートホームサポート,ジェイエイハートホームサポート,愛知県安城市今本町東向山6-1,〒446-0008,0566-96-0041,?阪　照和,コウサカ　テルカズ,(01)第0001412号
愛知県経済農業協同組合連合会,アイチケンケイザイノウギョウキョウドウクミアイレンゴウカイ,愛知県安城市今本町東向山6-1,〒446-0008,0566-96-0032,権田　博康,ゴンダ　ヒロヤス,(01)第0001996号
株式会社ミニテック,ミニテック,東京都港区港南2-5-3,〒108-0075,03-5769-3209,大原　輝之,オオハラ　テルユキ,(01)第0001682号
株式会社アトス,アトス,愛知県安城市三河安城東町１-２０-７,〒446-0057,0566-77-7022,杉浦　淳彌,スギウラ　ジュンヤ,(01)第0000224号
株式会社ナイスコーポレーション,ナイスコーポレーション,愛知県安城市三河安城本町２－４－８,〒446-0059,0566-77-2918,山下　秀司,ヤマシタ　シュウジ,(01)第0002654号
株式会社ライフサポート,ライフサポート,愛知県名古屋市熱田区波寄町１９－６　２階,〒456-0003,052-884-3263,森　英治,モリ　エイジ,(02)第0000327号
株式会社すえひろ,スエヒロ,愛知県一宮市住吉1-10-8,〒491-0919,0586-46-3054,木村　忠豊,キムラ　タダトヨ,(01)第0001125号
大東建託パートナーズ株式会社,ダイトウケンタクパートナーズ,東京都港区港南2-16-1,〒108-0075,03-6718-9102,佐藤　功次,サトウ　コウジ,(02)第0001723号
株式会社ＮＥＸＵＳ,ネクサス,愛知県一宮市千秋町浮野字唐畑１９,〒491-0806,0586-77-6070,田島　慎吾,タジマ　シンゴ,(02)第0000336号
株式会社ニシコーポレーション,ニシコーポレーション,愛知県一宮市浅井町西浅井字弐軒家27番地,〒491-0113,0586-52-0030,西　孝利,ニシ　タカトシ,(02)第0003083号
株式会社英和,エイワ,愛知県一宮市祐久字南野黒130-1,〒494-0017,0586-68-2312,中野　英紀,ナカノ　ヒデノリ,(01)第0002306号
株式会社八丁商会,ハッチョウショウカイ,愛知県一宮市緑五丁目２番３０号,〒491-0862,0586-77-7122,森山　隆徳,モリヤマ　タカノリ,(02)第0000147号
株式会社ＢＢ保証,ビービーホショウ,愛知県稲沢市高御堂１－１－１４,〒492-8213,0587-22-5605,八尾　一,ヤオ　ハジメ,(01)第0002653号
株式会社アイホーム,アイホーム,愛知県稲沢市小沢３－８－３,〒492-8212,0587-34-1781,田中　公治,タナカ　キミハル,(02)第0000306号
株式会社ブルーボックス,ブルーボツクス,愛知県稲沢市正明寺2-16-4,〒492-8145,0587-23-7733,山内　隆嗣,ヤマウチ　タカシ,(02)第0002565号
ディプラス株式会社,ディプラス,愛知県岡崎市伊賀町字西郷中８６-２,〒444-0075,0564-66-1153,岩崎　靖彦,イワサキ　ヤスヒコ,(02)第0001368号
積村ビル管理株式会社,セキムラビルカンリカブシキガイシャ,愛知県名古屋市中村区横前町66,〒453-0864,0524116571,二村　伝治,フタムラ　デンジ,(02)第0000054号
あいち三河農業協同組合,アイチミカワノウギョウキョウドウクミアイ,愛知県岡崎市坂左右町字葦ノ部１８－１,〒444-0213,0564-51-9631,天野　吉伸,アマノ　ヨシノブ,(01)第0000664号
株式会社永昌開発コンサルタント,エイショウカイハツコンサルタント,愛知県岡崎市洞町字宮ノ腰５-６,〒444-0008,0564-26-1538,鈴木　尊博,スズキ　タカヒロ,(01)第0001637号
株式会社ａ－Ｎｅｔ,エネット,愛知県岡崎市日名南18-5　三峯ビル２階,〒444-0915,0564-65-7180,有島　忠,アリシマ　タダシ,(02)第0001409号
株式会社トーク開発,トークカイハツ,愛知県岡崎市北野町字下池17-5,〒444-0951,0564-32-4282,浅井　義夫,アサイ　ヨシオ,(02)第0000624号
株式会社不動産ＳＯＳ,フドウサンエスオーエス,愛知県海部郡蟹江町本町6-29,〒497-0034,0567-94-0086,細川　勝矢,ホソカワ　カツヤ,(02)第0000735号
丸七住宅株式会社,マルシチジュウタク,愛知県額田郡幸田町大字深溝字以立山１６－７,〒444-0124,0564-62-5814,岩本　敦行,イワモト　ノブユキ,(02)第0000331号
株式会社荒川不動産資産コンサルティング,アラカワフドウサンシサンコンサルティング,愛知県蒲郡市三谷北通2-59,〒443-0022,0533-65-9723,荒川　政吉,アラカワ　マサヨシ,(01)第0001992号
株式会社神屋不動産,カミヤフドウサン,愛知県刈谷市神明町７－３０３－１,〒448-0034,0566-22-1856,神谷　典亜,カミヤ　ノリツグ,(02)第0000302号
株式会社エイディーノウビ,エイディーノウビ,愛知県刈谷市相生町３－３,〒448-8525,0566-63-6282,中島　太,ナカシマ　フトシ,(01)第0000921号
株式会社アパートセンターオカモト,アパートセンターオカモト,愛知県刈谷市東刈谷町1-11-1,〒440-0807,0566-21-0787,中島　亮,ナカシマ　マコト,(02)第0000155号
三宝ライフサービス株式会社,サンポウライフサービス,愛知県刈谷市東刈谷町１-６-２,〒448-0807,0566217471,三浦　重剛,ミウラ　シゲヨシ,(01)第0001252号
松岡一産業株式会社,マツオカハジメサンギョウ,愛知県江南市古知野町牧森211-1　ＭＫビル３Ｆ,〒483-8278,0587-56-2684,松岡　博年,マツオカ　ヒロトシ,(02)第0001410号
株式会社クワケン,クワケン,愛知県江南市今市場町宮前78番地,〒483-8182,0587-54-0011,田口　学,タグチ　マナブ,(02)第0001100号
株式会社八大不動産,ハチダイフドウサン,愛知県高浜市二池町２-７-８,〒444-1322,0566-52-6063,神谷　昌明,カミヤ　マサアキ,(02)第0000146号
株式会社ネバーエンド,ネバーエンド,愛知県高浜市本郷町２－３－１　Ｍ＆Ｍ　１Ｆ,〒444-1311,0566-54-0515,市川　直起,イチカワ　ナオキ,(02)第0000639号
株式会社メンテナンス,メンテナンス,愛知県春日井市大和通２－４１－１,〒486-0944,0568-32-3939,河合　明,カワイ　アキラ,(01)第0002027号
株式会社ライフプランニング,ライフプランニング,愛知県春日井市鳥居松町８-３２-１,〒486-0844,0568-85-0557,久保　龍児,クボ　リュウジ,(01)第0002304号
有限会社サンプロジェクト,サンプロジェクト,愛知県春日井市白山町5-21-2,〒487-0034,0568-52-5315,三吉　学,ミヨシ　マナブ,(01)第0000796号
栗木商事株式会社,クリキショウジ,愛知県小牧市岩崎1940,〒485-0011,0568-77-7588,栗木　秀樹,クリキ　ヒデキ,(01)第0002299号
株式会社ライフアセット,ライフアセット,愛知県小牧市小牧5-368,〒485-0041,0568-73-7733,不破　佳次,フワ　ヨシツグ,(01)第0002876号
株式会社オンテック,オンテック,愛知県小牧市大字三ツ渕字西之坪１１３８,〒485-0075,0568723631,酒井　俊子,サカイ　トシコ,(01)第0001638号
株式会社アルヴェスタ,アルヴェスタ,愛知県小牧市中央１－２７９,〒485-0029,0568-41-0222,桐山　浩二,キリヤマ　コウジ,(01)第0002648号
有限会社オフィスキャッチ,オフィスキャッチ,愛知県瀬戸市共栄通１-３８-４,〒489-0809,0561-21-1322,岡本　則和,オカモト　ノリカズ,(02)第0000457号
星惣,ホシソウ,愛知県瀬戸市蔵所町６番地,〒489-0813,0561-82-3558,浅野　正己,アサノ　マサミ,(01)第0002652号
株式会社イースタイルホームズ,イースタイルホームズ,愛知県清須市寺野美鈴13,〒452-0908,052-799-7354,小澤　豊子,オザワ　トヨコ,(01)第0000818号
株式会社ウィズコーポレーション,ウィズコーポレーション,愛知県清須市土器野１４５　スカイフォーラム１Ｆ,〒452-0914,052-400-4021,渡辺　健太郎,ワタナベ　ケンタロウ,(02)第0000309号
株式会社西農開発,ニシノウカイハツ,愛知県西尾市神下町８,〒445-0823,0563-57-8856,齋藤　種治,サイトウ　タネジ,(01)第0001255号
野村開発株式会社,ノムラカイハツ,愛知県知立市南陽1-132,〒472-0004,0566-81-1736,野村　智之,ノムラ　トモユキ,(01)第0001994号
正光建設株式会社,セイコウケンセツ,愛知県長久手市戸田谷202,〒480-1124,0561-63-7788,岡田　泰徳,オカダ　ヤスノリ,(01)第0002028号
株式会社イズミヤ,イズミヤ,愛知県津島市愛宕町８-３４-１ ＳＫビル１階,〒496-0036,0567-24-0012,相馬　建治,ソウマ　ケンジ,(02)第0000475号
株式会社アーバン,アーバン,愛知県津島市神守町字二ノ割46番地,〒496-0005,0567-24-1101,平野　広司,ヒラノ　ヒロシ,(02)第0000179号
株式会社ハッピー,ハッピー,愛知県東海市中央町7-16,〒476-0013,0562-32-6260,沼澤　辰夫,ヌマザワ　タツオ,(02)第0002294号
株式会社沢田工務店,サワダコウムテン,愛知県半田市幸町１－３０,〒475-0814,0569-23-0237,澤田　貞雄,サワダ　サダオ,(02)第0002900号
株式会社チタコーポレーション,チタコーポレーション,愛知県半田市昭和町1-15-1,〒475-0922,0569262050,三好　修,ミヨシ　オサム,(02)第0002870号
株式会社リブコーポレーション,リブコーポレーション,愛知県半田市東郷町4-103-10,〒475-0924,0569-25-4399,竹村　哲洙,タケムラ　テツジ,(01)第0002576号
株式会社スミヨシ,スミヨシ,愛知県半田市柊町５－１６－２６,〒475-0916,0569-22-5088,住田　春彦,スミタ　ハルヒコ,(02)第0000317号
株式会社地仙,チセン,愛知県豊橋市花中町１４４－５,〒441-8032,0532-32-2833,野口　基宏,ノグチ　モトヒロ,(01)第0001286号
有限会社栄地所,サカエジショ,愛知県豊橋市橋良町字向山４-９,〒441-8063,0532-46-2602,鈴木　章浩,スズキ　アキヒロ,(01)第0003086号
冨士物産株式会社,フジブッサン,静岡県浜松市中区早馬町３-５,〒430-0916,053-453-5137,渥美　誠,アツミ　マコト,(02)第0001248号
東海建物株式会社,トウカイタテモノ,愛知県豊橋市前田町2-1-23,〒440-0814,0532-53-1186,花田　麻未,ハナダ　マミ,(01)第0001254号
ニンジャ不動産株式会社,ニンジャフドウサン,愛知県豊橋市柱六番町146,〒441-8058,0532-48-8616,服部　憲勇,ハットリ　ノリオ,(02)第0000130号
ノリカツコーポレーション株式会社,ノリカツコーポレーション,愛知県豊橋市東森岡1-8-7,〒441-1113,0532870301,初鹿　憲彦,ハツシカ　ノリヒコ,(02)第0000153号
有限会社三州屋地所,サンシュウヤジショ,愛知県豊田市花園町屋敷12,〒473-0924,0565-52-5677,寺田　良彦,テラダ　ヨシヒコ,(02)第0000446号
株式会社Ｍｏｄｅｒｎ　Ｌｅａｓｉｎｇ,モダンリーシング,愛知県豊田市若宮町1-26,〒471-0026,0565378788,坂井　優,サカイ　ユウ,(01)第0002305号
株式会社ユニホー,ユニホー,愛知県名古屋市名東区一社3-7,〒465-0093,052-703-1111,丹羽　紀人,ニワ　ノリヒト,(02)第0001250号
株式会社美?,ビトク,愛知県豊田市小坂本町1-15-8,〒471-0034,0565-31-5000,原田　慎一郎,ハラダ　シンイチロウ,(01)第0000236号
株式会社伍代,ゴダイ,愛知県豊田市水源町３－２６－６,〒471-0832,0565-26-6667,鈴木　丈章,スズキ　タケアキ,(02)第0000323号
あいち豊田農業協同組合,アイチトヨタノウギョウキョウドウクミアイ,愛知県豊田市西町4-5,〒471-8511,0565-31-2326,石川　尚人,イシカワ　ナオト,(01)第0001757号
株式会社Ｍ－ｆｏｒｔ,エムフォート,愛知県豊明市前後町善江1678-1,〒470-1151,0562-85-2201,伊串　一久,イグシ　カズヒサ,(01)第0001124号
牧昇土地株式会社,マキショウトチ,愛知県北名古屋市九之坪竹田172-1,〒481-0041,0568-23-0666,阿部　英幸,アベ　ヒデユキ,(01)第0002872号
西春師勝土地株式会社,ニシハルシカツトチ,愛知県北名古屋市西之保清水田25番地,〒481-0033,0568-21-1211,沖野　満,オキノ　ミツル,(02)第0001091号
エイイチ工業不動産有限会社,エイイチコウギョウフドウサン,愛知県名古屋市港区東海通4-２-３,〒455-0002,0523825735,尾崎　明子,オザキ　アキコ,(01)第0001997号
日生産業株式会社,ニッセイサンギョウ,愛知県名古屋市守山区瀬古１-１００４,〒463-0068,052-794-7133,生田　雄大,イクタ　ユウダイ,(01)第0001389号
有限会社守山土地,モリヤマトチ,愛知県名古屋市守山区西島町14-16,〒463-0015,052-737-3560,大島　清司,オオシマ　キヨシ,(01)第0002578号
志水不動産株式会社,シミズフドウサン,愛知県名古屋市守山区大森１-２４０１,〒463-0021,052-798-1233,志水　昭文,シミズ　アキフミ,(02)第0001247号
株式会社Ｓ－ｐｏｉｎｔ,エスポイント,愛知県名古屋市中村区太閤通9-12,〒453-0811,052-486-1717,佐々木　永年,ササキ　ナガトシ,(02)第0002647号
株式会社マンセル,マンセル,愛知県名古屋市昭和区駒方町1-8,〒466-0832,052-832-5557,須賀　勝明,スガ　カツアキ,(01)第0000821号
有限会社アクセスマネジメント,アクセスマネジメント,愛知県名古屋市昭和区広路町字北石坂１０２－１４０,〒466-0834,052-893-7881,早川　光生,ハヤカワ　ミツオ,(02)第0000477号
株式会社円昭,エンショウ,愛知県名古屋市昭和区紅梅町３－３,〒466-0031,052-841-2701,前田　由紀夫,マエダ　ユキオ,(02)第0000310号
株式会社イー・アール・エス,イーアールエス,愛知県名古屋市昭和区川名本町4-19,〒466-0855,052-757-3011,服部　義雄,ハットリ　ヨシオ,(02)第0002295号
ＰＭＣ株式会社,ピーエムシー,愛知県名古屋市瑞穂区彌富町字円山25,〒467-0033,0528346901,矢野　雄一郎,ヤノ　ユウイチロウ,(02)第0001096号
株式会社アルソル,アルソル,愛知県名古屋市西区栄生2-5-11,〒451-0052,052-433-1881,三輪　耕平,ミワ　コウヘイ,(02)第0001374号
Ｔーハウジング,ティーハウジング,愛知県名古屋市西区市場木町208,〒452-0805,052-504-3131,大竹　秀人,オオタケ　ヒデヒト,(01)第0002871号
株式会社ＬＥＡＦ,リーフ,愛知県名古屋市西区則武新町1-6-12,〒451-0051,052-414-5591,牧山　龍実,マキヤマ　タツミ,(01)第0001641号
株式会社住和,ジュウワ,愛知県名古屋市西区中小田井3-406,〒452-0822,052-505-0021,田上　次春,タガミ　ツギハル,(02)第0001406号
株式会社ツジ建装,ツジケンソウ,愛知県名古屋市西区中沼町199,〒452-0845,052-908-3004,辻　公紀,ツジ　キミトシ,(02)第0001251号
株式会社ＤＬＰ,ディーエルピー,愛知県名古屋市千種区今池3-12-20,〒464-0850,052-753-7433,神田　修平,コウダ　シュウヘイ,(01)第0002875号
株式会社名古屋第一不動産,ナゴヤダイイチフドウサン,愛知県名古屋市千種区今池4-8-19,〒464-0850,052-731-4031,杉本　大志,スギモト　タイシ,(01)第0001126号
株式会社ＡＳ東海,エイエストウカイ,愛知県名古屋市千種区桜が丘294,〒464-0025,052-782-6810,長岡　豪,ナガオカ　ゴウ,(02)第0001371号
株式会社ランドアーズ,ランドアーズ,愛知県名古屋市千種区千種1-12-21,〒464-0858,052-753-8812,森　一樹,モリ　カズキ,(01)第0001993号
フェニックス・インベストメント株式会社,フェニックスインベストメント,愛知県名古屋市千種区田代本通３－１８,〒464-0827,052-764-2103,近藤　里佳,コンドウ　リカ,(02)第0000894号
エイシン株式会社,エイシン,愛知県名古屋市千種区内山3-31-17 ＫＡＫＯビル１階,〒464-0075,052-733-0008,田村　純一,タムラ　ジュンイチ,(01)第0001758号
株式会社五大トラスト,イツヒロトラスト,愛知県名古屋市中区栄1-29-19,〒460-0008,052-201-2728,山口　正雄,ヤマグチ　マサオ,(02)第0001099号
株式会社荘苑,ソウエン,愛知県名古屋市中区栄1-30-15,〒460-0008,052-212-0717,荒川　裕子,アラカワ　ユウコ,(02)第0002568号
ＭＥ　Ｒｅａｌ　Ｐａｒｔｎｅｒｓ株式会社,エムイーリアルパートナーズ,愛知県名古屋市中区栄2-2-21  アーク白川公園ビルディング別館3階,〒460-0008,052-228-9163,遠藤　浩史,エンドウ　ヒロシ,(01)第0001260号
エスリード賃貸株式会社,エスリードチンタイ,大阪府大阪市北区大淀南1-5-1,〒531-0075,06-6345-1842,松下　恒幸,マツシタ　ツネユキ,(01)第0001895号
株式会社真永通商,シンエイツウショウ,愛知県名古屋市中区栄3-33-2 真永栄ビル2階,〒460-0008,052-264-4867,千葉　護征,チバ　モリユキ,(02)第0000427号
株式会社東海会館,トウカイカイカン,愛知県名古屋市中区栄4-16-8,〒460-0008,0522512567,野田　直希,ノダ　ナオキ,(02)第0001373号
?松エステート株式会社,タカマツエステート,大阪府大阪市淀川区新北野１丁目１番２０号　?松ビルアネックス,〒532-0025,06-6308-5105,小松　晋治,コマツ　シンジ,(01)第0000666号
株式会社日立アーバンサポート,ヒタチアーバンサポート,東京都千代田区神田錦町３－７－１　興和一橋ビル７階,〒101-0054,03-6880-3700,佐伯　裕之,サヘキ　ヒロユキ,(02)第0003058号
三菱地所ハウスネット株式会社,ミツビシジショハウスネット,東京都新宿区北新宿２－２１－１,〒169-0074,03-6908-5560,平川　清士,ヒラカワ　キヨシ,(02)第0001483号
株式会社長谷工ライブネット,ハセコウライブネット,東京都港区芝３－８－２,〒105-0014,03-5419-9100,永谷　祥史,ナガタニ　ショウジ,(02)第0001062号
株式会社Ｔ－ＥＳＴＡＴＥ,ティーエステート,愛知県名古屋市中区丸の内2-17-22　丸の内桜通ビル5階,〒460-0002,052-228-9931,森下　卓哉,モリシタ　タクヤ,(01)第0000788号
株式会社ビルプランナー,ビルプランナー,愛知県名古屋市中区丸の内2-18-14,〒460-0002,052-218-4555,山城　徹也,ヤマシロ　テツヤ,(02)第0002898号
株式会社リオ・コンサルティング,カブシキガイシャリオコンサルティング,東京都千代田区永田町2-12-4,〒100-0014,03-5156-8887,小杉　裕康,コスギ　ヒロヤス,(02)第0001719号
株式会社エルシティ,エルシティ,愛知県名古屋市中区丸の内3-16-19,〒460-0002,0522537350,酒井　信彰,サカイ　ノブアキ,(01)第0002297号
スタイルプラスビジネスサポート株式会社,スタイルプラスビジネスサポート,愛知県名古屋市中区丸の内3-19-23　第５FPSビル２階,〒460-0002,052-955-6667,北　陽介,キタ　ヨウスケ,(02)第0001282号
株式会社リュックス,カブシキガイシャリュックス,東京都千代田区内幸町1丁目1番1号,〒100-0011,03-3508-0860,酒井　宏彰,サカイ　ヒロアキ,(01)第0001148号
株式会社ＢＲＡＮＤＩＮＧ,ブランディング,大阪府大阪市中央区博労町2丁目2番13号大阪堺筋ビル3F,〒541-0059,06-6809-4928,羽里　直樹,ハリ　ナオキ,(01)第0002835号
株式会社グランツホーム,グランツホーム,愛知県名古屋市中区丸の内３－１９－５,〒460-0002,052-959-2929,大岩　秀司,オオイワ　シュウジ,(02)第0002026号
中央建託株式会社,チュウオウケンタク,愛知県名古屋市中区丸の内３－９－１６　丸の内ビルＹＳビル８階,〒460-0002,052-957-2122,伊神　聡一,イガミ　ソウイチ,(02)第0000895号
株式会社三和アイシス,サンワアイシス,大阪府大阪市中央区久太郎町3-6-8-12,〒541-0056,06-6282-0702,松尾　永浩,マツオ　ナガヒロ,(01)第0001654号
株式会社ＭＤＩ,カブシキガイシャエムディアイ,東京都中央区銀座4-12-15 歌舞伎座タワー10階,〒104-0061,03-3544-2650,井村　航,イムラ　コウ,(01)第0002614号
株式会社レナックス,レナックス,愛知県名古屋市中区錦3-13-17 田中ビル3階,〒460-0003,052-962-5466,中林　正人,ナカバヤシ　マサト,(01)第0001639号
ミソノ商事株式会社,ミソノショウジ,愛知県名古屋市中区錦１－１１－１,〒460-0003,052-231-5725,千田　昌孝,チダ　マサタカ,(02)第0001131号
株式会社ハウスメイトマネジメント,ハウスメイトマネジメント,東京都豊島区東池袋３－１－１　サンシャイン６０　４１Ｆ,〒170-6041,03-3590-0964,井關　豊,イセキ　ユタカ,(02)第0000332号
株式会社ハウスメイトパートナーズ,ハウスメイトパートナーズ,東京都豊島区東池袋３－１－１,〒170-6041,03-3590-0911,井關　豊,イセキ　ユタカ,(02)第0000295号
住友林業レジデンシャル株式会社,スミトモリンギョウレジデンシャル,東京都新宿区新宿２－１９－１　ビッグス新宿ビル４階,〒160-0022,03-3350-8731,檜垣　隆久,ヒガキ　タカヒサ,(02)第0002491号
グローバルコミュニティ株式会社,グローバルコミュニティ,大阪府大阪市中央区博労町３－３－７,〒541-0059,06-7711-9680,金子　浩之,カネコ　ヒロユキ,(02)第0002539号
丸紅リアルエステートマネジメント株式会社,マルベニリアルエステートマネジメント,東京都港区芝５－２０－６,〒108-0014,03-5419-1980,吉田　隆太郎,ヨシダ　リュウタロウ,(01)第0002106号
高光トラスト株式会社,タカコウトラスト,愛知県名古屋市中区古渡町１８－８,〒460-0025,052-323-5238,河野　貴紀,カワノ　タカノリ,(02)第0000608号
株式会社コープランド,コープランド,愛知県名古屋市中区三の丸1-13-6,〒460-0001,052-253-6662,土屋　幸四郎,ツチヤ　コウシロウ,(02)第0000156号
株式会社リードワン,リードワン,愛知県名古屋市中区上前津2-13-19,〒460-0013,052-350-5655,服部　富雄,ハットリ　トミオ,(02)第0001633号
日本管理センター株式会社,ニホンカンリセンター,東京都千代田区丸の内３－４－２,〒100-0005,050-1748-1242,武藤　英明,ムトウ　ヒデアキ,(02)第0001753号
エステイトアクティフ株式会社,エステイトアクティフ,愛知県名古屋市中区新栄２－２－１　イノフィス３階,〒460-0007,052-261-2706,加藤　剛司,カトウ　コウジ,(02)第0000645号
三井ホームエステート株式会社,ミツイホームエステートカブシキガイシャ,東京都千代田富士見2-3-11,〒102-0071,03-5226-3733,谷川　裕一,タニカワ　ユウイチ,(02)第0001833号
株式会社フクマル,フクマル,愛知県名古屋市中区正木４－１０－１５,〒460-0024,052-681-6861,杉本　高男,スギモト　タカオ,(01)第0000923号
株式会社三恵建物管理,サンケイタテモノカンリ,愛知県名古屋市中区千代田５-１１-３１,〒460-0012,052-265-3831,木戸　英貴,キド　ヒデキ,(01)第0000805号
中京ハウジング株式会社,チュウキョウハウジング,愛知県名古屋市中区千代田５-１１-３３,〒460-0012,052-269-2220,東原　相信,トウハラ　ソウシン,(02)第0002570号
株式会社エポックＰＭＣ,エポックピーエムシー,愛知県名古屋市中区大須3-31-22,〒460-0011,052-253-8734,磯和　伸治,イソワ　シンジ,(01)第0002874号
株式会社クルーズ,クルーズ,愛知県名古屋市中区富士見町３―７,〒460-0014,052-321-3331,早田　紀代子,ハヤタ　キヨコ,(02)第0000016号
株式会社丸万不動産,マルマンフドウサン,愛知県名古屋市中川区万町１２１２,〒454-0872,052-351-5022,山田　憲司,ヤマダ　ケンジ,(01)第0001285号
株式会社泉不動産,イズミフドウサン,愛知県名古屋市中村区井深町１５－１７,〒453-0012,052-452-8900,小酒井　比呂志,コザカイ　ヒロシ,(01)第0002307号
セキムラエステート株式会社,セキムラエステート,愛知県名古屋市中村区横前町６６　グランドール横前２０３,〒453-0864,052-413-7571,二村　伝治,フタムラ　デンジ,(01)第0000379号
株式会社ワイズハウス,ワイズハウス,愛知県名古屋市中村区十王町６－１７第１三鈴ビル1階Ａ号室,〒453-0035,052-485-5481,伊藤　裕治,イトウ　ユウジ,(01)第0000234号
アイリンク株式会社,アイリンク,愛知県名古屋市中村区則武１－２２－２　メゾンi １B号,〒453-0014,052-462-8834,久野　善行,クノ　ヨシユキ,(02)第0000314号
生和不動産保証株式会社,セイワフドウサンホショウ,大阪府大阪市福島区福島5-8-1生和福島駅上ビル7階,〒553-0003,06-6345-0662,黒田　順一,クロダ　ジュンイチ,(02)第0001999号
株式会社アレップス,カブシキガイシャアレップス,東京都千代田区岩本町2-6-10,〒101-0032,03-5687-2100,新田　泉,ニッタ　イズミ,(02)第0002607号
サムティプロパティマネジメント株式会社,サムティプロパティマネジメント,大阪府大阪市淀川区西宮原１－８－３９,〒532-0004,06-6399-8399,伊與田　順一,イヨダ　ジュンイチ,(02)第0002703号
株式会社みらいアセット,ミライアセット,愛知県名古屋市中村区名駅２-４５-７ 松岡ビル５階,〒450-0002,052-433-3866,白井　幸次,シライ　コウジ,(01)第0000568号
三井不動産レジデンシャルリース株式会社,ミツイフドウサンレジデンシャルリース,東京都新宿区西新宿2-1-1　新宿三井ビル,〒163-0405,03-5381-1031,疋田　武人,ヒキタ　タケト,(02)第0002349号
近鉄住宅管理株式会社,キンテツジュウタクカンリ,大阪府大阪市阿倍野区阿倍野筋１－１－４３,〒545-6090,06-7739-7610,?谷　守男,テツタニ　モリオ,(01)第0002256号
株式会社ケイアンドライフ,ケイアンドライフ,愛知県名古屋市天白区植田３－７１４,〒468-0051,052-808-7555,近藤　伸泰,コンドウ　ノブヤス,(02)第0000635号
株式会社長栄,チョウエイ,京都府京都市伏見区深草西浦町3丁目70番地第5長栄アストロビル,〒612-0029,075-343-1600,長田　修,オサダ　オサム,(02)第0000400号
株式会社ダイエースコープ,ダイエースコープ,愛知県名古屋市天白区平針３－１０１３,〒468-0011,052-800-2390,下郡　重美,シモゴオリ　シゲミ,(02)第0000325号
株式会社ウラヤマ,ウラヤマ,愛知県名古屋市東区葵２-３-２２,〒461-0004,052-933-4422,浦山　久与史,ウラヤマ　ヒサヨシ,(02)第0000164号
矢作ビル＆ライフ株式会社,ヤハギビルアンドライフ,愛知県名古屋市東区泉2-13-23,〒461-0001,052-936-7478,林　敏之,ハヤシ　トシユキ,(02)第0002901号
日本ハウズイング株式会社,ニホンハウズイング,東京都新宿区新宿１－３１－１２,〒160-8410,03-5379-4141,小佐野　台,オサノ　ウテナ,(02)第0001009号
株式会社鈴木不動産,スズキフドウサン,愛知県名古屋市東区泉２-１５-２０,〒461-0001,052-931-3000,鈴木　晶博,スズキ　マサヒロ,(02)第0001093号
セキスイハイム不動産株式会社,セキスイハイムフドウサン,東京都新宿区西新宿2-6-1新宿住友ビル28階,〒163-0228,03-5324-7887,大和屋　学,ヤマトヤ　マナブ,(02)第0001709号
有限会社ジー・エム・アールコーポレーション,ジーエムアールコーポレーション,愛知県名古屋市東区東桜2-13-9,〒461-0005,0529797222,安達　恒人,アダチ　ツネト,(02)第0000496号
アパルトマンエージェント株式会社,アパルトマンエージェント,大阪府吹田市江坂町１－１８－８　江坂パークサイドスクエア６階,〒564-0063,06-6821-2201,樋口　次郎,ヒグチ　ジロウ,(02)第0003061号
株式会社東桜都市建築事務所,ヒガシサクラトシケンチクジムショ,愛知県名古屋市東区東桜２－１４－７,〒461-0005,052-932-2150,鈴木　聖三,スズキ　ショウゾウ,(02)第0000307号
株式会社落合不動産事務所,オチアイフドウサンジムショ,愛知県名古屋市東区豊前町3-1-2,〒461-0034,052-936-0259,小川　浩司,オガワ　ヒロシ,(02)第0000176号
株式会社ファーストホーム,ファーストホーム,愛知県名古屋市南区豊田1-15-9,〒457-0841,052-698-2224,山内　義洋,ヤマウチ　ヨシヒロ,(01)第0001258号
宝コミュニティサービス株式会社,タカラコミュニティサービス,愛知県名古屋市熱田区神宮4-7-27,〒456-0031,056-683-8611,吉村　憲雄,ヨシムラ　ノリオ,(02)第0002899号
株式会社愛三不動産,アイサンフドウサン,愛知県名古屋市北区下飯田町4-38-2,〒462-0865,052-715-3313,三田　真名美,サンダ　マナミ,(01)第0001127号
資産管理サービス株式会社,シサンカンリサービス,岐阜県可児市桜ヶ丘３－２０３,〒509-0235,0574-64-5640,早瀬　功助,ハヤセ　コウスケ,(01)第0002649号
有限会社トライアス,トライアス,愛知県名古屋市北区東水切町４－５６－２　クレイタスパークＶ１階,〒462-0828,052-912-3836,二村　睦,ニムラ　ムツミ,(02)第0000871号
プロパティパートナーズ株式会社,プロパティパートナーズ,愛知県名古屋市北区平安2-15-56,〒462-0819,052-916-7098,各務　美樹範,カガミ　ミキノリ,(02)第0001411号
パナソニックホームズ不動産株式会社,パナソニックホームズフドウサン,大阪府豊中市新千里西町1-1-4,〒560-8543,06-6834-3816,飯代　努,イジロ　ツトム,(02)第0002003号
東名ホームズ株式会社,トウメイホームズ,愛知県名古屋市名東区一社2-66,〒463-0093,052-703-0026,坂部　智俊,サカベ　トモトシ,(02)第0002025号
株式会社ハート管理,ハートカンリ,愛知県名古屋市名東区貴船2-602,〒465-0058,0527342396,小栗　知人,オグリ　トモヒト,(01)第0000244号
勲和株式会社,クンワ,愛知県名古屋市名東区社が丘1-109,〒465-0051,052-703-1141,坂本　工治,サカモト　コウジ,(02)第0000095号
株式会社北村土地,キタムラトチ,愛知県名古屋市名東区上社2-210,〒465-0025,052-771-4111,北村　栄治,キタムラ　エイジ,(02)第0001756号
Ｋ．Ｓ．Ｉｎｔｅｒｎａｔｉｏｎａｌ株式会社,ケイエスインターナショナル,愛知県名古屋市名東区猪子石１－４１２　猪子石第３コーポラス４０８,〒465-0021,052-737-6576,田本　勝憲,タモト　カツノリ,(02)第0000343号
株式会社ティーマインヅ,ティーマインヅ,愛知県名古屋市名東区藤里町２８　STビル２A号室,〒465-0036,052-775-5593,宮藤　幸美,ミヤフジ　ユキミ,(01)第0002650号
株式会社万無,マム,愛知県名古屋市名東区明が丘108　明和ビル　202号室,〒465-0033,052-777-0071,行方　克豊,ナメカタ　カツトヨ,(02)第0000448号
西晃商事株式会社,セイコウショウジ,愛知県名古屋市緑区滝ノ水１-１１９,〒458-0021,052-899-1919,西尾　昭彦,ニシオ　アキヒコ,(02)第0000022号
緑信用農業協同組合,ミドリシンヨウノウギョウキョウドウクミアイ,愛知県名古屋市緑区潮見が丘2-325,〒458-0037,052-896-3271,小島　教正,コジマ　ノリマサ,(01)第0001284号
丸亀産業株式会社,マルカメサンギョウ,三重県松阪市高町450-1,〒515-0011,0598-53-9111,竹上　景太,タケガミ　ケイタ,(02)第0001283号
