﻿会社名,会社名フリガナ,住所,郵便番号,電話番号,代表氏名,代表氏名フリガナ,登録番号
有限会社徳永不動産,トクナガフドウサン,愛媛県伊予郡砥部町高尾田272,〒791-2101,089-958-5397,徳永　一慶,トクナガ　イッケイ,(01)第0000925号
株式会社よつば不動産,ヨツバフドウサン,愛媛県宇和島市大宮町2-1-18,〒798-0039,0895-28-7789,杉山　貴宏,スギヤマ　タカヒロ,(01)第0001332号
有限会社トヨハウス,トヨハウス,愛媛県宇和島市弁天町1-1-5,〒798-0006,0895-26-5310,豊田　佳秀,トヨダ　ヨシヒデ,(01)第0000218号
株式会社しまなみ地所,シマナミジショ,愛媛県今治市旭町3-2-10,〒794-0042,0898-22-1919,榎　祐輔,エノキ　ユウスケ,(01)第0001625号
株式会社トミナカ゛不動産商事,トミナガフドウサンショウジ,愛媛県今治市喜田村6-4-7,〒799-1502,0898-47-5561,母家　亜紀子,モヤ　アキコ,(02)第0000111号
株式会社エムエムハウス,エムエムハウス,愛媛県今治市常盤町4-2-8,〒794-0015,0898-25-8180,村上　榮一,ムラカミ　エイイチ,(02)第0001190号
有限会社ユーミーマンションあるかな,ユーミーマンションアルカナ,愛媛県四国中央市川之江町1978―2,〒799-0101,0896-58-8127,久保　安正,クボ　ヤスマサ,(02)第0001954号
一宮興産株式会社,イチミヤコウサン,愛媛県新居浜市西原町2-4-34,〒792-8584,0897-33-5502,齊藤　和彦,サイトウ　カズヒコ,(02)第0000392号
ジャストホーム株式会社,ジャストホーム,愛媛県四国中央市妻鳥町911-1,〒799-0113,0896-56-4270,星川　勉,ホシカワ　ツトム,(02)第0000641号
株式会社ジャストプロパティ,ジャストプロパティ,愛媛県四国中央市妻鳥町911-1,〒799-0113,0896-56-4273,星川　勉,ホシカワ　ツトム,(01)第0001438号
株式会社コスモス,コスモス,愛媛県四国中央市妻鳥町１１２１,〒799-0113,0896-22-3540,合田　久,ゴウダ　ヒサシ,(01)第0001956号
大進建設株式会社,ダイシンケンセツ,愛媛県松山市一番町1-15-1,〒790-0001,089-935-5005,兵頭　寛昭,ヒョウドウ　ヒロアキ,(01)第0002248号
積水ハウス不動産中国四国株式会社,セキスイハウスフドウサンチュウゴクシコク,広島県広島市中区小町1番25号,〒730-0041,082-249-2105,佐々木　邦裕,ササキ　クニヒロ,(02)第0002163号
株式会社レーベンコミュニティ,レーベンコミュニティ,東京都千代田区三番町６－１４,〒102-0075,03-6880-1990,保東　實,ホトウ　ミノル,(02)第0001739号
株式会社ミツワ都市開発,ミツワトシカイハツ,愛媛県松山市勝山町2-4-7,〒790-0878,089-933-3339,佐伯　政則,サイキ　マサノリ,(01)第0002547号
株式会社ひまり不動産,ヒマリフドウサン,愛媛県松山市小栗３-5-16,〒790-0036,089-915-6660,岡田　誠,オカダ　マコト,(01)第0001624号
株式会社マーチュリー不動産,マーチュリーフドウサン,愛媛県松山市松前町2-8-2,〒790-0812,089-915-1107,大濱　正幸,オオハマ　マサユキ,(01)第0001627号
愛媛建物株式会社,エヒメタテモノ,愛媛県松山市平和通4-3-9,〒790-0807,089-922-3335,清家　剛,セイケ　ツヨシ,(01)第0001626号
株式会社ハウスメイトパートナーズ,ハウスメイトパートナーズ,東京都豊島区東池袋３－１－１,〒170-6041,03-3590-0911,井關　豊,イセキ　ユタカ,(02)第0000295号
株式会社ＮＹホーム,エヌワイホーム,愛媛県大洲市中村229-13,〒795-0054,0893-57-6200,松岡　秀夫,マツオカ　ヒデオ,(01)第0000597号
株式会社ハウスメイトマネジメント,ハウスメイトマネジメント,東京都豊島区東池袋３－１－１　サンシャイン６０　４１Ｆ,〒170-6041,03-3590-0964,井關　豊,イセキ　ユタカ,(02)第0000332号
株式会社杉住宅,スギジュウタク,愛媛県松山市柳井町１－１３－８,〒790-0014,089-947-5004,中川　あゆみ,ナカガワ　アユミ,(01)第0003096号
株式会社コヴァエステート,コヴァエステート,愛媛県松山市朝生田町１－１５－１０,〒790-0952,089-948-0050,小林　昌三,コバヤシ　ショウゾウ,(02)第0000395号
松山大学生活協同組合,マツヤマダイガクセイカツキョウドウクミアイ,愛媛県松山市文京町４－２,〒790-8578,089-924-9262,寺嶋　健史,テラシマ　タケシ,(02)第0000924号
伊予鉄不動産株式会社,イヨテツフドウサン,愛媛県松山市平和通1－1－1,〒790-0807,089-941-1818,川中　一郎,カワナカ　イチロウ,(01)第0002702号
株式会社穴吹ハウジングサービス,アナブキハウジングサービス,香川県高松市紺屋町3-6　穴吹ハウジング中央通りBLD.5階,〒760-0027,087-822-3110,新宮　章弘,シングウ　アキヒロ,(02)第0002151号
株式会社　三福管理センター,サンプクカンリセンター,愛媛県松山市本町5-5-6,〒790-0811,089-925-6773,永井　俊昭,ナガイ　トシアキ,(02)第0000284号
中四国セキスイハイム不動産株式会社,チュウシコクセキスイハイムフドウサン,岡山県岡山市北区野田３－１－１８　安田ビル５階,〒700-0971,086-800-6550,八木　健次,ヤギ　ケンジ,(02)第0001982号
大東建託パートナーズ株式会社,ダイトウケンタクパートナーズ,東京都港区港南2-16-1,〒108-0075,03-6718-9102,佐藤　功次,サトウ　コウジ,(02)第0001723号
株式会社グッド不動産,グッドフドウサン,愛媛県新居浜市久保田町3-2-8,〒792-0026,0897-37-5910,佐伯　隆志,サエキ　タカシ,(02)第0001278号
株式会社ＬＡＮＤ　ＭＡＲＫ,ランドマーク,愛媛県新居浜市坂井町1-2-36,〒792-0821,0897-47-5005,菊池　将徳,キクチ　マサノリ,(02)第0001303号
有限会社マーへ゛ラス不動産,マーベラスフドウサン,愛媛県新居浜市坂井町2-2-23,〒792-0812,0897-31-3505,佐伯　澄男,サエキ　スミオ,(01)第0000217号
株式会社菅工務店,カンコウムテン,愛媛県新居浜市本郷2-1-10,〒792-0042,0897-41-6803,菅　公逸,カン　タカイチ,(01)第0002896号
株式会社佐伯物産,サイキブッサン,愛媛県東温市見奈良795ー1,〒791-0211,089-964-8500,佐伯　大地,サイキ　ダイチ,(01)第0002249号
