﻿会社名,会社名フリガナ,住所,郵便番号,電話番号,代表氏名,代表氏名フリガナ,登録番号
株式会社武田不動産,タケダフドウサン,新潟県阿賀野市中島町１４番１２号,〒959-2024,0250-62-2216,武田　真,タケダ　マコト,(02)第0000315号
新潟化成株式会社,ニイガタカセイ,新潟県見附市本町二丁目２番４号,〒954-0053,0258-62-1202,渡邊　和夫,ワタナベ　カズオ,(01)第0002857号
株式会社萩田換地,ハギタカンチ,新潟県佐渡市東大通1220番地7,〒952-1307,0259-52-2145,萩田　絢也,ハギタ　ジュンヤ,(02)第0001911号
株式会社新創美,シンソウビ,新潟県三条市新光町１６－３８,〒955-0057,0256-34-8240,知野　正弘,チノ　マサヒロ,(01)第0001790号
有限会社ウスタ不動産,ウスタフドウサン,新潟県三条市須頃2丁目13番地,〒955-0092,0256-34-7090,薄田　清輝,ウスダ　キヨテル,(01)第0002855号
小千谷産業株式会社,オヂヤサンギョウ,新潟県小千谷市本町1-3-3,〒947-0021,0258-82-3000,海津　勇一郎,カイヅ　ユウイチロウ,(01)第0000228号
株式会社カンエー・ハウジング,カンエーハウジング,新潟県上越市春日山町3-18-44,〒943-0807,025-527-6541,村松　誠,ムラマツ　マコト,(02)第0000386号
大東建託パートナーズ株式会社,ダイトウケンタクパートナーズ,東京都港区港南2-16-1,〒108-0075,03-6718-9102,佐藤　功次,サトウ　コウジ,(02)第0001723号
株式会社大正土地,タイショウトチ,新潟県新潟市江南区亀田緑町４－２－２２,〒950-0152,025-382-6461,新保　房機,シンボ　フサキ,(02)第0002686号
株式会社福寿興産,フクジュコウサン,新潟県新潟市西区寺尾２番６号,〒950-2052,025-267-6870,志賀　淳一朗,シガ　ジュンイチロウ,(01)第0001913号
株式会社葦原企画,アシハラキカク,新潟県新潟市西区小針２－３９－６,〒950-2022,025-233-6612,樋口　克也,ヒグチ　カツヤ,(02)第0002509号
株式会社ハートナーホーム,ハートナーホーム,新潟県新潟市西区大学南２丁目８番１８号,〒950-2111,025-263-8818,中野　循雄,ナカノ　ユキオ,(01)第0000530号
新潟プレハブ工業株式会社,ニイガタプレハブコウギョウ,新潟県新潟市中央区笹口２番２９号,〒950-0911,025-247-7117,河端　信雄,カワバタ　ノブオ,(01)第0000528号
ドアーズ株式会社,ドアーズ,新潟県長岡市古正寺町108番地1,〒940-2103,0258-21-3751,梅澤　聡,ウメザワ　サトシ,(01)第0001089号
有限会社ジョイフル,ジョイフル,新潟県新潟市中央区信濃町３番１０号,〒951-8152,025-265-0111,田中　正人,タナカ　マサト,(02)第0001909号
株式会社イエリス,イエリス,新潟県新潟市中央区信濃町７番２７号あけぼのマンション４０２号室,〒951-8152,025-311-6685,相田　祐太郎,アイダ　ユウタロウ,(02)第0002852号
株式会社ホームテック・旭,ホームテックアサヒ,新潟県新潟市中央区礎町通三ノ町２１４０－２,〒951-8055,025-246-2580,南場　明夫,ナンバ　アキオ,(02)第0002510号
株式会社Ｍ・Ｉ不動産管理,エムアイフドウサンカンリ,新潟県新潟市中央区東幸町1-15ナドービル2F,〒950-0906,025-384-8778,宮川　知久,ミヤカワ　トモヒサ,(02)第0001142号
株式会社新潟リアルティ,ニイガタリアルティ,新潟県新潟市中央区東大通1丁目7番10号　新潟セントラルビル9階,〒950-0087,025-385-7937,五十嵐　武尚,イカラシ　タケナオ,(01)第0002150号
株式会社ＩＮＰＥＸビジネスサービス,インペックスビジネスサービス,東京都港区赤坂５－３－１,〒107-6332,03-5572-0621,中村　寛,ナカムラ　ヒロシ,(02)第0001077号
株式会社ライブ開発,ライブカイハツ,新潟県新潟市中央区米山3丁目1番5号,〒950-0916,025-240-8858,桐生　克彬,キリュウ　カツアキ,(01)第0002853号
株式会社ライフサポート,ライフサポート,愛知県名古屋市熱田区波寄町１９－６　２階,〒456-0003,052-884-3263,森　英治,モリ　エイジ,(02)第0000327号
株式会社平松商事,ヒラマツショウジ,新潟県新潟市中央区弁天橋通３丁目１番１６号,〒950-0925,025-286-7515,平松　勝,ヒラマツ　マサル,(01)第0001548号
新潟司商事株式会社,ニイガタツカサショウジ,新潟県新潟市中央区万代1丁目1-32,〒950-0088,025-247-4206,渡辺　浩司,ワタナベ　コウジ,(02)第0001432号
株式会社ジー・エイチホーム管理,ジーエイチホームカンリ,新潟県新潟市中央区万代6丁目2番25号,〒950-0088,025-246-5606,後藤　健一,ゴトウ　ケンイチ,(02)第0001431号
株式会社ハマ不動産,ハマフドウサン,新潟県新潟市北区松浜東町2-4-58,〒950-3128,025-259-5211,小林　啓一郎,コバヤシ　ケイイチロウ,(01)第0001209号
有限会社長谷川不動産センター,ハセガワフドウサンセンター,新潟県新潟市北区石動１丁目23番地3,〒950-3327,025-388-8085,長谷川　武,ハセガワ　タケシ,(01)第0000801号
株式会社岩波不動産,イワナミフドウサン,新潟県新発田市富塚町1-4-1,〒957-0062,0254-26-1110,小栗　紀義,オグリ　アキヨシ,(01)第0002508号
有限会社ユタカ不動産,ユタカフドウサン,新潟県村上市山居町1丁目13番10号,〒958-0853,0254-52-5515,斎藤　裕三,サイトウ　ユウゾウ,(01)第0001550号
株式会社長岡土地,ナガオカトチ,新潟県長岡市東坂之上町３丁目４番地８,〒940-0066,0258-33-4844,野上　透,ノガミ　トオル,(02)第0002687号
有限会社信濃不動産,シナノフドウサン,新潟県長岡市美沢２丁目４９番地１,〒940-0856,0258-36-2620,田中　壮一,タナカ　ソウイチ,(01)第0001914号
ダイエープロビス株式会社,ダイエープロビス,新潟県長岡市宝4丁目2番地25,〒940-0016,0258-24-1110,権瓶　浩司,ゴンペイ　ヒロシ,(02)第0001434号
株式会社ゆざわ商事,ユザワショウジ,新潟県南魚沼郡湯沢町湯沢1丁目1番地７,〒949-6101,025-784-3198,?井　英樹,タカイ　ヒデキ,(01)第0001213号
有限会社ひまわりネットワーク,ヒマワリネットワーク,新潟県柏崎市宮場町9番23号,〒945-0827,0257-22-0851,田辺　勝史,タナベ　カツシ,(01)第0002854号
