﻿会社名,会社名フリガナ,住所,郵便番号,電話番号,代表氏名,代表氏名フリガナ,登録番号
株式会社スリーエー,スリーエー,滋賀県愛知郡愛荘町豊満491番5,〒529-1321,0749-42-2610,竹山　圭司,タケヤマ　ケイジ,(02)第0000174号
株式会社アムジェント,アムジェント,京都府京都市中京区新シ町通御池下る大文字町２３３番地８,〒604-8315,075-841-7722,田村　泰造,タムラ　タイゾウ,(01)第0000780号
株式会社エム・ジェイホーム,エムジェイホーム,滋賀県長浜市宮司町1126-2,〒526-0831,0749-65-5940,葛川　睦,クズカワ　アツシ,(01)第0001225号
株式会社エルアイシー,エルアイシー,滋賀県大津市大萱1丁目4-15,〒520-2144,077-544-4051,山口　俊和,ヤマグチ　トシカズ,(02)第0000399号
近江建物管理,オウミタテモノカンリ,滋賀県近江八幡市鷹飼町北１丁目10-10,〒523-0896,0748-33-5226,松山　俊則,マツヤマ　トシノリ,(01)第0002671号
株式会社オンテック,オンテック,愛知県小牧市大字三ツ渕字西之坪１１３８,〒485-0075,0568723631,酒井　俊子,サカイ　トシコ,(01)第0001638号
株式会社東和不動産,トウワフドウサン,滋賀県栗東市霊仙寺二丁目1-29,〒520-3035,077-554-1188,林　周作,ハヤシ　シュウサク,(01)第0001800号
タカヒサ不動産株式会社,タカヒサフドウサン,滋賀県湖南市三雲418番地,〒520-3221,0748-72-0001,上西　保,ジョウニシ　タモツ,(01)第0000544号
株式会社タツミ不動産,タツミフドウサン,滋賀県湖南市中央一丁目１７番地の１,〒520-3234,0748-72-3860,西岡　佳数,ニシオカ　ヨシカズ,(01)第0001670号
株式会社長栄,チョウエイ,京都府京都市伏見区深草西浦町3丁目70番地第5長栄アストロビル,〒612-0029,075-343-1600,長田　修,オサダ　オサム,(02)第0000400号
株式会社竹仁興産,タケニコウサン,滋賀県守山市吉身５－６－１３,〒524-0021,077-583-1231,北村　浩史,キタムラ　ヒロシ,(02)第0001215号
ハートフルマンション株式会社,ハートフルマンション,岐阜県可児市下恵土5433-1,〒509-0203,0574-61-2422,安江　孝文,ヤスエ　タカフミ,(02)第0001369号
株式会社一乘不動産カンパニー,イチジョウフドウサンカンパニー,滋賀県守山市守山二丁目14番35号,〒524-0022,077-514-1255,一乘　恒,イチジョウ　ヒサシ,(01)第0002532号
株式会社大生産業,タイセイサンギョウ,滋賀県野洲市小篠原1979,〒520-2331,077-586-3456,梅村　忠生,ウメムラ　タダオ,(01)第0000535号
グリーンハウスプラニング株式会社,グリーンハウスプラニング,大阪府大阪市中央区南船場１－１０－１９,〒542-0081,06-6266-8818,上田　真人,ウエダ　マサト,(02)第0001599号
積水ハウス不動産関西株式会社,セキスイハウスフドウサンカンサイ,大阪府大阪市北区大淀中1-1-30,〒531-6125,06-6440-3800,北田　康,キタダ　コウ,(02)第0001517号
株式会社ＣｏｍｅＡｌｉｖｅ,カムアライブ,滋賀県草津市西大路町9-7ウエストビレッジ101,〒525-0037,077-518-0077,長澤　真一郎,ナガサワ　シンイチロウ,(01)第0001780号
有限会社三王都市開発,サンオウトシカイハツ,滋賀県草津市草津３－１４－４５,〒525-0034,077-566-3017,藤田　修治,フジタ　シュウジ,(02)第0002262号
三王ホーム株式会社,サンオウホーム,滋賀県草津市草津３－１４－４５,〒525-0034,077-566-3017,藤田　修治,フジタ　シュウジ,(02)第0001930号
セキスイハイム不動産株式会社,セキスイハイムフドウサン,東京都新宿区西新宿2-6-1新宿住友ビル28階,〒163-0228,03-5324-7887,大和屋　学,ヤマトヤ　マナブ,(02)第0001709号
パナソニックホームズ不動産株式会社,パナソニックホームズフドウサン,大阪府豊中市新千里西町1-1-4,〒560-8543,06-6834-3816,飯代　努,イジロ　ツトム,(02)第0002003号
生和不動産保証株式会社,セイワフドウサンホショウ,大阪府大阪市福島区福島5-8-1生和福島駅上ビル7階,〒553-0003,06-6345-0662,黒田　順一,クロダ　ジュンイチ,(02)第0001999号
株式会社カインドサービス,カインドサービス,滋賀県草津市南草津三丁目1番地15,〒525-0050,077-565-9020,赤尾　剛,アカオ　ツヨシ,(02)第0001384号
株式会社ミニテック西日本,ミニテックニシニホン,京都府京都市下京区四条通新町東入月鉾町54,〒600-8492,075-253-1332,前田　恵一,マエダ　ケイイチ,(02)第0000061号
株式会社レック,レック,滋賀県草津市野路5-12-18,〒525-0059,077-563-1122,石澤　正義,イシザワ　マサヨシ,(02)第0000695号
株式会社コンクウェスト,コンクウェスト,滋賀県草津市野路１丁目12-16,〒525-0059,077-566-3232,河合　隆史,カワイ　タカシ,(02)第0000398号
株式会社ＥＳＬＩＮＱ,エスリンク,滋賀県草津市野路七丁目20番17号,〒525-0059,077-599-1334,岩野　大樹,イワノ　ダイキ,(01)第0001134号
株式会社エリッツ建物管理,エリッツタテモノカンリ,京都府京都市上京区下長者町通室町西入西鷹司町８　エリッツ御所ビル,〒602-8004,075-441-5110,田中　健敏,タナカ　タケトシ,(02)第0001665号
株式会社ピアライフ,ピアライフ,滋賀県大津市衣川１丁目１８番３１号,〒520-0244,077-573-6490,永井　茂一,ナガイ　シゲカズ,(01)第0001937号
大東建託パートナーズ株式会社,ダイトウケンタクパートナーズ,東京都港区港南2-16-1,〒108-0075,03-6718-9102,佐藤　功次,サトウ　コウジ,(02)第0001723号
ランドマークラー株式会社,ランドマークラー,大阪府枚方市大峰南町12-3,〒573-0145,072-859-8766,中平　一雄,ナカヒラ　カズオ,(02)第0000482号
有限会社膳所,ゼゼ,滋賀県大津市馬場1-7-16,〒520-0802,077-524-6190,磯野　靖,イソノ　ヤスシ,(02)第0000874号
有限会社エスポート,エスポート,滋賀県大津市尾花川11-26,〒520-0031,077-525-1275,渡邉　司朗,ワタナベ　シロウ,(01)第0001614号
株式会社スマートライフ,スマートライフ,滋賀県大津市本堅田５丁目２１－４ー2階,〒520-0242,077-535-9084,細川　量博,ホソカワ　カズヒロ,(01)第0000785号
滋賀不動産株式会社,シガフドウサン,滋賀県長浜市八幡中山町５３５番地の６,〒526-0021,0749-65-5588,伊藤　和真,イトウ　カズマ,(01)第0002268号
株式会社グッド・ライフ,グッドライフ,滋賀県長浜市八幡東町101番地1,〒526-0031,0749-68-1707,西堀　誠一,ニシボリ　セイイチ,(01)第0000537号
星和都市開発株式会社,セイワトシカイハツ,滋賀県東近江市八日市緑町18番5号,〒527-0023,0748-23-7165,上田　大輔,ウエダ　ダイスケ,(01)第0001578号
株式会社イズミ,イズミ,滋賀県彦根市駅東町11-5,〒522-0010,0749-27-3318,泉　藤博,イズミ　フジヒロ,(02)第0000039号
株式会社ハヤシ,ハヤシ,滋賀県彦根市高宮町1608-1,〒522-0201,0749-23-5151,林　秀光,ハヤシ　ヒデミツ,(02)第0001221号
株式会社フレンドハウス,フレンドハウス,滋賀県彦根市小泉町１０６番地の９,〒522-0043,0749-24-3335,澤渡　景一,サワタリ　ケイイチ,(02)第0000754号
有限会社ライフエージェントサービス,ライフエージェントサービス,滋賀県野洲市行畑柿ノ内８１３番地,〒520-2341,077-518-1888,若松　晃,ワカマツ　アキラ,(02)第0001554号
湖東開発株式会社,コトウカイハツ,滋賀県野洲市小篠原１２０５番地,〒520-2331,077-587-0333,辻本　淳子,ツジモト　アツコ,(02)第0001376号
