﻿会社名,会社名フリガナ,住所,郵便番号,電話番号,代表氏名,代表氏名フリガナ,登録番号
有限会社エメラルド開発,エメラルドカイハツ,沖縄県うるま市字江洲３６９番地１,〒904-2244,098-974-5223,宮城　康,ミヤギ　ヤスシ,(01)第0002655号
タマキホーム株式会社,タマキホーム,沖縄県那覇市壺川1丁目12番地8,〒900-0025,098-831-9285,玉城　公之,タマシロ　キミユキ,(02)第0000722号
株式会社琉信ハウジング,リュウシンハウジング,沖縄県那覇市松山２－３－１２,〒900-0032,098-868-1000,浦崎　永三十,ウラサキ　エイサト,(02)第0001986号
株式会社照正興産,テルマサコウサン,沖縄県島尻郡南風原町字与那覇５１１－１,〒901-1103,098-888-6633,照屋　圭太,テルヤ　ケイタ,(02)第0000287号
株式会社てだこ,テダコ,沖縄県浦添市当山二丁目5番6号,〒901-2104,098-943-3922,佐和田　健二,サワダ　ケンジ,(02)第0001817号
大東建託パートナーズ株式会社,ダイトウケンタクパートナーズ,東京都港区港南2-16-1,〒108-0075,03-6718-9102,佐藤　功次,サトウ　コウジ,(02)第0001723号
有限会社松屋,マツヤ,沖縄県沖縄市住吉１丁目４番１９号　松屋ビル　１０５・１０６号,〒904-0003,098-939-2168,金城　栄功,キンジョウ　エイコウ,(01)第0002404号
有限会社ＴＡＵＲＵＳ　ＨＯＵＳＩＮＧ,トォーラスハウジング,沖縄県沖縄市中央２－１７－２５　アーバンステージ宮里　１Ｆ,〒904-0004,098-987-8191,島　清次,シマ　キヨジ,(01)第0001436号
株式会社レキオスアセットマネジメント,レキオスアセットマネジメント,沖縄県那覇市真嘉比１－１－１,〒902-0068,098-941-3355,宜保　文雄,ギボ　フミオ,(01)第0001818号
株式会社レキオス,レキオス,沖縄県那覇市おもろまち四丁目１９番１６,〒902-0006,098-941-3355,宜保　文雄,ギボ　フミオ,(01)第0001605号
大鏡建設株式会社,ダイキョウケンセツ,沖縄県那覇市字小禄912,〒901-0152,098-857-1239,平良　修一,タイラ　シュウイチ,(02)第0001128号
住宅情報センター株式会社,ジュウタクジョウホウセンター,沖縄県宮古島市平良字西里1107-7,〒906-0012,0980-73-7505,佐和田　功,サワダ　イサオ,(02)第0001325号
沖縄ハウスリゾート株式会社,オキナワハウスリゾート,沖縄県国頭郡本部町山川５１６－２,〒905-0205,0980-48-3933,東　哲,ヒガシ　サトシ,(02)第0001326号
有限会社アイ・ホーム,アイホーム,沖縄県糸満市西崎2-17-13,〒901-0305,098-994-5988,喜納　弘治,キナ　コウジ,(01)第0001435号
八重山住宅サービス株式会社,ヤエヤマジュウタクサービス,沖縄県石垣市字新川2373-25,〒907-0024,0980-82-9971,黒島　栄作,クロシマ　エイサク,(02)第0000053号
株式会社イトマックス,イトマックス,沖縄県石垣市字真栄里284-1,〒907-0002,0980-87-7272,糸満　善,イトマン　タダシ,(01)第0000192号
有限会社フォーラム環,フォーラムタマキ,沖縄県石垣市字真栄里345番地9,〒907-0002,0980-82-0416,前里　喬史,マエザト　タカフミ,(02)第0001816号
株式会社南西不動産,ナンセイフドウサン,沖縄県石垣市字大川２０－５,〒907-0022,0980-83-7660,平良　長慶,タイラ　チョウケイ,(01)第0000922号
建物管理サービス,タテモノカンリサービス,沖縄県石垣市字登野城1451-5,〒907-0004,0980-83-0755,宮国　盛栄,ミヤグニ　セイエイ,(02)第0002408号
有限会社仲企画,ナカキカク,沖縄県石垣市字登野城623番地,〒907-0004,0980-83-8011,仲山　政之,ナカヤマ　マサユキ,(01)第0001985号
カンセイホーム石垣株式会社,カンセイホームイシガキ,沖縄県石垣市字平得128-3,〒907-0003,0980-88-8491,與那覇　寛榮,ヨナハ　カンエイ,(01)第0000586号
株式会社リアルエステートむつみ,リアルエステートムツミ,沖縄県石垣市登野城652-1小波本マンション?1階西,〒907-0004,0980-88-5666,水上　雅生,ミズカミ　マサオ,(01)第0001606号
有限会社朝日ハウジング,アサヒハウジング,沖縄県中頭郡西原町字翁長２４０番地の３,〒903-0117,098-946-6453,與儀　博常,ヨギ　ヒロツネ,(01)第0002791号
ＬｉｆｅＬｕｌｕ株式会社,ライフルル,沖縄県中頭郡読谷村字大湾356Ａ棟2階,〒904-0313,098-988-5081,与那覇　素直,ヨナハ　スナオ,(01)第0001608号
有限会社うふにし開発,ウフニシカイハツ,沖縄県中頭郡読谷村字波平８４５－５,〒904-0322,098-958-6880,渡嘉敷　唯一,トカシキ　タダカズ,(01)第0000246号
株式会社サン不動産,サンフドウサン,沖縄県中頭郡北谷町字浜川102-2　テルヤオフィス1F,〒904-0112,098-987-8015,桴海　俊明,フカイ　トシアキ,(01)第0002407号
株式会社サークル・ワン,サークルワン,沖縄県中頭郡北谷町字浜川２４３,〒904-0112,098-936-5333,仲田　敬,ナカダ　タカシ,(01)第0001437号
有限会社青空住宅,アオゾラジュウタク,沖縄県中頭郡北中城村字島袋601番5号（1階）,〒901-2301,098-932-1501,石川　孝治,イシカワ　コウジ,(01)第0002406号
ファミリー住宅,ファミリージュウタク,沖縄県那覇市安里２－４－３０,〒902-0067,098-862-3744,真榮城　孝,マエシロ　タカシ,(01)第0002405号
エクスト,エクスト,沖縄県那覇市寄宮1-9-12サンヴェール神原102,〒902-0064,098-987-4810,永野　泰生,ナガノ　ヤスオ,(02)第0002895号
株式会社すまいる住宅管理,スマイルジュウタクカンリ,沖縄県那覇市寄宮1丁目33番9号　コーポ金城101,〒902-0064,098-996-1500,玉城　勇進,タマシロ　ユウシン,(01)第0000573号
株式会社９２住宅,クニジュウタク,沖縄県那覇市久米２－２５－１０,〒900-0033,098-861-0409,嘉数　太一,カカズ　タイチ,(01)第0000249号
有限会社イレブン住宅,イレブンジュウタク,沖縄県那覇市金城２丁目１２番地の１４,〒901-0155,098-857-7398,赤嶺　秀正,アカミネ　ヒデマサ,(01)第0002556号
大晋建設株式会社,タイシンケンセツ,沖縄県那覇市古波蔵3-6-5,〒900-0024,098-831-7777,大城　壮司,オオシロ　ソウシ,(02)第0001984号
株式会社ハウスバンクＷＡＴＡＲＩ,ハウスバンクワタリ,沖縄県那覇市国場５１２　ワタリアパート１階,〒902-0075,098-853-7777,渡慶次　明,トケシ　アキラ,(01)第0001990号
株式会社ハウスメイトマネジメント,ハウスメイトマネジメント,東京都豊島区東池袋３－１－１　サンシャイン６０　４１Ｆ,〒170-6041,03-3590-0964,井關　豊,イセキ　ユタカ,(02)第0000332号
有限会社サウスエステート沖縄,サウスエステートオキナワ,沖縄県那覇市字与儀373-7,〒902-0076,098-835-4878,仲座　透,ナカザ　トオル,(02)第0002894号
株式会社ハウスセンター,ハウスセンター,沖縄県那覇市首里汀良町2丁目23番地　儀間アパート1階,〒903-0806,098-885-8589,山内　沢也,ヤマウチ　タクヤ,(01)第0001819号
有限会社新地開発,シンチカイハツ,沖縄県那覇市首里汀良町3-101-3,〒903-0806,098-884-3711,下地　健治,シモジ　ケンジ,(02)第0000100号
株式会社オキナ開発,オキナカイハツ,沖縄県那覇市首里当蔵町３－２１,〒903-0812,098-887-5774,屋宜　盛夫,ヤギ　モリオ,(01)第0001607号
オロク商会株式会社,オロクショウカイ,沖縄県那覇市小禄1-27-15,〒901-0152,098-858-0069,具志　浩和,グシ　ヒロカズ,(02)第0002801号
ＦＲＥＥ　ＳＴＹＬＥ,フリースタイル,沖縄県那覇市泉崎１－６－１　ゼニス南西１階,〒900-0021,098-866-3136,玉城　朋之,タマキ　トモユキ,(02)第0000884号
有限会社コスモ・エンタープライズ,コスモエンタープライズ,沖縄県那覇市牧志2-7-22,〒900-0013,0988661771,泉川　寛壽朗,イズミカワ　カンジュロウ,(01)第0000274号
株式会社五洋開発,ゴヨウカイハツ,沖縄県那覇市牧志2丁目19番14号,〒900-0013,098-866-0801,宮城　普二寿,ミヤギ　フジトシ,(01)第0003080号
株式会社ライフコーポレーション,ライフコーポレーション,沖縄県豊見城市宜保3-1-1ロイヤルビル101号,〒901-0244,098-850-2222,金城　秀人,キンジョウ　ヒデト,(02)第0002802号
株式会社日高総業,ヒダカソウギョウ,沖縄県豊見城市宜保５丁目１番地１９カーサ・ブランカ１０１,〒901-0244,098-850-4588,座安　正裕,ザヤス　セイユウ,(01)第0002800号
株式会社東洋ハウジング,トウヨウハウジング,沖縄県豊見城市字根差部587,〒901-0205,098-850-4722,金城　浩三,キンジョウ　ヒロミツ,(02)第0002225号
有限会社大盛ハウジング,タイセイハウジング,沖縄県名護市宮里1-10-14,〒905-0011,0980-54-2050,渡慶次　悟,トケシ　サトル,(01)第0002555号
株式会社丸山不動産,マルヤマフドウサン,沖縄県名護市大北一丁目２３番２号,〒905-0019,0980-54-3054,津波　隆太,ツハ　リュウタ,(01)第0001988号
