﻿会社名,会社名フリガナ,住所,郵便番号,電話番号,代表氏名,代表氏名フリガナ,登録番号
株式会社不動産カンパニー,フドウサンカンパニー,静岡県伊東市吉田671-3,〒414-0051,0557-44-4070,塩地　弘尚,シオジ　ヒロヒサ,(01)第0000230号
プラスライン株式会社,プラスライン,静岡県伊東市玖須美元和田１８７－８,〒414-0045,0557-55-9250,樋口　淳,ヒグチ　タダシ,(01)第0002301号
株式会社ライト・エステイト,ライトエステイト,静岡県岡崎市上池2-41-4,〒444-0823,0564-54-0106,手嶌　ひとみ,テシマ　ヒトミ,(02)第0001281号
ＫＯＮＯＩＫＥ　ＣＯ．株式会社,コウノイケコーポレーション,静岡県浜松市中区元城町216-11,〒430-0946,053-452-6113,外山　武志,トヤマ　タケシ,(02)第0001279号
大東建託パートナーズ株式会社,ダイトウケンタクパートナーズ,東京都港区港南2-16-1,〒108-0075,03-6718-9102,佐藤　功次,サトウ　コウジ,(02)第0001723号
遠州鉄道株式会社,エンシュウテツドウ,静岡県浜松市中区鍛冶町３１９－２８　遠鉄鍛冶町ビル２Ｆ,〒430-0933,053-454-2218,斉藤　薫,サイトウ　カオル,(02)第0000865号
マツシタプランニング有限会社,マツシタプランニング,静岡県掛川市成滝１６０,〒436-0085,0537-21-2222,松下　要一,マツシタ　ヨウイチ,(02)第0000652号
株式会社アライブ,アライブ,静岡県浜松市中区城北3-1-35,〒432-8011,053-476-7111,須山　雄造,スヤマ　ユウゾウ,(01)第0001640号
株式会社御殿場地所,ゴテンバジショ,静岡県御殿場市新橋１６１４－１,〒412-0043,0550-82-2489,矢後　芳博,ヤゴ　ヨシヒロ,(02)第0000283号
加和太建設株式会社,カワタケンセツ,静岡県三島市文教町1-5-15,〒410-0033,055-987-5541,河田　亮一,カワダ　リョウイチ,(02)第0001097号
有限会社ベストハウス,ベストハウス,静岡県三島市壱町田238-3,〒411-0025,055-980-6895,井上　智彦,イノウエ　トモヒコ,(02)第0001407号
株式会社ホームトピア・ダイバ,ホームトピア　ダイバ,静岡県三島市大場３９２－２,〒411-0803,055-977-9800,杉山　寛,スギヤマ　ヒロシ,(01)第0000381号
株式会社四季はうす,シキハウス,静岡県三島市東本町一丁目15番８号,〒411-0831,055-983-6660,鈴木　直司,スズキ　ナオシ,(02)第0000015号
株式会社アーネスト,アーネスト,静岡県三島市南田町2-31,〒411-0837,055-943-5005,土屋　昭次,ツチヤ　ショウジ,(01)第0001262号
静岡鉄道株式会社,シズオカテツドウ,静岡県静岡市葵区鷹匠1-1-1,〒420-8510,054-204-0072,川井　敏行,カワイ　トシユキ,(01)第0001259号
株式会社ＡＭＤ,エーエムディー,静岡県沼津市西椎路886-1,〒410-0303,055-969-3880,青木　実,アオキ　ミノル,(02)第0000103号
株式会社スルガ不動産総業,スルガフドウサンソウギョウ,静岡県沼津市大諏訪５９３番地の１,〒410-0873,0559260260,飯田　崇仁,イイダ　タカヨシ,(02)第0001370号
有限会社エース,エース,静岡県焼津市道原640-2,〒425-0055,054-624-8255,吉野　明,ヨシノ　アキラ,(01)第0001287号
東名地産株式会社,トウメイチサン,静岡県裾野市佐野８２０-１,〒410-1118,055-993-4281,赤沼　道也,アカヌマ　ミチヤ,(02)第0001372号
ＫＯＮＯＩＫＥ　ＣＯ．株式会社,コウノイケコーポレーション,静岡県浜松市中区元城町216-11,〒430-0946,053-452-6113,外山　武志,トヤマ　タケシ,(02)第0001279号
株式会社常不動産,ツネフドウサン,静岡県静岡市葵区屋形町２７－３,〒420-0028,054-253-2121,山田　常夫,ヤマダ　ツネオ,(02)第0000308号
株式会社アイワ不動産,アイワフドウサン,静岡県静岡市葵区常磐町1-8-6,〒420-0034,054-253-3911,関根　和孝,セキネ　カズタカ,(02)第0000003号
株式会社オチアイ,オチアイ,静岡県静岡市葵区紺屋町11-1,〒420-0852,054-251-8808,落合　隆信,オチアイ　タカノブ,(02)第0001634号
株式会社ミツワ建設,ミツワケンセツ,静岡県静岡市葵区昭府２－３５－５,〒420-0871,054-272-1228,白鳥　真弘,シラトリ　マサヒロ,(01)第0000687号
ヨシコン株式会社,ヨシコン,静岡県静岡市葵区常磐町１－４－１２,〒420-0034,054-274-0033,吉田　尚洋,ヨシダ　ナオヒロ,(02)第0002897号
株式会社第一管財,ダイイチカンザイ,静岡県静岡市葵区新富町6-5-8,〒420-0061,054-272-1364,中島　敦,ナカジマ　アツシ,(02)第0001090号
株式会社吉川不動産,ヨシカワフドウサン,静岡県静岡市葵区西草深町34-26,〒420-0866,0542955797,重森　正行,シゲモリ　マサユキ,(01)第0001642号
株式会社杜乃地所,モリノジショ,静岡県静岡市葵区相生町3-8,〒420-0838,054-248-8883,木村　兆志,キムラ　チョウジ,(02)第0001095号
株式会社第一不動産,ダイイチフドウサン,静岡県静岡市葵区田町５－１０－１,〒420-0068,054-272-1111,中島　敦,ナカジマ　アツシ,(02)第0000285号
株式会社千代田建設,チヨダケンセツ,静岡県静岡市葵区馬場町80番地の1,〒420-0867,054-252-2141,石川　雄一郎,イシカワ　ユウイチロウ,(02)第0000149号
有限会社城南ハウジング,ジョウナンハウジング,静岡県静岡市駿河区稲川1-1-5,〒422-8062,054-283-2010,山杢　久子,ヤマモク　ヒサコ,(01)第0000215号
株式会社ハウスメイトマネジメント,ハウスメイトマネジメント,東京都豊島区東池袋３－１－１　サンシャイン６０　４１Ｆ,〒170-6041,03-3590-0964,井關　豊,イセキ　ユタカ,(02)第0000332号
有限会社西部不動産,セイブフドウサン,静岡県静岡市駿河区下川原3-7-19,〒421-0113,054-257-0853,宮城島　久哉,ミヤギシマ　ヒサヤ,(01)第0000563号
プラスホーム株式会社,プラスホーム,静岡県静岡市駿河区曲金2-8-59,〒422-8006,054-280-0033,高林　浜之,タカバヤシ　ハマユキ,(01)第0002298号
冨士物産株式会社,フジブッサン,静岡県浜松市中区早馬町３-５,〒430-0916,053-453-5137,渥美　誠,アツミ　マコト,(02)第0001248号
フジ都市開発株式会社,フジトシカイハツ,静岡県静岡市駿河区国吉田１－７－３７,〒422-8004,054-264-7185,木内　藤丈,キウチ　フジヒロ,(01)第0000663号
有限会社創榮不動産,ソウエイフドウサン,静岡県静岡市駿河区手越原２４６,〒421-0131,0542572882,佐々木　厚,ササキ　アツシ,(02)第0000421号
有限会社アイ・テイ・ビー不動産,アイテイビーフドウサン,静岡県静岡市駿河区小鹿300-5,〒422-8021,0542874333,伊藤　文昭,イトウ　フミアキ,(01)第0002300号
株式会社久保不動産綜合事務所,クボフドウサンソウゴウジムショ,静岡県静岡市駿河区小鹿３-１７-１４,〒422-8021,054-285-8094,久保　一洋,クボ　カズヒロ,(01)第0001257号
株式会社ミニテック,ミニテック,東京都港区港南2-5-3,〒108-0075,03-5769-3209,大原　輝之,オオハラ　テルユキ,(01)第0001682号
平和ハウジング株式会社,ヘイワハウジング,静岡県富士市青葉町７,〒416-0952,0545-61-7000,久保田　紀之,クボタ　ノリユキ,(02)第0001092号
株式会社伊伝,イデン,静岡県静岡市駿河区大坪町2-2,〒422-8075,054-284-1525,渡邉　朗,ワタナベ　アキラ,(02)第0001280号
株式会社長谷工ライブネット,ハセコウライブネット,東京都港区芝３－８－２,〒105-0014,03-5419-9100,永谷　祥史,ナガタニ　ショウジ,(02)第0001062号
有限会社エス・ケー不動産本舗,エスケーフドウサンホンポ,静岡県静岡市駿河区有東2-2-27,〒422-8032,0542838945,近藤　行敏,コンドウ　ユキトシ,(02)第0000744号
株式会社田村不動産,タムラフドウサン,静岡県静岡市清水区有東坂2-365-1,〒424-0873,054-346-7450,田村　光一朗,タムラ　コウイチロウ,(01)第0001387号
株式会社オンテック,オンテック,愛知県小牧市大字三ツ渕字西之坪１１３８,〒485-0075,0568723631,酒井　俊子,サカイ　トシコ,(01)第0001638号
株式会社ライフデザインクリエイターズ,ライフデザインクリエイターズ,静岡県浜松市中区小豆餅４－２０－８,〒433-8113,053-570-3912,村木　政之,ムラキ　マサユキ,(01)第0002651号
有限会社あいる,アイル,静岡県藤枝市志太４－７－９,〒426-0071,054-646-5757,浦田　龍也,ウラタ　タツヤ,(01)第0000910号
株式会社ＩＢ管理センター,アイビーカンリセンター,静岡県藤枝市田沼4-5-8-1,〒426-0061,054-625-7227,内田　寿美,ウチダ　カズミ,(02)第0000751号
ロイヤルリゾート株式会社,ロイヤルリゾート,東京都新宿区西新宿７－１０－１,〒160-0023,03-5389-1111,木島　寛,キジマ　ヒロシ,(02)第0000615号
ベストライフ株式会社,ベストライフ,静岡県磐田市見付4482-2,〒438-0086,0538-36-8255,兵藤　則正,ヒョウドウ　ノリマサ,(01)第0002873号
株式会社ミツケ不動産,ミツケフドウサン,静岡県磐田市見付３７４３－２,〒438-0086,0538-32-3000,杉本　佳寿江,スギモト　カズエ,(01)第0000677号
伸光不動産株式会社,シンコウフドウサン,静岡県浜松市西区入野町6422-2,〒432-8061,053-448-0001,瀧本　健司,タキモト　ケンジ,(01)第0002577号
株式会社吉田不動産,ヨシダフドウサン,静岡県浜松市西区雄踏2-1-28,〒431-0103,053-592-3131,吉田　千秋,ヨシダ　チアキ,(01)第0001390号
株式会社Ｒｅ・ｌａｔｉｏｎ,リレーション,静岡県浜松市西区和知町６３１６,〒431-1115,053-523-6715,?橋　秀幸,タカハシ　ヒデユキ,(02)第0002024号
株式会社ヤマセ不動産,ヤマセフドウサン,静岡県浜松市中区曳馬5-24-33,〒433-0901,053-474-2188,加藤　隆康,カトウ　タカヤス,(01)第0000815号
ＫＯＮＯＩＫＥ　ＣＯ．株式会社,コウノイケコーポレーション,静岡県浜松市中区元城町216-11,〒430-0946,053-452-6113,外山　武志,トヤマ　タケシ,(02)第0001279号
ＫＯＮＯＩＫＥ　ＣＯ．株式会社,コウノイケコーポレーション,静岡県浜松市中区元城町216-11,〒430-0946,053-452-6113,外山　武志,トヤマ　タケシ,(02)第0001279号
スカイポート株式会社,スカイポート,静岡県浜松市中区高丘東1-2-39,〒433-8117,053-414-5557,齋藤　勝巳,サイトウ　カツミ,(02)第0000447号
第一伊藤建設株式会社,ダイイチイトウケンセツ,静岡県浜松市中区砂山町324-8　第一伊藤ビル8階,〒430-0926,0534571184,伊藤　卓見,イトウ　タクミ,(01)第0001995号
株式会社ナカノハウジング,ナカノハウジング,静岡県浜松市中区住吉１-３９-１２,〒430-0906,053-476-1388,中野　好英,ナカノ　ヨシヒデ,(02)第0000014号
株式会社アトラック,アトラック,静岡県浜松市中区鍛冶町1-2,〒430-0933,0534544551,竹内　陽介,タケウチ　ヨウスケ,(01)第0000529号
株式会社アート不動産,アートフドウサン,静岡県浜松市中区中央1-7-15,〒430-0929,053-458-3332,石原　基晴,イシハラ　モトハル,(01)第0000524号
株式会社丸八アセットマネージメント,マルハチアッセトマネージメント,静岡県浜松市中区田町223-21,〒430-0944,0534500812,平野　啓介,ヒラノ　ケイスケ,(02)第0000011号
株式会社シーズ静岡,シーズシズオカ,静岡県浜松市中区蜆塚3-16-23,〒432-8018,053-458-2668,古橋　美雪,フルハシ　ミユキ,(02)第0000747号
株式会社にわとり不動産,ニワトリフドウサン,静岡県浜松市東区原島町１６７－２,〒435-0047,0535691122,橋本　大輔,ハシモト　ダイスケ,(02)第0000653号
株式会社飯田組,イイダグミ,静岡県浜松市東区小池町673-3,〒435-0056,053-432-4060,倉田　寿久,クラタ　トシヒサ,(02)第0001375号
すずき不動産株式会社,スズキフドウサン,静岡県浜松市東区上西町33-20,〒435-0048,053-545-9134,鈴木　陽介,スズキ　ヨウスケ,(02)第0001098号
株式会社アスモ不動産,アスモフドウサン,静岡県浜松市東区中野町164-5,〒435-0004,053-423-2731,秋山　みどり,アキヤマ　ミドリ,(01)第0003085号
ＲＢＳ有限会社,アールビーエス,静岡県浜松市東区半田山４－２３－７,〒431-3125,053-443-8578,柄澤　公彦,カラサワ　キミヒコ,(01)第0001133号
株式会社ＬＥＡＦ,リーフ,愛知県名古屋市西区則武新町1-6-12,〒451-0051,052-414-5591,牧山　龍実,マキヤマ　タツミ,(01)第0001641号
有限会社弥生不動産,ヤヨイフドウサン,静岡県浜松市浜北区貴布祢523,〒434-0038,053-587-0030,小川　秀和,オガワ　ヒデカズ,(01)第0003087号
株式会社エムドゥエム,エムドゥエム,静岡県浜松市北区初生町１３０４-４保田屋ビル２階,〒433-8112,0534011730,宮瀬　晴久,ミヤセ　ハルヒサ,(01)第0000547号
第一建設株式会社,ダイイチケンセツ,静岡県富士市永田67-14,〒417-0054,0545-52-9064,後藤　昇,ゴトウ　ノボル,(01)第0001414号
株式会社ハウシード,ハウシード,静岡県富士市伝法２５２０－５,〒417-0061,0545-53-8558,横瀬　直史,ヨコセ　ナオチカ,(01)第0000380号
