﻿会社名,会社名フリガナ,住所,郵便番号,電話番号,代表氏名,代表氏名フリガナ,登録番号
株式会社トーリン,トーリン,青森県むつ市金谷１－１４－２３,〒035-0072,0175-22-6333,藤林　吉明,フジバヤシ　ヨシアキ,(02)第0002868号
株式会社シンシアコミュニティ,シンシアコミュニティ,青森県五所川原市字布屋町４０番地,〒037-0053,0173-34-2885,平山　美千代,ヒラヤマ　ミチヨ,(01)第0000378号
有限会社ハウスアシスト,ハウスアシスト,青森県弘前市大字三岳町6-5,〒036-8153,0172-37-6513,大越　一幸,オオコシ　カズユキ,(01)第0003007号
有限会社青い森不動産,アオイモリフドウサン,青森県弘前市大字松森町114,〒036-8184,0172-34-0355,中井　芳隆,ナカイ　ヨシタカ,(01)第0001565号
有限会社フルハウス,フルハウス,青森県弘前市大字本町44番地1,〒036-8203,0172-26-8091,成田　耕介,ナリタ　コウスケ,(01)第0000205号
株式会社第一不動産,ダイイチフドウサン,青森県弘前市大字野田1丁目1-6,〒036-8045,0172-32-2000,高村　光二,タカムラ　コウジ,(01)第0000827号
合同会社くろいし不動産管理,クロイシフドウサンカンリ,青森県黒石市弥生町２１－３,〒036-0361,0172-40-0706,中村　留美子,ナカムラ　ルミコ,(01)第0002861号
株式会社サンロク,サンロク,青森県三沢市桜町一丁目2-7,〒033-0031,0176-51-1420,下久保　和成,シモクボ　カズナリ,(01)第0002665号
有限会社アットホームサービス,アットホームサービス,青森県十和田市稲生町14-53,〒034-0011,0176-22-5959,橋場　寛,ハシバ　ヒロシ,(01)第0003008号
大東建託パートナーズ株式会社,ダイトウケンタクパートナーズ,東京都港区港南2-16-1,〒108-0075,03-6718-9102,佐藤　功次,サトウ　コウジ,(02)第0001723号
有限会社平和不動産,ヘイワフドウサン,青森県青森市勝田１丁目１７－３,〒030-0821,017-777-8501,畑中　斎,ハタナカ　ヒトシ,(01)第0002681号
積水ハウス不動産東北株式会社,セキスイハウスフドウサントウホク,宮城県仙台市青葉区本町2-16-10,〒980-8431,022-224-7521,西村　裕,ニシムラ　ユタカ,(02)第0000133号
アップルハウジング株式会社,アップルハウジング,青森県青森市浜田２丁目１４番地５,〒030-0843,017-762-3133,櫻田　忠春,サクラダ　タダハル,(02)第0000005号
中部開発株式会社,チュウブカイハツ,青森県青森市北金沢1-6-8,〒030-0855,017-777-7878,伊藤　博美,イトウ　ヒロミ,(01)第0001925号
株式会社松橋不動産,マツハシフドウサン,青森県八戸市根城９－４－１,〒039-1166,0178-45-0793,松橋　里実,マツハシ　サトミ,(02)第0001916号
あい不動産,アイフドウサン,青森県八戸市諏訪３丁目２－２１,〒031-0803,0178-22-1888,大澤　世津子,オオサワ　セツコ,(01)第0001394号
八代産業株式会社,ヤシロサンギョウ,青森県八戸市内丸1丁目6番4号,〒031-0075,0178-45-1212,鈴木　文武,スズキ　フミタケ,(02)第0000076号
有限会社恵不動産,メグミフドウサン,青森県八戸市南類家３丁目１番２１号,〒031-0004,0178-71-4340,松山　弘司,マツヤマ　コウジ,(02)第0001987号
株式会社ベターワン,ベターワン,青森県八戸市柏崎３丁目１番２号ロードアンドスカイ１０７,〒031-0081,0178-32-0085,浜谷　嘉春,ハマヤ　ヨシハル,(01)第0003013号
