﻿会社名,会社名フリガナ,住所,郵便番号,電話番号,代表氏名,代表氏名フリガナ,登録番号
池田理容不動産有限会社,イケダリヨウフドウサン,香川県さぬき市志度1008,〒769-2101,087-894-6123,池田　幸子,イケダ　サチコ,(01)第0001335号
大東建託パートナーズ株式会社,ダイトウケンタクパートナーズ,東京都港区港南2-16-1,〒108-0075,03-6718-9102,佐藤　功次,サトウ　コウジ,(02)第0001723号
協和開発株式会社,キョウワカイハツ,香川県観音寺市本大町1673-3,〒768-0022,0875-25-6191,三谷　洋介,ミタニ　ヨウスケ,(01)第0000926号
有限会社コスモ不動産,コスモフドウサン,香川県丸亀市中府町3-1-1,〒763-0033,0877-25-0856,野津　智,ノツ　サトシ,(02)第0000114号
スタイン不動産,スタインフドウサン,香川県高松市屋島中町759－2,〒761-0112,087-841-6707,石綿　剛一,イシワタ　コウイチ,(02)第0000324号
株式会社杉住宅,スギジュウタク,愛媛県松山市柳井町１－１３－８,〒790-0014,089-947-5004,中川　あゆみ,ナカガワ　アユミ,(01)第0003096号
株式会社穴吹ハウジングサービス,アナブキハウジングサービス,香川県高松市紺屋町3-6　穴吹ハウジング中央通りBLD.5階,〒760-0027,087-822-3110,新宮　章弘,シングウ　アキヒロ,(02)第0002151号
三洋興産株式会社,サンヨウコウサン,香川県高松市紙町542-4,〒761-8055,087-814-4700,岡　正治,オカ　マサハル,(02)第0002817号
松野不動産株式会社,マツノフドウサン,香川県高松市出作町383-2,〒761-8567,087-888-0011,小山　和人,コヤマ　カズト,(02)第0000487号
有限会社経営政策研究所,ケイエイセイサクケンキュウショ,香川県高松市上天神町654-1,〒761-8056,087-880-0510,渡辺　卓,ワタナベ　タカシ,(02)第0001589号
株式会社富田住宅センター,トミタジュウタクセンター,香川県高松市上福岡町２０１９－３,〒760-0077,087-831-1717,冨田　隆二,トミタ　リュウジ,(02)第0003081号
株式会社グローバルセンター,グローバルセンター,香川県高松市伏石町2016-20,〒761-8071,087-866-0088,冨田　稔,トミタ　ミノル,(02)第0000007号
有限会社ユーミーマンションあるかな,ユーミーマンションアルカナ,愛媛県四国中央市川之江町1978―2,〒799-0101,0896-58-8127,久保　安正,クボ　ヤスマサ,(02)第0001954号
株式会社エステートメッセ,エステートメッセ,香川県高松市伏石町2119－6,〒761-8071,087-866-0669,村上　裕一,ムラカミ　ヒロカズ,(02)第0002526号
アート不動産株式会社,アートフドウサン,香川県高松市木太町3861ｰ4,〒760-0080,087-866-0005,吉田　宏基,ヨシダ　ヒロモト,(02)第0000092号
積水ハウス不動産中国四国株式会社,セキスイハウスフドウサンチュウゴクシコク,広島県広島市中区小町1番25号,〒730-0041,082-249-2105,佐々木　邦裕,ササキ　クニヒロ,(02)第0002163号
アップル不動産株式会社,アップルフドウサン,香川県三豊市詫間町詫間2102-1,〒769-1101,0875-83-5740,井出　喜久美,イデ　キクミ,(02)第0001304号
