﻿会社名,会社名フリガナ,住所,郵便番号,電話番号,代表氏名,代表氏名フリガナ,登録番号
有限会社秦ホーム,ハタホーム,高知県高知市旭町1-16-1,〒780-0935,088-821-7272,浦井　美根子,ウライ　ミネコ,(02)第0001955号
有限会社オビタハウス,オビタハウス,高知県高知市桟橋通2-12-23,〒781-8010,088-833-0061,堀見　理世,ホリミ　リセイ,(01)第0002546号
高知大学生活協同組合,コウチダイガクセイカツキョウドウクミアイ,高知県高知市曙町2－5－1,〒780-8072,088-844-1501,濱崎　敬三,ハマザキ　ケイゾウ,(01)第0001439号
積水ハウス不動産中国四国株式会社,セキスイハウスフドウサンチュウゴクシコク,広島県広島市中区小町1番25号,〒730-0041,082-249-2105,佐々木　邦裕,ササキ　クニヒロ,(02)第0002163号
株式会社瀬戸グリーン不動産,セトグリーンフドウサン,高知県高知市瀬戸南町1-2-1,〒781-0253,088-842-1828,崎岡　祐介,サキオカ　ユウスケ,(02)第0002790号
有限会社滝石建設不動産事業部,タキイシケンセツフドウサンジギョウブ,高知県高知市仲田町14－8,〒781-8007,088-832-6262,滝石　華代,タキイシ　カヨ,(01)第0002176号
大東建託パートナーズ株式会社,ダイトウケンタクパートナーズ,東京都港区港南2-16-1,〒108-0075,03-6718-9102,佐藤　功次,サトウ　コウジ,(02)第0001723号
株式会社穴吹ハウジングサービス,アナブキハウジングサービス,香川県高松市紺屋町3-6　穴吹ハウジング中央通りBLD.5階,〒760-0027,087-822-3110,新宮　章弘,シングウ　アキヒロ,(02)第0002151号
株式会社高知ハウス,コウチハウス,高知県高知市本町5-3-3,〒780-0870,088-824-6822,和田　英知,ワダ　ヒデトモ,(02)第0000702号
有限会社ヤマモト地所,ヤマモトチショ,高知県四万十市中村一条通3-4-10,〒787-0025,0880-34-2305,山本　祐司,ヤマモト　ユウジ,(01)第0001957号
有限会社マルケイ,マルケイ,高知県四万十市中村大橋通６－７－３０,〒787-0033,0880-35-4674,門田　啓二,カドタ　ケイジ,(02)第0003082号
