﻿会社名,会社名フリガナ,住所,郵便番号,電話番号,代表氏名,代表氏名フリガナ,登録番号
株式会社サンポー,カブシキガイシャサンポー,長野県駒ヶ根市赤穂1298番地2,〒399-4117,0265-83-1171,赤羽　郁夫,アカハネ　イクオ,(02)第0001693号
株式会社オンテック,オンテック,愛知県小牧市大字三ツ渕字西之坪１１３８,〒485-0075,0568723631,酒井　俊子,サカイ　トシコ,(01)第0001638号
株式会社諏訪貸家アパートセンター,スワカシヤアパートセンター,長野県諏訪市大字四賀822番地,〒392-0012,0266-53-7000,矢?　隆也,ヤザキ　タカナリ,(02)第0000701号
株式会社アスピア,カブシキガイシャアスピア,長野県松本市宮渕１丁目３番３０号,〒390-8639,0263-32-8855,百瀬　方洋,モモセ　ホウヨウ,(01)第0003020号
株式会社センデン,センデン,長野県松本市城西1/4/15,〒390-0875,0263-31-8188,犬飼　金男,イヌカイ　カネオ,(02)第0000771号
大東建託パートナーズ株式会社,ダイトウケンタクパートナーズ,東京都港区港南2-16-1,〒108-0075,03-6718-9102,佐藤　功次,サトウ　コウジ,(02)第0001723号
浅井木材株式会社,アサイモクザイ,長野県松本市村井町北1－6－1,〒399-0035,0263582461,浅井　正徳,アサイ　マサノリ,(02)第0001488号
株式会社住和,ジュウワ,愛知県名古屋市西区中小田井3-406,〒452-0822,052-505-0021,田上　次春,タガミ　ツギハル,(02)第0001406号
有限会社州設計,ユウゲンガイシャクニセッケイ,長野県松本市北深志３丁目６番２号,〒390-0872,0263480092,辻　喜夫,ツジ　ヨシオ,(01)第0003025号
株式会社五大,ゴダイ,長野県上田市国分１－１－６,〒386-0016,0268-27-5664,齊藤　仁,サイトウ　ヒトシ,(02)第0000299号
有限会社ジェイシー・アイシーゆとりすと,ユウゲンガイシャジェイシーアイシーユトリスト,長野県上田市常田3-9-12,〒386-0018,0268-22-7778,高橋　鼓,タカハシ　ツヅミ,(01)第0002460号
ジェイエイながのサービス株式会社,ジェイエイナガノサービスカブシキガイシャ,長野県長野市1丁目１番１６号,〒380-0803,026-256-8882,関　知明,セキ　チアキ,(01)第0002764号
積村ビル管理株式会社,セキムラビルカンリカブシキガイシャ,愛知県名古屋市中村区横前町66,〒453-0864,0524116571,二村　伝治,フタムラ　デンジ,(02)第0000054号
有限会社信大開発,シンダイカイハツ,長野県長野市三輪9-10-9,〒380-0803,026-263-1288,古畑　修二,フルハタ　シュウジ,(01)第0000595号
株式会社ハウスメイト・イズミ,カブシキガイシャ　ハウスメイトイズミ,長野県長野市若里4丁目18番17号,〒380-0928,0262235700,泉　鏡子,イズミ　キョウコ,(01)第0003029号
有限会社ふじせい,フジセイ,長野県長野市若里１丁目１６番３６-１０１号,〒380-0928,026-227-7723,清水　潤,シミズ　ジュン,(01)第0000229号
平和土地建物株式会社,ヘイワトチタテモノ,長野県長野市大字鶴賀上千歳町１４２２番地,〒380-0821,026-235-0505,檀原　正憲,ダンバラ　マサノリ,(01)第0002752号
ロイヤルリゾート株式会社,ロイヤルリゾート,東京都新宿区西新宿７－１０－１,〒160-0023,03-5389-1111,木島　寛,キジマ　ヒロシ,(02)第0000615号
