﻿会社名,会社名フリガナ,住所,郵便番号,電話番号,代表氏名,代表氏名フリガナ,登録番号
壱岐不動産株式会社,イキフドウサン,長崎県壱岐市郷ノ浦町東触551-3,〒811-5132,0920-47-2730,中田　洋,ナカタ　ヒロシ,(01)第0001115号
有限会社ティーエス不動産企画,ティーエスフドウサンキカク,長崎県雲仙市吾妻町平江名117番地1,〒859-1103,0957-20-0007,庄?　竜彦,ショウサキ　タツヒコ,(01)第0001237号
アースコンサル有限会社,アースコンサル,長崎県佐世保市栄町5-8,〒857-0054,0956-23-9459,池田　恵一,イケダ　ケイイチ,(01)第0003071号
櫻不動産有限会社,サクラフドウサン,長崎県佐世保市宮田町4番1号,〒857-0032,0956-25-5999,池田　久美子,イケダ　クミコ,(02)第0002412号
有限会社キャプテン西九州,キャプテンニシキュウシュウ,長崎県佐世保市権常寺1丁目8-14,〒859-3214,0956-38-3836,宮?　映行,ミヤザキ　ヒデユキ,(01)第0000831号
大東建託パートナーズ株式会社,ダイトウケンタクパートナーズ,東京都港区港南2-16-1,〒108-0075,03-6718-9102,佐藤　功次,サトウ　コウジ,(02)第0001723号
株式会社福徳不動産,フクトクフドウサン,長崎県長崎市金屋町1-17　福徳ビル,〒850-0037,095-822-2919,福島　卓,フクシマ　スグル,(02)第0001351号
ライツ不動産株式会社,ライツフドウサン,長崎県佐世保市赤崎町1453-16,〒857-0064,0956-28-3577,道添　昭仁,ミチゾエ　アキヒト,(01)第0000826号
有限会社古川不動産,フルカワフドウサン,長崎県佐世保市早岐１丁目１６－１,〒859-3215,0956-38-0110,古川　正和,フルカワ　マサカズ,(01)第0002788号
有限会社ひまわり不動産,ヒマワリフドウサン,長崎県佐世保市相浦町77番地,〒858-0918,0956-47-7212,安部　尚子,アベ　ナオコ,(01)第0002781号
有限会社オネスト,オネスト,長崎県佐世保市椎木町１１６－１,〒858-0925,0956-48-5804,田渕　ふみ子,タブチ　フミコ,(01)第0001361号
株式会社バードハウジング,バードハウジング,長崎県佐世保市島瀬町４－１９,〒857-0806,0956-25-7550,鳥屋　典孝,トリヤ　ノリタカ,(01)第0002247号
対馬不動産株式会社,ツシマフドウサン,長崎県対馬市厳原町桟原49番地3,〒817-0005,0920-52-5190,前川　俊二,マエカワ　シュンジ,(01)第0002641号
大村土地建物株式会社,オオムラトチタテモノ,長崎県大村市西大村本町２３９－１,〒856-0813,0957-54-2103,中瀬　和隆,ナカセ　カズタカ,(02)第0001243号
ハウスコミュニティ株式会社,ハウスコミュニティ,長崎県長崎市五島町5-36セオティ五島201,〒850-0036,095-895-8880,開　義人,ヒラキ　ヨシト,(02)第0002227号
株式会社トリアングルム,トリアングルム,長崎県長崎市泉1-1-23-1F,〒852-8151,095-894-1061,橋川　照章,ハシカワ　テルアキ,(01)第0002849号
株式会社リファレンス,リファレンス,福岡県福岡市博多区博多駅東1-16-14,〒812-0013,092-432-0039,相部　光伸,アイベ　ミツノブ,(02)第0002409号
株式会社よしひろ企画,ヨシヒロキカク,長崎県長崎市万屋町２－２１,〒850-0852,095-827-5354,中村　良一,ナカムラ　ヨシカズ,(01)第0002785号
株式会社ハウジングロビー,ハウジングロビー,長崎県長崎市目覚町4-2,〒852-8105,095-843-3123,森田　龍三,モリタ　リュウゾウ,(02)第0002007号
