﻿会社名,会社名フリガナ,住所,郵便番号,電話番号,代表氏名,代表氏名フリガナ,登録番号
大東建託パートナーズ株式会社,ダイトウケンタクパートナーズ,東京都港区港南2-16-1,〒108-0075,03-6718-9102,佐藤　功次,サトウ　コウジ,(02)第0001723号
株式会社エル・オフィス,エルオフィス,鳥取県鳥取市湖山町北一丁目427番1,〒680-0941,0857501380,大畑　浩士,オオハタ　ヒロシ,(02)第0001974号
株式会社エステートセンター,エステートセンター,鳥取県鳥取市南吉方1丁目114-3,〒680-0843,0857-25-5611,前田　真教,マエタ　マサノリ,(02)第0000938号
積水ハウス不動産中国四国株式会社,セキスイハウスフドウサンチュウゴクシコク,広島県広島市中区小町1番25号,〒730-0041,082-249-2105,佐々木　邦裕,ササキ　クニヒロ,(02)第0002163号
株式会社海南開発,カイナンカイハツ,鳥取県鳥取市富安2丁目161-6,〒680-0845,0857-27-8000,森岡　健一郎,モリオカ　ケンイチロウ,(01)第0001198号
株式会社ケイテイー,ケイティー,鳥取県鳥取市富安一丁目173番地,〒680-0845,0857-24-3288,田中　大喜,タナカ　ヒロキ,(02)第0000072号
株式会社ウチダレック,ウチダレック,鳥取県米子市新開６丁目３番９号,〒683-0801,0859-33-4748,内田　良一,ウチダ　リョウイチ,(02)第0001970号
一栄不動産開発株式会社,イチエイフドウサンカイハツ,鳥取県米子市茶町63-1,〒683-0041,0859-33-0088,中田　純一郎,ナカダ　ジュンイチロウ,(01)第0001628号
