﻿会社名,会社名フリガナ,住所,郵便番号,電話番号,代表氏名,代表氏名フリガナ,登録番号
株式会社ビルムホーム,ビルムホーム,鹿児島県奄美市名瀬小浜町４番２８号ＡＩＳビル１階,〒894-0006,0997-69-3399,富田　浩行,トミタ　ヒロユキ,(01)第0001907号
有限会社マルゼン商事,マルゼンショウジ,鹿児島県薩摩川内市大小路町19-8,〒895-0076,0996-22-3521,堂脇　進也,ドウワキ　シンヤ,(01)第0002513号
株式会社小倉ホーム,オグラホーム,鹿児島県志布志市志布志町安楽2062-1,〒899-7104,092-472-5007,倉橋　泉,クラハシ　イズミ,(02)第0002012号
株式会社川商ハウス,カワショウハウス,鹿児島県鹿児島市新屋敷町1-7,〒892-0838,099-226-7111,西田　隆昭,ニシダ　タカアキ,(02)第0000729号
有限会社すべ産業,スベサンギョウ,鹿児島県鹿児島市下荒田4丁目46番23号,〒890-0056,099-253-2000,須部　純範,スベ　スミノリ,(02)第0002965号
株式会社穴吹ハウジングサービス,アナブキハウジングサービス,香川県高松市紺屋町3-6　穴吹ハウジング中央通りBLD.5階,〒760-0027,087-822-3110,新宮　章弘,シングウ　アキヒロ,(02)第0002151号
有限会社ビルム,ビルム,鹿児島県鹿児島市荒田1丁目62番5号,〒890-0054,099-206-4533,安樂　浩一,アンラク　コウイチ,(02)第0001102号
株式会社アジアエステート,アジアエステート,鹿児島県鹿児島市荒田二丁目67番7号,〒890-0054,099-813-0080,貴島　惣,キジマ　ソウ,(01)第0001109号
株式会社リファレンス,リファレンス,福岡県福岡市博多区博多駅東1-16-14,〒812-0013,092-432-0039,相部　光伸,アイベ　ミツノブ,(02)第0002409号
株式会社ビルマックス,ビルマックス,鹿児島県鹿児島市上之園町33番地12,〒890-0052,0992534747,竹下　豪,タケシタ　ツヨシ,(02)第0000412号
株式会社明和不動産管理,メイワフドウサンカンリ,熊本県熊本市中央区辛島町４－３５ラ・シック辛島２階,〒860-0804,096-322-7777,川口　圭介,カワグチ　ケイスケ,(02)第0002778号
株式会社ブルーベル,ブルーベル,鹿児島県鹿児島市東谷山６丁目３３－２４,〒891-0113,099-266-3211,弟子丸　究,デシマル　キワム,(01)第0002245号
日本興業株式会社,ニホンコウギョウ,鹿児島県鹿児島市武3-6-3,〒890-0045,099-213-0198,平山　義夫,ヒラヤマ　ヨシオ,(02)第0001230号
大東建託パートナーズ株式会社,ダイトウケンタクパートナーズ,東京都港区港南2-16-1,〒108-0075,03-6718-9102,佐藤　功次,サトウ　コウジ,(02)第0001723号
株式会社アパネットコム,アパネットコム,鹿児島県霧島市国分野口西2-48,〒899-4343,0995-47-2662,林　清彦,ハヤシ　キヨヒコ,(02)第0002843号
有限会社ハッピー,ハッピー,鹿児島県霧島市隼人町見次13-2,〒899-5117,0995-44-9810,?永　映子,トクナガ　エイコ,(02)第0003069号
