﻿会社名,会社名フリガナ,住所,郵便番号,電話番号,代表氏名,代表氏名フリガナ,登録番号
有限会社大興不動産延岡,タイコウフドウサンノベオカ,宮崎県延岡市出北2-14-19号太平ビル1階北側,〒882-0856,0982-21-4141,萩森　洋一郎,ハギモリ　ヨウイチロウ,(02)第0002842号
株式会社ハウジング情報プラザ,ハウジングジョウホウプラザ,宮崎県延岡市出北2丁目15－3,〒882-0856,0982-21-1666,井上　剛,イノウエ　ツヨシ,(01)第0001357号
株式会社五ケ瀬不動産,ゴカセフドウサン,宮崎県延岡市瀬之口町1丁目5番地12,〒882-0045,0982-35-6110,甲斐　正幸,カイ　マサユキ,(01)第0002236号
有限会社紀乃國屋ホーム,キノクニヤホーム,宮崎県延岡市大貫町1丁目3010番地１紀乃國屋コーポ１０１号・１０２号,〒882-0803,0982-21-2668,首藤　一太郎,シュトウ　イチタロウ,(01)第0001906号
大東建託パートナーズ株式会社,ダイトウケンタクパートナーズ,東京都港区港南2-16-1,〒108-0075,03-6718-9102,佐藤　功次,サトウ　コウジ,(02)第0001723号
株式会社ホープ住宅,ホープジュウタク,宮崎県宮崎市昭和町29番地,〒880-0874,0985-28-0100,西本　孝康,ニシモト　タカヤス,(01)第0002518号
株式会社クボタ住宅,クボタジュウタク,宮崎県宮崎市大字恒久５０６８－１,〒880-0916,0985-54-3000,久保田　嘉人,クボタ　ヨシト,(02)第0001105号
有限会社エスディーホーム,エスディーホーム,宮崎県宮崎市船塚2丁目90番地　1F,〒880-0031,0985-83-3237,堂山　卓,ドウヤマ　スグル,(01)第0002780号
成和産業株式会社,セイワサンギョウ,宮崎県宮崎市大淀4-3-2マトリクス1階,〒880-0902,0985-51-8086,田中　誠一,タナカ　セイイチ,(02)第0001768号
新興不動産有限会社,シンコウフドウサン,宮崎県都城市中原町7街区7号,〒885-0032,0986-24-3724,森山　芳太郎,モリヤマ　ヨシタロウ,(02)第0001769号
有限会社アーキ・テクノ,アーキテクノ,宮崎県都城市都北町5620-1　2号室,〒885-0004,0986-38-8011,坂元　翔吾,サカモト　ショウゴ,(02)第0002411号
株式会社県北地産,ケンポクチサン,宮崎県日向市原町３丁目１１番１９号,〒883-0014,0982-53-4433,江藤　誠一,エトウ　セイイチ,(01)第0002972号
