﻿会社名,会社名フリガナ,住所,郵便番号,電話番号,代表氏名,代表氏名フリガナ,登録番号
鶴秀工務店株式会社,ツルヒデコウムテン,宮城県加美郡加美町字北町三番１０－３,〒981-4254,0229-63-5656,鶴谷　勉,ツルヤ　ツトム,(01)第0001393号
株式会社　共栄土地開発,キョウエイトチカイハツ,宮城県岩沼市相の原一丁目7番5号,〒989-2431,0223-22-2639,加藤　治好,カトウ　ハルヨシ,(01)第0002276号
有限会社庄司コーポレーション,ショウジコーポレーション,宮城県岩沼市中央１丁目２番１９号,〒989-2432,0223-24-1590,庄司　弘,ショウジ　ヒロシ,(01)第0000562号
株式会社すがとし建設,スガトシケンセツ,宮城県気仙沼市内の脇1-14,〒988-0025,0226-22-6160,菅原　明利,スガワラ　アキトシ,(01)第0000521号
住研工業株式会社,ジュウケンコウギョウ,宮城県気仙沼市幸町4-5-13,〒988-0026,0226-23-0702,斉藤　充,サイトウ　ミツル,(01)第0000204号
有限会社菊田不動産,キクタフドウサン,宮城県気仙沼市田中前１丁目３番地１５,〒988-0053,0226-23-3889,菊田　正泰,キクタ　マサヤス,(01)第0001924号
株式会社フージャースアセットマネジメント,カブシキガイシャ　フージャースアセットマネジメント,東京都中央区日本橋室町４丁目３番１６号,〒103-0022,03-3287-0704,藤井　幸雄,フジイ　ユキオ,(01)第0000957号
株式会社サカモト,サカモト,宮城県柴田郡柴田町船岡中央一丁目9-12,〒989-1601,0224-58-1100,大沼　毅彦,オオヌマ　タケヒコ,(02)第0001306号
仙南ハウス産業株式会社,センナンハウスサンギョウ,宮城県柴田郡大河原町字新南34番地の5,〒989-1245,0224-52-3960,小幡　敏美,オバタ　トシミ,(02)第0000438号
ランドマーク不動産株式会社,ランドマークフドウサン,宮城県柴田郡大河原町字西桜町２－１,〒989-1273,0224-52-0466,松崎　守男,マツザキ　モリオ,(01)第0001602号
ウイングライフ株式会社,ウイングライフ,宮城県石巻市向陽町二丁目11番12号,〒986-0863,0225948287,奥田　正武,オクダ　マサタケ,(02)第0002270号
株式会社シャレード,シャレード,宮城県石巻市水明北１丁目１番２５号,〒986-0801,090-2955-2560,奥田　豊彦,オクダ　トヨヒコ,(02)第0000122号
株式会社藤松不動産,フジマツフドウサン,宮城県仙台市宮城野区燕沢東3丁目20番7号,〒983-0822,022-353-7024,成澤　由夏,ナリサワ　ユカ,(02)第0000757号
有限会社アートホーム仙台,アートホームセンダイ,宮城県仙台市太白区富沢一丁目8番14号,〒982-0032,022-244-5155,伊藤　久雄,イトウ　ヒサオ,(01)第0002866号
有限会社アイランドエステート,アイランドエステート,宮城県仙台市宮城野区宮千代２丁目１－２,〒983-0044,022-284-3530,狹間　なお子,ハサマ　ナオコ,(01)第0002663号
株式会社平和住宅情報センター,ヘイワジュウタクジョウホウセンター,宮城県仙台市泉区旭丘堤2丁目21-4,〒981-8004,022-234-6011,奥山　俊一,オクヤマ　シュンイチ,(02)第0000388号
仙台不動産管理事業協同組合,センダイフドウサンカンリジギョウキョウドウクミアイ,宮城県仙台市宮城野区原町４丁目２番１７号,〒983-0841,022-292-5188,阿部　安徳,アベ　ヤスノリ,(01)第0002667号
中城建設株式会社,ナカシロケンセツ,宮城県仙台市宮城野区幸町2-23-1,〒983-0836,022-297-1611,結城　創,ユウキ　ハジメ,(02)第0000493号
日本ホーム株式会社,ニッポンホーム,宮城県仙台市宮城野区自由ヶ丘１３－１１,〒983-0831,0222526776,佐々木　重信,ササキ　シゲノブ,(02)第0002662号
株式会社むつみホーム,ムツミホーム,宮城県仙台市宮城野区出花1丁目108番1号,〒983-0012,0222592622,佐々木　知己,ササキ　トモミ,(02)第0000696号
株式会社東北オフィス・サービス,トウホクオフィスサービス,宮城県仙台市宮城野区小田原1-4-26,〒983-0803,022-295-0651,小野寺　章,オノデラ　アキラ,(02)第0000070号
株式会社ユニホー,ユニホー,愛知県名古屋市名東区一社3-7,〒465-0093,052-703-1111,丹羽　紀人,ニワ　ノリヒト,(02)第0001250号
株式会社オアシス,オアシス,宮城県仙台市宮城野区二の森2番20号,〒983-0838,022-352-0722,増子　伸悟,マスコ　シンゴ,(02)第0002657号
株式会社ハウスメイトマネジメント,ハウスメイトマネジメント,東京都豊島区東池袋３－１－１　サンシャイン６０　４１Ｆ,〒170-6041,03-3590-0964,井關　豊,イセキ　ユタカ,(02)第0000332号
株式会社ハウスメイトパートナーズ,ハウスメイトパートナーズ,東京都豊島区東池袋３－１－１,〒170-6041,03-3590-0911,井關　豊,イセキ　ユタカ,(02)第0000295号
日本不動産株式会社,ニホンフドウサン,宮城県仙台市宮城野区榴岡2-2-30,〒983-0852,022-297-3333,栗田　静司,クリタ　セイジ,(02)第0003003号
有限会社シェルージュ,シェルージュ,宮城県仙台市宮城野区榴岡３丁目８番２４号１Ｆ,〒983-0852,022-296-3076,菊地　卓哉,キクチ　タクヤ,(01)第0003009号
有限会社ホームステージ,ホームステージ,宮城県仙台市宮城野区榴岡四丁目４番７号,〒983-0852,0222937110,木村　美恵,キムラ　ミエ,(02)第0000741号
日本住宅株式会社,ニホンジュウタク,岩手県盛岡市津志田中央１－３－２８,〒020-0838,019-638-0511,滝村　照男,タキムラ　テルオ,(01)第0001989号
株式会社サンアイホーム,サンアイホーム,宮城県仙台市若林区一本杉町17番3号,〒984-0828,022-231-4123,石?　具視,イシザキ　トモミ,(01)第0001313号
大東建託パートナーズ株式会社,ダイトウケンタクパートナーズ,東京都港区港南2-16-1,〒108-0075,03-6718-9102,佐藤　功次,サトウ　コウジ,(02)第0001723号
株式会社セーエイホーム,セーエイホーム,宮城県仙台市若林区荒井二丁目18番地の10,〒984-0032,022-253-6943,舘崎　賢治,タテザキ　ケンジ,(01)第0000213号
日本ハウズイング株式会社,ニホンハウズイング,東京都新宿区新宿１－３１－１２,〒160-8410,03-5379-4141,小佐野　台,オサノ　ウテナ,(02)第0001009号
株式会社　大崎商事,オオサキショウジ,宮城県仙台市若林区大和町4-15-16,〒984-0042,022-284-5011,澤野　友彦,サワノ　トモヒコ,(01)第0001316号
株式会社イズミヤ,イズミヤ,宮城県仙台市若林区中倉１丁目１番３３号,〒984-0821,022-283-4101,及川　善夫,オイカワ　ヨシオ,(02)第0002680号
株式会社山善,ヤマゼン,宮城県仙台市若林区中倉三丁目１８番２５号,〒984-0821,0222318919,高橋　俊二,タカハシ　シュンジ,(02)第0001309号
株式会社Ｉ・Ｓ・Ｅ,アイエスイー,宮城県仙台市若林区南材木町３番地,〒984-0805,022-213-8686,伊勢　泰昌,イセ　ヤスマサ,(02)第0001917号
株式会社及川土地建物,オイカワトチタテモノ,宮城県仙台市若林区二軒茶屋１７－２２,〒984-0046,022-292-0511,及川　逸人,オイカワ　ハヤト,(01)第0002682号
第一建物株式会社,ダイイチタテモノ,宮城県仙台市若林区白萩町２３番１号,〒984-0048,022-236-6811,佐々木　正勝,ササキ　マサカツ,(02)第0001391号
有限会社ベルハウス,ベルハウス,宮城県仙台市青葉区愛子中央6-3-22,〒989-3128,022-392-9880,阿部　弘子,アベ　ヒロコ,(02)第0002272号
株式会社建財社,ケンザイシャ,宮城県仙台市青葉区一番町１－１－３１,〒980-0811,022-227-0131,小山　淳,オヤマ　ジュン,(02)第0001601号
株式会社日立アーバンサポート,ヒタチアーバンサポート,東京都千代田区神田錦町３－７－１　興和一橋ビル７階,〒101-0054,03-6880-3700,佐伯　裕之,サヘキ　ヒロユキ,(02)第0003058号
株式会社マルカ商事,マルカショウジ,宮城県仙台市青葉区花京院２-１-６２,〒980-0013,0223438813,佐々木　八江子,ササキ　ヤエコ,(01)第0002664号
株式会社タテカン,タテカン,宮城県仙台市青葉区花京院一丁目1-5,〒980-0013,022-355-2733,千葉　大輔,チバ　ダイスケ,(01)第0003010号
鈴木　壯一,スズキ　ソウイチ,宮城県仙台市青葉区花壇４番30-401号,〒980-0815,090-5841-5716,鈴木　壯一,スズキ　ソウイチ,(01)第0000551号
平和興産有限会社,ヘイワコウサン,宮城県仙台市青葉区錦町１－１０－１１,〒980-0012,022-265-3877,今野　正晴,コンノ　マサハル,(01)第0000373号
エスケーコーディアル株式会社,エスケーコーディアル,宮城県仙台市青葉区広瀬町5－22,〒980-0873,0222652243,佐々木　悟,ササキ　サトル,(02)第0001563号
株式会社仙台三興アセッツ,センダイサンコウアセッツ,宮城県仙台市青葉区国分町１－８－１０,〒980-0803,022-266-7542,平泉　保,ヒライズミ　タモツ,(02)第0002673号
今野不動産株式会社,コンノフドウサン,宮城県仙台市青葉区大町２丁目８番２５号,〒980-0804,022-224-1675,今野　幸輝,コンノ　ユキテル,(02)第0000004号
株式会社ヒロ・エンタープライズ,ヒロエンタープライズ,宮城県仙台市青葉区子平町５番１０号,〒981-0944,022-273-1232,澤口　廣章,サワグチ　ヒロアキ,(01)第0000902号
株式会社ＳＯＡＲビジネスパートナー,ソアラビジネスパートナー,宮城県仙台市青葉区大町2-4-28 カーサヴェルデ仙台西公園1階,〒980-0804,022-713-7811,一色　真人,イッシキ　マサト,(01)第0001311号
日本管理センター株式会社,ニホンカンリセンター,東京都千代田区丸の内３－４－２,〒100-0005,050-1748-1242,武藤　英明,ムトウ　ヒデアキ,(02)第0001753号
有限会社仙秋興産,センシュウコウサン,宮城県仙台市青葉区大町二丁目１１－１７,〒980-0804,022-215-1923,秋山　錦三,アキヤマ　キンゾウ,(01)第0002685号
株式会社ひらく,ヒラク,宮城県仙台市青葉区中央3丁目6－7,〒980-0021,022-223-5661,佐々木　悟,ササキ　サトル,(02)第0001564号
かめやま産業株式会社,カメヤマサンギョウ,宮城県仙台市青葉区中央２丁目７番30号,〒980-0021,022-222-5591,亀山　恭太,カメヤマ　キョウタ,(01)第0000566号
株式会社賃貸保証サービス,チンタイホショウサービス,宮城県仙台市青葉区中央３丁目１０番１２号,〒980-0021,022-234-6350,三浦　恵理,ミウラ　エリ,(01)第0001315号
株式会社ＲＥＩ,レイ,宮城県仙台市青葉区中央二丁目6番8号,〒980-0021,022-213-5881,今中　剛,イマナカ　ゴウ,(02)第0000694号
第一恒産株式会社,ダイイチコウサン,東京都中央区日本橋室町四丁目３番１１号,〒103-0022,03-3273-2121,須藤　鷹千代,ストウ　タカチヨ,(02)第0002747号
株式会社リオ・コンサルティング,カブシキガイシャリオコンサルティング,東京都千代田区永田町2-12-4,〒100-0014,03-5156-8887,小杉　裕康,コスギ　ヒロヤス,(02)第0001719号
株式会社ナカミチ,ナカミチ,宮城県仙台市青葉区二日町3-10 グラン・シャリオビル6F,〒980-0802,022-393-4661,飯田　光昭,イイダ　ミツアキ,(02)第0002860号
太陽建物株式会社,タイヨウタテモノ,宮城県仙台市青葉区二日町6番13号,〒980-0802,022-222-6730,森　照雄,モリ　テルオ,(02)第0001915号
株式会社　八幡不動産,ハチマンフドウサン,宮城県仙台市青葉区八幡３－１８－１１,〒980-0871,022-263-3023,大石　俊雄,オオイシ　トシオ,(01)第0002278号
有限会社アラウズ,アラウズ,宮城県仙台市青葉区米ヶ袋2-1-58,〒980-0813,022-266-1080,吉田　健一,ヨシダ　ケンイチ,(02)第0002658号
株式会社ＭＤＩ,カブシキガイシャエムディアイ,東京都中央区銀座4-12-15 歌舞伎座タワー10階,〒104-0061,03-3544-2650,井村　航,イムラ　コウ,(01)第0002614号
株式会社ホットハウス,ホットハウス,宮城県仙台市青葉区本町1-5-31　シエロ仙台ビル8階,〒980-0014,022-215-7787,日下　敦,クサカ　アツシ,(01)第0002290号
山京ビルマネジメント株式会社,サンキョウビルマネジメント,北海道札幌市中央区北３条西３丁目１番地,〒060-0003,011-207-0110,平井　敬之,ヒライ　タカユキ,(01)第0002551号
積水ハウス不動産東北株式会社,セキスイハウスフドウサントウホク,宮城県仙台市青葉区本町2-16-10,〒980-8431,022-224-7521,西村　裕,ニシムラ　ユタカ,(02)第0000133号
樹ＲＥＬＩＦＥ株式会社,ジュリライフ,宮城県仙台市青葉区本町１－１０－２６,〒980-0014,022-748-6373,中村　直樹,ナカムラ　ナオキ,(01)第0002291号
株式会社長谷工ライブネット,ハセコウライブネット,東京都港区芝３－８－２,〒105-0014,03-5419-9100,永谷　祥史,ナガタニ　ショウジ,(02)第0001062号
株式会社泉パークタウンサービス,イズミパークタウンサービス,宮城県仙台市泉区高森７－２,〒981-3203,022-378-0015,永田　直利,ナガタ　ナオトシ,(01)第0001991号
株式会社Ｋａｍ’ｓコーポレーション,カムズコーポレーション,宮城県仙台市泉区寺岡2-8-20,〒981-3204,022-778-3754,中村　圭吾,ナカムラ　ケイゴ,(02)第0000697号
株式会社村主不動産,ムラヌシフドウサン,宮城県仙台市泉区将監六丁目１－１４,〒981-3132,022-372-5878,村主　庸仁,ムラヌシ　ツネヒト,(01)第0001392号
株式会社山一地所,ヤマイチジショ,宮城県仙台市泉区泉中央2-13-3,〒981-3133,022-373-0001,渡部　洋平,ワタナベ　ヨウヘイ,(02)第0000028号
有限会社ビーエス企画,ビーエスキカク,宮城県仙台市泉区泉中央４－３－２,〒981-3133,022-779-5670,坂下　武夫,サカシタ　タケオ,(01)第0002274号
株式会社サンロク,サンロク,青森県三沢市桜町一丁目2-7,〒033-0031,0176-51-1420,下久保　和成,シモクボ　カズナリ,(01)第0002665号
東北学院大学生活協同組合,トウホクガクインダイガクセイカツキョウドウクミアイ,宮城県仙台市土樋１丁目３―１,〒980-8511,022-264-6331,佐藤　洋志,サトウ　ヒロシ,(01)第0003012号
クレアホームコンサルティング株式会社,クレアホームコンサルティング,宮城県仙台市泉区南光台3-20-20-1Ｆ,〒981-8003,022-343-5866,篠木　孝夫,シノキ　タカオ,(01)第0001927号
株式会社三公企画,サンコウキカク,宮城県仙台市泉区南光台四丁目1５－22,〒981-8003,022-273-6444,八幡　政智,ヤハタ　マサトモ,(02)第0001919号
株式会社アオキガーデン,アオキガーデン,宮城県仙台市泉区南光台東1-2-16,〒981-8001,022-251-8086,阿部　郁子,アベ　フミコ,(02)第0000444号
株式会社大介,カブシキガイシャダイスケ,東京都港区新橋2丁目12番1号ランディック第3新橋ビル6階,〒105-0004,0362733800,大久　裕司,オオヒサ　ユウジ,(02)第0002376号
東住ハウジング株式会社,トウジュウハウジング,宮城県仙台市太白区大野田１－６－１１,〒982-0014,022-304-1010,佐々　清勝,ササ　キヨカツ,(02)第0000030号
株式会社ミニテック,ミニテック,東京都港区港南2-5-3,〒108-0075,03-5769-3209,大原　輝之,オオハラ　テルユキ,(01)第0001682号
粟野不動産株式会社,アワノフドウサン,宮城県仙台市太白区長町６－６－１５,〒982-0011,022-393-5001,粟野　眞,アワノ　マコト,(01)第0001604号
株式会社むつみ・ハウジング,ムツミハウジング,宮城県仙台市太白区長町南４丁目11番25号,〒982-0012,0223959065,佐竹　幹也,サタケ　ミキヤ,(02)第0002859号
朝日リ・ライフ株式会社,アサヒリライフ,宮城県多賀城市八幡4丁目6番20号,〒985-0874,022-364-8808,熊谷　剛,クマガイ　ゴウ,(01)第0000207号
平和不動産サービス株式会社,ヘイワフドウサンサービス,宮城県大崎市古川旭4丁目3番10号,〒989-6117,0229-22-1433,大場　俊之,オオバ　トシユキ,(02)第0000434号
株式会社古川土地,フルカワトチ,宮城県大崎市古川駅前大通２-６-１６,〒989-6162,0229-23-8484,早坂　竜太,ハヤサカ　リュウタ,(01)第0000577号
有限会社不動産のイチロー,フドウサンノイチロー,宮城県大崎市古川北町５丁目８番３－１号,〒989-6171,0229-21-1616,石垣　直樹,イシガキ　ナオキ,(01)第0001923号
成和産業株式会社,セイワサンギョウ,福島県福島市南矢野目字古屋敷５１番地の３,〒960-0112,024-557-7676,古山　貴裕,フルヤマ　タカヒロ,(02)第0002661号
亘理土地開発有限会社,ワタリトチカイハツ,宮城県亘理郡亘理町字上浜街道92-8,〒989-2351,0223-34-1154,酒井　貴紀,サカイ　タカノリ,(01)第0001314号
