﻿会社名,会社名フリガナ,住所,郵便番号,電話番号,代表氏名,代表氏名フリガナ,登録番号
大東建託パートナーズ株式会社,ダイトウケンタクパートナーズ,東京都港区港南2-16-1,〒108-0075,03-6718-9102,佐藤　功次,サトウ　コウジ,(02)第0001723号
朝日不動産株式会社,アサヒフドウサン,富山県富山市今泉西部町3-9,〒939-8281,076-420-1313,石橋　正好,イシバシ　マサヨシ,(02)第0002562号
株式会社高岡不動産センター,タカオカフドウサンセンター,富山県高岡市清水町３-３-６３,〒933-0866,0766-22-1334,武佐　忠直,ムサ　タダナオ,(02)第0001141号
宮崎建設株式会社,ミヤザキケンセツ,富山県黒部市天神新１７９－１,〒938-0042,0765545011,宮崎　毅,ミヤザキ　ツヨシ,(01)第0001253号
株式会社シマダ商事,シマダショウジ,富山県射水市二口28,〒939-0234,0766-52-0131,島田　公志,シマダ　コウシ,(02)第0001307号
株式会社いちご不動産,イチゴフドウサン,富山県砺波市太郎丸３－９８－１,〒939-1363,0763-34-0015,上野　貴紹,ウエノ　タカツグ,(02)第0001226号
株式会社アルプス,アルプス,富山県富山市一番町6-12,〒930-0061,076-422-9265,沢田　稔,サワダ　ミノル,(01)第0001212号
塩谷建設株式会社,シオタニケンセツ,富山県富山市牛島本町２－７－８,〒930-0859,076-411-9311,塩谷　洋平,シオタニ　ヨウヘイ,(01)第0000920号
株式会社クザワ富山,クザワトヤマ,富山県富山市五福1931-2,〒930-0887,076-444-1999,水口　益克,ミズグチ　マスヨシ,(01)第0002810号
信地所株式会社,マコトジショ,富山県富山市五福５７－１,〒930-0887,076-432-0518,水谷　貴子,ミズタニ　タカコ,(02)第0000405号
ホームネットとやま株式会社,ホームネットトヤマ,富山県富山市高園町１９－３０,〒931-8315,076-438-7733,小竹　茂樹,オダケ　シゲキ,(01)第0001958号
有限会社アーバンプランニング,アーバンプランニング,富山県富山市根塚町1-3-6,〒939-8204,076-420-0066,島田　行浩,シマダ　ユキヒロ,(01)第0002174号
株式会社ディライトアメニティ,ディライトアメニティ,富山県富山市山室340番地2,〒939-8006,076-461-8338,安土　珠里,アンド　ジュリ,(01)第0001210号
株式会社ケーエー興産,ケーエーコウサン,富山県富山市室町通り1-2-10,〒930-0051,076-425-0023,片山　敦史,カタヤマ　アツシ,(01)第0002561号
有限会社ハウスさぽーと,ハウスサポート,富山県富山市秋吉１１２－９,〒930-0953,076-494-1215,中村　孝志,ナカムラ　タカシ,(02)第0001788号
新富合同会社,シントミゴウドウガイシャ,富山県富山市新富町１－３－２１,〒930-0002,076-432-7788,兒玉　武,コダマ　タケシ,(01)第0001214号
株式会社前田商会不動産サービス,マエダショウカイフドウサンサービス,富山県富山市清水町4-1-7,〒930-0036,076-422-3598,前田　隆夫,マエダ　タカオ,(02)第0002175号
株式会社ＦＰ不動産センター,エフピーフドウサンセンター,富山県富山市西田地方町1-4-16,〒939-8202,076-407-0743,石倉　央,イシクラ　ナカバ,(02)第0002563号
株式会社ＳＵＭＯＫＡ,スモカ,富山県富山市西田地方町3-2-19,〒939-8202,076-413-5661,畑田　辰吾,ハタダ　シンゴ,(02)第0000171号
ＶｉＶｉ不動産株式会社,ヴィヴィフドウサン,富山県富山市大町230-1,〒939-8073,076-482-2577,矢郷　修治,ヤゴウ　シュウジ,(01)第0002173号
株式会社ベスト,ベスト,富山県富山市町村１９４－１,〒930-0952,076-482-5011,高嵜　誉史,タカサキ　ヤスシ,(02)第0000282号
有限会社三宝エステート,サンポウエステート,富山県富山市長江本町7-27,〒930-0962,076-421-7150,矢郷　允康,ヤゴウ　ノブヤス,(01)第0001211号
株式会社ハウジング林,ハウジングハヤシ,富山県富山市二口町4丁目3番地8,〒939-8211,076-493-6122,山田　亜希子,ヤマダ　アキコ,(01)第0000812号
ハートフルマンション株式会社,ハートフルマンション,岐阜県可児市下恵土5433-1,〒509-0203,0574-61-2422,安江　孝文,ヤスエ　タカフミ,(02)第0001369号
株式会社マンションセンター,マンションセンター,富山県富山市白銀町３－２,〒930-0048,076-491-3939,林　勇一,ハヤシ　ユウイチ,(02)第0001123号
なつみホーム株式会社,ナツミホーム,富山県富山市婦中町下坂倉20-16,〒939-2715,076-466-0533,喜多　眞二,キタ　シンジ,(01)第0002169号
シキダ不動産株式会社,シキダフドウサン,富山県富山市布瀬町南2丁目10-14,〒939-8208,076-423-3740,鋪田　勲,シキダ　イサオ,(01)第0001085号
