﻿会社名,会社名フリガナ,住所,郵便番号,電話番号,代表氏名,代表氏名フリガナ,登録番号
株式会社イケダ不動産,イケダフドウサン,兵庫県芦屋市月若町５－１２,〒659-0084,0797-32-3333,池田　幸輔,イケダ　コウスケ,(02)第0002267号
株式会社アイ・エス・オー,アイエスオー,大阪府大阪市中央区淡路町２－４－３,〒541-0047,06-6232-1717,岡　昭宏,オカ　アキヒロ,(02)第0001598号
ＥＴＰ合同会社,イーティーピー,兵庫県芦屋市上宮川町４－１１サンロイス芦屋２号館２Ｆ,〒659-0061,0797-21-2131,野口　雅巳,ノグチ　マサミ,(01)第0002533号
株式会社アシスト芦屋,アシストアシヤ,兵庫県芦屋市西山町10番11号,〒659-0083,0797-31-0297,新谷　勝彦,シンタニ　カツヒコ,(02)第0000413号
三菱地所ハウスネット株式会社,ミツビシジショハウスネット,東京都新宿区北新宿２－２１－１,〒169-0074,03-6908-5560,平川　清士,ヒラカワ　キヨシ,(02)第0001483号
株式会社オーナーズエージェント芦屋,オーナーズエージェントアシヤ,兵庫県芦屋市大原町11番24-102号,〒659-0092,0797-34-7778,幸保　和明,コウボ　カズアキ,(02)第0001610号
有限会社テイーワイ商事,テイーワイシヨウジ,兵庫県芦屋市大桝町1番14号,〒659-0066,0797-32-2929,山村　耕平,ヤマムラ　コウヘイ,(02)第0000168号
有限会社未来設計,ミライセッケイ,兵庫県芦屋市東山町５－８,〒659-0091,0797-35-1373,中村　貴文,ナカムラ　タカフミ,(02)第0001784号
株式会社ＨＯＳＯＹＡ,ホソヤ,兵庫県芦屋市南宮町6-5,〒659-0024,0797-22-1013,細谷　年伸,ホソヤ　トシノブ,(01)第0001668号
兵庫六甲農業協同組合,ヒョウゴロッコウノウギョウキョウドウクミアイ,兵庫県神戸市北区有野中町2-12-13,〒651-1313,078-981-6921,木下　祝一,キノシタ　シュクカズ,(01)第0002816号
株式会社扶桑,フソウ,兵庫県加古川市加古川町木村４７４番地の５,〒675-0038,079-426-6033,宮本　鹿司夫,ミヤモト　カシオ,(01)第0001585号
進皎不動産株式会社,シンキョウフドウサン,兵庫県加古川市尾上町安田９２３番地,〒675-0021,079-425-4455,前川　豊,マエカワ　ユタカ,(02)第0001399号
大東建託パートナーズ株式会社,ダイトウケンタクパートナーズ,東京都港区港南2-16-1,〒108-0075,03-6718-9102,佐藤　功次,サトウ　コウジ,(02)第0001723号
株式会社ルーメスト,ルーメスト,兵庫県加古川市平岡町新在家2-264-20村上ビル1階,〒675-0101,079-453-6050,橋本　秀樹,ハシモト　ヒデキ,(01)第0001140号
株式会社アパマンセンター,アパマンセンター,兵庫県加古川市平岡町新在家2-272-8,〒675-0101,079-425-1441,吉原　一哲,ヨシハラ　イッテツ,(02)第0001403号
株式会社ライフクリエイト,ライフクリエイト,兵庫県加古川市平岡町新在家2丁目280-7赤松ビル5号,〒675-0101,079-456-1855,宮長　次郎,ミヤナガ　ジロウ,(02)第0002022号
兵庫不動産センター株式会社,ヒョウゴフドウサンセンター,兵庫県加古川市平岡町土山１２１５番地の１,〒675-0104,078-945-3337,井上　謙二,イノウエ　ケンジ,(02)第0000691号
坂本不動産管理,サカモトフドウサンカンリ,兵庫県加古川市別府町新野辺1200-23シノベグランドハイツ105-1,〒675-0131,079-441-1011,坂本　学,サカモト　マナブ,(02)第0000648号
相生不動産株式会社,アイオイフドウサン,兵庫県高砂市高砂町栄町373番6,〒676-0038,079-442-0748,吉川　修司,ヨシカワ　シュウジ,(02)第0000118号
株式会社ハウジングメイト,ハウジングメイト,兵庫県高砂市神爪1-14-36-1,〒676-0808,079-432-1618,櫻井　隆太郎,サクライ　リュウタロウ,(02)第0001379号
株式会社三共ハウステック,サンキョウハウステック,大阪府豊中市北条町２－６－１,〒561-0812,06-6333-6004,大林　ひとみ,オオバヤシ　ヒトミ,(02)第0002252号
株式会社北摂コミュニティ開発センター,ホクセツコミュニティカイハツセンター,兵庫県三田市弥生が丘１－２－１,〒669-1546,079-563-1951,衣笠　達也,キヌガサ　タツヤ,(01)第0002982号
株式会社大丸不動産,ダイマルフドウサン,兵庫県三木市末広3-323-2,〒673-0403,0794-83-7272,田中　利樹,タナカ　トシキ,(01)第0002260号
株式会社ファースト商事,ファーストショウジ,兵庫県宍粟市山崎町今宿21-4,〒671-2573,0790-62-0001,?田　守彦,トクダ　モリヒコ,(01)第0001223号
わかば不動産,ワカバフドウサン,兵庫県神戸市須磨区飛松著3-1-6,〒654-0012,078-732-1251,亀田　秀行,カメダ　ヒデユキ,(01)第0000225号
有限会社アイホーム,アイホーム,兵庫県神戸市須磨区平田町２－２－１２,〒654-0021,078-737-3088,山口　幸信,ヤマグチ　ユキノブ,(01)第0002984号
西神戸住宅株式会社,ニシコウベジュウタク,兵庫県神戸市西区伊川谷町有瀬534-1,〒651-2113,078-974-8858,飯尾　貢正,イイオ　ミツマサ,(01)第0001667号
株式会社パナホーム兵庫,パナホームヒョウゴ,兵庫県姫路市三左衛門堀西の町206,〒670-0940,079-224-8771,香山　恒紀,コウヤマ　ツネノリ,(02)第0001785号
株式会社サンシティ,サンシティ,兵庫県神戸市西区北別府3－22－3－106,〒651-2117,078-977-0315,上野　哲史,ウエノ　テツシ,(02)第0000027号
セキスイハイム不動産株式会社,セキスイハイムフドウサン,東京都新宿区西新宿2-6-1新宿住友ビル28階,〒163-0228,03-5324-7887,大和屋　学,ヤマトヤ　マナブ,(02)第0001709号
株式会社シティ管財,シティカンザイ,兵庫県神戸市中央区加納町3-1-20-B1F,〒650-0001,078-335-1707,石原　義明,イシハラ　ヨシアキ,(01)第0000214号
株式会社ハウスメイトマネジメント,ハウスメイトマネジメント,東京都豊島区東池袋３－１－１　サンシャイン６０　４１Ｆ,〒170-6041,03-3590-0964,井關　豊,イセキ　ユタカ,(02)第0000332号
株式会社ハウスメイトパートナーズ,ハウスメイトパートナーズ,東京都豊島区東池袋３－１－１,〒170-6041,03-3590-0911,井關　豊,イセキ　ユタカ,(02)第0000295号
株式会社日本エコテック,ニホンエコテック,兵庫県神戸市中央区花隈町32番14号,〒650-0013,078-367-1812,戸塚　一博,トツカ　カズヒロ,(02)第0001405号
有限会社中央管財サービス,チュウオウカンザイサービス,兵庫県神戸市中央区橘通２－１－１１,〒651-0016,078-371-9007,嶋村　豪,シマムラ　ツヨシ,(02)第0002814号
アースホーム株式会社,アースホーム,兵庫県神戸市中央区琴ノ緒町5丁目3番5号,〒651-0094,078-261-0770,梶山　耕太郎,カジヤマ　コウタロウ,(01)第0002269号
帝国信栄株式会社,テイコクシンエイ,兵庫県神戸市中央区琴ノ緒町5丁目4番1,〒651-0094,078-241-2948,藤原　宏保,フジワラ　ヒロヤス,(02)第0000025号
株式会社マルサライフサービス,マルサライフサービス,兵庫県神戸市中央区熊内町２－１－５,〒651-0056,078-231-3400,坂部　叔子,サカベ　ヨシコ,(02)第0000423号
有限会社ユーコム,ユーコム,兵庫県神戸市中央区御幸通５丁目２番５号御幸通ビル１階,〒651-0087,078-230-9606,上原　康広,ウエハラ　ヤスヒロ,(01)第0002264号
グローバルコミュニティ株式会社,グローバルコミュニティ,大阪府大阪市中央区博労町３－３－７,〒541-0059,06-7711-9680,金子　浩之,カネコ　ヒロユキ,(02)第0002539号
住友林業レジデンシャル株式会社,スミトモリンギョウレジデンシャル,東京都新宿区新宿２－１９－１　ビッグス新宿ビル４階,〒160-0022,03-3350-8731,檜垣　隆久,ヒガキ　タカヒサ,(02)第0002491号
ホーメスト不動産関西株式会社,ホーメストフドウサンカンサイ,兵庫県神戸市中央区江戸町９８－１　東町　江戸町ビル６Ｆ,〒650-0033,078-321-6071,奥野　隆生,オクノ　タカオ,(01)第0002266号
生和不動産保証株式会社,セイワフドウサンホショウ,大阪府大阪市福島区福島5-8-1生和福島駅上ビル7階,〒553-0003,06-6345-0662,黒田　順一,クロダ　ジュンイチ,(02)第0001999号
広島屋ハウジング株式会社,ヒロシマヤハウジング,兵庫県神戸市中央区若菜通1-1-1,〒651-0091,078-222-1865,宮本　勲茂,ミヤモト　ノリシゲ,(02)第0000006号
積水ハウス不動産関西株式会社,セキスイハウスフドウサンカンサイ,大阪府大阪市北区大淀中1-1-30,〒531-6125,06-6440-3800,北田　康,キタダ　コウ,(02)第0001517号
ハウジングネット神戸株式会社,ハウジングネットコウベ,兵庫県神戸市中央区相生町1-1-18-9F,〒650-0025,078-341-8844,小泉　裕之,コイズミ　ヒロユキ,(01)第0000216号
株式会社アシストマネジメント,アシストマネジメント,兵庫県神戸市中央区相生町４丁目５ー１,〒655-0025,078-362-1616,小西　浩治,コニシ　コウジ,(01)第0002428号
シー・プラス株式会社,シープラス,兵庫県神戸市中央区多聞通三丁目3番16号,〒650-0015,078-335-5858,山本　茂,ヤマモト　シゲル,(01)第0001661号
コーエイ不動産株式会社,コーエイフドウサン,兵庫県神戸市中央区中山手通２－１０－２０,〒650-0004,078-230-8111,山本　隆夫,ヤマモト　タカオ,(01)第0002015号
株式会社ハウスプロメイン,ハウスプロメイン,兵庫県神戸市中央区二宮町1-2-3,〒651-0093,078-222-0868,松本　智,マツモト　サトシ,(02)第0000688号
高井商事株式会社,タカイショウジ,兵庫県神戸市中央区布引町2丁目1番4号,〒651-0097,078-393-3201,高井　政典,タカイ　マサノリ,(01)第0001791号
クスダホーム株式会社,クスダホーム,兵庫県神戸市中央区北長狭通３－７－３玉川ビル５階,〒650-0012,078-325-5525,楠田　和也,クスダ　カズヤ,(01)第0000372号
株式会社いづみ商会,イヅミショウカイ,兵庫県神戸市長田区五番町７－８－４,〒653-0003,078-575-2273,赤澤　正子,アサザワ　マサコ,(01)第0002265号
コウケン綜合商事株式会社,コウケンソウゴウショウジ,兵庫県神戸市長田区二葉町9丁目12番13号,〒653-0042,078-611-1518,岡本　進,オカモト　ススム,(02)第0000099号
京阪神住宅土地株式会社,ケイハンシンジュウタクトチ,兵庫県神戸市東灘区岡本１丁目13－16,〒658-0072,078-411-0123,森　俊文,モリ　トシフミ,(01)第0001615号
株式会社スプール,スプール,兵庫県神戸市東灘区御影塚町３丁目６番１－１号,〒658-0044,078-822-6616,松尾　貴宣,マツオ　タカノリ,(02)第0000465号
株式会社プランナーズ・インターナショナル,プランナーズインターナショナル,兵庫県神戸市東灘区向洋町中5-15　ジ・アンタンテ4階,〒658-0032,078-858-0800,前田　烈,マエダ　レツ,(01)第0001582号
モンテシートエステイト・システムネット研究所,モンテシートエステイトシステムネットケンキュウショ,兵庫県神戸市東灘区住吉東町２丁目3-33-1901,〒658-0052,09015852282,石橋　卓也,イシバシ　タクヤ,(02)第0003088号
パナソニックホームズ不動産株式会社,パナソニックホームズフドウサン,大阪府豊中市新千里西町1-1-4,〒560-8543,06-6834-3816,飯代　努,イジロ　ツトム,(02)第0002003号
株式会社エステート溝口,エステートミゾグチ,兵庫県神戸市灘区永手町2-2-11,〒657-0027,078-822-7500,溝口　隆彦,ミゾグチ　タカヒコ,(01)第0001378号
有限会社ハウジング神戸,ハウジングコウベ,兵庫県神戸市灘区倉石通5丁目1番12号,〒657-0826,078-861-0800,帷　譲二,カタビラ　ジョウジ,(01)第0001794号
エルスイッチ株式会社,エルスイッチ,大阪府大阪市東淀川区東中島４－１１－６,〒533-0033,06-6320-9099,金森　勇祐,カナモリ　ユウスケ,(02)第0002542号
有限会社熊野商会,クマノショウカイ,兵庫県神戸市兵庫区湊川町５丁目1－1,〒652-0041,078-521-2697,山本　公一,ヤマモト　コウイチ,(01)第0001584号
ガウディエステート,ガウディエステート,兵庫県神戸市兵庫区湊町1-57 1F,〒652-0812,078-945-7180,河田　晋,カワダ　ススム,(01)第0001609号
信用興産株式会社,シンヨウコウサン,兵庫県神戸市北区鈴蘭台東町1-12-14,〒651-1112,078-593-0011,濱野　雅之,ハマノ　マサユキ,(01)第0001217号
スーパーランド株式会社,スーパーランド,兵庫県神戸市北区鈴蘭台東町5-4-28,〒651-1112,078-595-1585,中川　秀樹,ナカガワ　ヒデキ,(02)第0001138号
有限会社蝶屋商事,チョウヤショウジ,兵庫県西宮市羽衣町7-21,〒662-0051,0798-33-1327,佐藤　仁思,サトウ　ヒトシ,(01)第0002023号
株式会社アーバンスタイル,アーバンスタイル,兵庫県西宮市久保町１１番４号,〒662-0927,0798-34-8887,溝口　隆義,ミゾグチ　タカヨシ,(01)第0000222号
株式会社ケンショウ,ケンショウ,兵庫県西宮市甲子園浦風町3番6号,〒663-8165,0798-38-1270,井川　義夫,イカワ　ヨシオ,(02)第0001583号
阪神リビング株式会社,ハンシンリビング,兵庫県西宮市鳴尾町３－２－６,〒663-8184,0798-45-1227,稲井　康人,イナイ　ヤスヒト,(02)第0001935号
株式会社テラフォーミング,テラフォーミング,兵庫県西宮市甲子園口３丁目２６番１３号１Ｆ,〒663-8113,0798-31-0781,今河　慶治,イマガワ　ヨシハル,(02)第0001786号
有限会社ベスト,ベスト,兵庫県西宮市甲風園1-5-10,〒662-0832,0798-69-3790,永井　新二,ナガイ　シンジ,(01)第0000793号
グリーンハウスプラニング株式会社,グリーンハウスプラニング,大阪府大阪市中央区南船場１－１０－１９,〒542-0081,06-6266-8818,上田　真人,ウエダ　マサト,(02)第0001599号
株式会社アイオコーポレーション,カブシキカイシャアイオコーポレーション,兵庫県西宮市松原町９－２,〒662-0912,0798-34-0505,大江　裕一,オオエ　ユウイチ,(01)第0002815号
株式会社ホームエージェント,ホームエージェント,兵庫県西宮市神楽町８－１０ファルコ夙川ビル３階,〒662-0977,0798-36-4677,田原　知博,タハラ　トモヒロ,(01)第0002677号
株式会社ナビック,ナビック,兵庫県西宮市生瀬東町15-20,〒669-1103,0797-81-0117,仲内　悦治,ナカウチ　エツジ,(01)第0000798号
ファインホーム株式会社,ファインホーム,兵庫県西宮市津門宝津町10-5,〒663-8232,0798-26-0777,奥野　昭,オクノ　アキラ,(02)第0000480号
オセロ・フィナンシャルサービス株式会社,オセロフィナンシャルサービス,兵庫県西宮市北口町１－１２　塚本ビル２Ｆ,〒663-8035,0798-68-2338,?橋　尚二郎,タカハシ　ショウジロウ,(01)第0001793号
ダイドー管理株式会社,ダイドーカンリ,兵庫県西宮市門戸東町４－５３,〒662-0824,0798-53-3035,森田　泰光,モリタ　ヤスミツ,(01)第0000661号
総合コンサルティング,ソウゴウコンサルティング,兵庫県西宮市里町１－１－１９－１０１号,〒663-8183,0798-49-2000,田中　博行,タナカ　ヒロユキ,(02)第0002016号
日本管財株式会社,ニホンカンザイ,兵庫県西宮市六湛寺町9番16号,〒662-8588,079-835-2200,福田　慎太郎,フクダ　シンタロウ,(01)第0001612号
第一不動産株式会社,ダイイチフドウサン,兵庫県西脇市西脇907,〒677-0015,0795-22-5237,岸本　晃典,キシモト　アキノリ,(01)第0000209号
赤穂共栄住宅株式会社,アコウキョウエイジュウタク,兵庫県赤穂市加里屋２０５０－３,〒678-0239,0791-43-2190,司波　尚俊,シバ　ナオトシ,(02)第0001386号
株式会社松井商事,マツイショウジ,兵庫県丹波市柏原町南多田２０７－１,〒669-3301,0795-72-2103,松浪　裕之,マツナミ　ヒロユキ,(02)第0002259号
株式会社ライフィット,ライフィット,兵庫県豊岡市加広町3-28,〒668-0023,0796-24-2011,與田　稔,ヨダ　ミノル,(02)第0002021号
ヴェロマーレ不動産株式会社,ヴェロマーレフドウサン,兵庫県朝来市和田山町平野91-1,〒669-5211,079-670-3330,垣尾　正人,カキオ　マサト,(01)第0001401号
株式会社フォーリーフ,フォーリーフ,兵庫県尼崎市下坂部1-4-17,〒661-0975,06-7507-1989,井上　勝久,イノウエ　カツヒサ,(01)第0001381号
株式会社大阪住宅,オオサカジュウタク,兵庫県尼崎市久々知１丁目５番７号,〒661-0977,06-6432-1200,山本　和生,ヤマモト　カズオ,(02)第0001383号
株式会社レゾンディレクション,レゾンディレクション,兵庫県尼崎市御園町５番地,〒660-0861,06-6411-7111,清川　浩志,キヨカワ　コウジ,(01)第0002811号
阪神住販株式会社,ハンシンジュウハン,兵庫県尼崎市三反田町２丁目１５番３０号,〒661-0024,06-6427-1204,山下　博之,ヤマシタ　ヒロユキ,(01)第0003090号
アイエイリアルティ株式会社,アイエイリアルティ,兵庫県尼崎市七松町１７番２０号エクセルコート?１階,〒660-0052,06-6418-7033,大富　則夫,オオトミ　ノリオ,(02)第0001798号
株式会社中武不動産,ナカタケフドウサン,兵庫県尼崎市常吉1丁目3番4号,〒661-0042,06-6433-1100,中西　宏之,ナカニシ　ヒロユキ,(01)第0001581号
ムコトチ管理サービス株式会社,ムコトチカンリサービス,兵庫県尼崎市大庄西町１丁目９番１号ヴォートセレスト１５０３号,〒660-0077,06-6417-8005,石崎　修一,イシザキ　シュウイチ,(01)第0000519号
ＪＲ西日本住宅サービス株式会社,ジェイアールニシニホンジュウタクサービスカブシキガイシャ,兵庫県尼崎市長洲西通一丁目３番２６号,〒660-0807,06-6488-1191,窄中　康成,サクナカ　ヤスナリ,(01)第0002813号
ＨＲマネジメント株式会社,エイチアールマネジメント,兵庫県尼崎市東園田町２丁目１０４番地,〒661-0953,06-7502-4114,橋平　満貴子,ハシヒラ　マキコ,(01)第0001611号
山一不動産,ヤマイチフドウサン,兵庫県尼崎市東園田町４－９３,〒661-0953,06-6491-9311,坂田　廣武,サカタ　ヒロタケ,(01)第0001380号
株式会社オフィス２４,オフィスニジュウヨン,兵庫県尼崎市南塚口７－２４－１　ティーグル２４南塚口１Ｆ,〒661-0012,06-6432-2411,藤堂　高光,トウドウ　タカミツ,(02)第0001932号
株式会社アーバントラスト,アーバントラスト,兵庫県尼崎市南塚口町2丁目40番14号,〒661-0012,06-4961-7211,中村　雅幸,ナカムラ　マサユキ,(01)第0001931号
株式会社ＫＸ,ケーエックス,兵庫県尼崎市南武庫之荘3-24-20　エスト第一ビル2Ｆ,〒661-0033,06-6435-9099,岸本　惠子,キシモト　ケイコ,(01)第0001659号
株式会社岸本建設　,キシモトケンセツ,兵庫県尼崎市南武庫之荘１－１８－１１－１０１,〒661-0033,06-6437-0345,?原　真紀,クワバラ　マキ,(01)第0002531号
アパルトマンエージェント株式会社,アパルトマンエージェント,大阪府吹田市江坂町１－１８－８　江坂パークサイドスクエア６階,〒564-0063,06-6821-2201,樋口　次郎,ヒグチ　ジロウ,(02)第0003061号
株式会社さくらネクステート,サクラネクステート,兵庫県尼崎市浜３丁目３番６号,〒661-0967,06-6423-7726,大城　一樹,オオシロ　カズキ,(02)第0001555号
株式会社アクロスコーポレイション,アクロスコーポレイション,兵庫県尼崎市武庫之荘２－１－８－１０１,〒661-0035,06-6432-2121,山部　勇喜,ヤマベ　ユウキ,(02)第0002426号
株式会社ティーハウス,ティーハウス,兵庫県尼崎市立花町1-19-40-103,〒661-0025,06-6421-2103,寺本　貴之,テラモト　タカユキ,(01)第0000904号
アエラハウス株式会社,アエラハウス,兵庫県尼崎市立花町１－４－１５,〒661-0025,06-6424-1800,大浦　崇弘,オオウラ　タカヒロ,(01)第0001776号
株式会社勝好商事,カツヨシショウジ,兵庫県姫路市小利木町30,〒670-0022,079-296-0223,上田　裕江,ウエダ　ヒロエ,(01)第0000548号
株式会社ＪＵＮＨＯＭＥ,ジュンホーム,兵庫県姫路市飾磨区英賀宮台１－１,〒672-8089,079-239-5555,高松　純子,タカマツ　ジュンコ,(01)第0003095号
株式会社スカイエステート,スカイエステート,兵庫県姫路市飾磨区細江2669,〒672-8064,0792345600,土井　園子,ドイ　ソノコ,(01)第0002670号
ベスト・レジデンス株式会社,ベストレジデンス,兵庫県姫路市飾磨区城南町1-11,〒672-8083,079-453-5820,高木　基行,タカギ　モトユキ,(01)第0000515号
株式会社ニッショー・エステート,ニッショーエステート,兵庫県姫路市飾磨区城南町3-63,〒672-8083,079-230-0217,米田　英史,ヨネダ　エイジ,(02)第0001579号
玉田工業株式会社,タマダコウギョウ,兵庫県姫路市田寺1丁目7番5号,〒670-0086,079-293-2500,玉田　直人,タマダ　ナオト,(01)第0001556号
有限会社栄和ビル,エイワビル,兵庫県姫路市増位本町１丁目２番１０号,〒670-0807,079-284-3238,田上　温子,タウエ　アツコ,(02)第0001220号
株式会社赤鹿地所,アカシカジショ,兵庫県姫路市辻井1丁目1番23号,〒670-0083,079-295-7774,赤鹿　保生,アカシカ　ヤスオ,(01)第0000196号
大翔土地建物管理株式会社,ダイショウトチタテモノカンリ,兵庫県姫路市土山東の町13番6号,〒670-0995,079-299-1707,平松　実香,ヒラマツ　ミカ,(01)第0002424号
中西不動産株式会社,ナカニシフドウサン,兵庫県姫路市南駅前町81番地,〒670-0962,079-286-5666,中西　康貴,ナカニシ　ヤスキ,(01)第0001224号
株式会社スクーデリアカーサ,スクーデリアカーサ,兵庫県姫路市南条４２８番地ロッキーコートナカヤ３０７号,〒670-0952,079-226-5160,中安　亨,ナカヤス　トオル,(02)第0000135号
株式会社泰宏土地,タイコウトチ,兵庫県姫路市福沢町65-1,〒670-0992,079-292-3600,澤田　かおり,サワダ　カオリ,(01)第0000800号
株式会社三和建設,サンワケンセツ,兵庫県宝塚市山本東3丁目9番1号,〒665-0881,0797-89-2367,後藤　和男,ゴトウ　カズオ,(01)第0001936号
逆瀬川住研株式会社,サカセガワジュウケン,兵庫県宝塚市中州１－１５－２,〒665-0021,0797-71-3661,井原　新二郎,イハラ　シンジロウ,(02)第0003092号
有限会社中彦,ナカヒコ,兵庫県宝塚市野上４－２２－１８,〒665-0022,0797-71-0833,木本　和彦,キモト　カズヒコ,(01)第0003094号
株式会社クレス,クレス,兵庫県豊岡市九日市上町28番地5,〒668-0051,0796-24-7070,國下　喜久男,クニシタ　キクオ,(02)第0000764号
幸栄不動産建設有限会社,コウエイフドウサンケンセツ,兵庫県養父市八鹿町八鹿１５６８－１,〒667-0021,079-662-7618,植田　克郎,ウエダ　カツロウ,(02)第0002812号
ルークスターマネジメント株式会社,ルークスターマネジメント,兵庫県明石市花園町１－２０,〒673-0015,078-922-1281,谷川　公太,タニガワ　コウタ,(01)第0002013号
株式会社ＡＢＣ,エービーシー,兵庫県明石市小久保2丁目2-13,〒673-0005,078-926-1112,平山　高央,ヒラヤマ　タカオ,(01)第0000783号
吉田建設株式会社,ヨシダケンセツ,兵庫県明石市小久保１－５－１,〒673-0005,078-928-2201,有田　司,アリタ　ツカサ,(01)第0001404号
株式会社ＲＯＯＭＳ,ルームズ,兵庫県明石市太寺大野町2720番地の1,〒673-0843,078-202-8230,久下　秀樹,クゲ　ヒデキ,(01)第0001938号
株式会社ｍｉｒａｉｅ,ミライエ,兵庫県明石市大観町1番18号Fビル1階,〒673-0897,078-913-1661,古谷　唯,フルタニ　ユイ,(02)第0001792号
株式会社穴吹ハウジングサービス,アナブキハウジングサービス,香川県高松市紺屋町3-6　穴吹ハウジング中央通りBLD.5階,〒760-0027,087-822-3110,新宮　章弘,シングウ　アキヒロ,(02)第0002151号
田中商事株式会社,タナカショウジ,兵庫県明石市和坂１２ー４,〒673-0012,078-928-5870,田中　義幸,タナカ　ヨシユキ,(01)第0001616号
