﻿会社名,会社名フリガナ,住所,郵便番号,電話番号,代表氏名,代表氏名フリガナ,登録番号
大東建託パートナーズ株式会社,ダイトウケンタクパートナーズ,東京都港区港南2-16-1,〒108-0075,03-6718-9102,佐藤　功次,サトウ　コウジ,(02)第0001723号
株式会社マルチョウ,マルチョウ,和歌山県田辺市稲成町２９８－１,〒646-0051,0739-24-3939,小川　勇人,オガワ　ハヤト,(01)第0000545号
リアルターオフィス,リアルターオフィス,和歌山県田辺市朝日ヶ丘9番15,〒646-0027,0739-25-7090,後藤　信博,ゴトウ　ノブヒロ,(01)第0000787号
有限会社ワンダーランド優,ワンダーランドユウ,和歌山県田辺市文里2丁目35-2-1,〒646-0023,0739-22-0556,寺岡　開,テラオカ　ヒラクク,(01)第0001799号
株式会社裏地工務店,ウラヂコウムテン,和歌山県田辺市宝来町８番１３号,〒646-0026,0739-22-5396,裏地　崇男,ウラヂ　タカオ,(01)第0003093号
レンタルハウス株式会社,レンタルハウス,和歌山県和歌山市吉田571,〒640-8343,073-426-1163,飯島　啓行,イイジマ　ヒロユキ,(02)第0000428号
アズマハウス株式会社,アズマハウス,和歌山県和歌山市黒田1-2-17,〒640-8341,073-475-1018,東　行男,アズマ　ユキオ,(02)第0001397号
積水ハウス不動産関西株式会社,セキスイハウスフドウサンカンサイ,大阪府大阪市北区大淀中1-1-30,〒531-6125,06-6440-3800,北田　康,キタダ　コウ,(02)第0001517号
ヤマイチ・ユニハイムエステート株式会社,ヤマイチユニハイムエステート,和歌山県和歌山市中之島1518番地　中之島801ビル5階,〒640-8392,073-436-1010,山田　茂,ヤマダ　シゲル,(02)第0000417号
合同会社ＷｉＬＬＨＯＭＥ,ウィルホーム,和歌山県和歌山市南甚五兵衛丁４５　高橋ビル１階,〒640-8292,073-496-0527,竹原　一真,タケハラ　カズマ,(01)第0001580号
株式会社シージェーシー管理センター,シージェーシーカンリセンター,和歌山県和歌山市美園町5丁目2番地の5ｱｲﾜﾋﾞﾙ4階,〒640-8331,0734253266,東　行男,アズマ　ユキオ,(01)第0002674号
株式会社スマートホーム,スマートホーム,和歌山県和歌山市美園町5丁目３－１,〒640-8331,073-488-8880,塚本　貞治,ツカモト　テイジ,(01)第0001382号
ユニオン開発株式会社,ユニオンカイハツカブシキガイシャ,和歌山県和歌山市北島300番地の8,〒640-8403,073-453-7011,藤本　二三夫,フジモト　フミオ,(01)第0002985号
有限会社システムズ・アンド・サービス,システムズアンドサービス,和歌山県和歌山市堀止東１丁目５番２９号,〒640-8136,073-422-0363,木綿　紀文,キワタ　ノリフミ,(01)第0001553号
