﻿会社名,会社名フリガナ,住所,郵便番号,電話番号,代表氏名,代表氏名フリガナ,登録番号
マルイ不動産,マルイフドウサン,千葉県旭市ロ437-2,〒289-2516,0479-64-2118,新行内　俊文,シンギョウウチ　トシフミ,(01)第0000277号
有限会社　坂巻不動産,ユウゲンガイシャ　サカマキフドウサン,千葉県印西市木下１６９５番地,〒270-1326,0476422845,坂巻　栄一,サカマキ　エイイチ,(02)第0001716号
株式会社エムケイハウジング,カブシキガイシャエムケイハウジング,千葉県印旛郡酒々井町中央台1-6-16,〒285-0922,013-496-9160,眞々田　義則,ママダ　ヨシノリ,(01)第0002354号
武田管理,タケダカンリ,千葉県浦安市今川ー９－７－２０１,〒279-0022,047-720-0808,宮田　優子,ミヤタ　ユウコ,(02)第0000703号
株式会社明和地所,カブシキガイシャメイワジショ,千葉県浦安市入船4丁目1番1,〒279-0012,0473808888,今泉　太爾,イマイズミ　タイジ,(01)第0002350号
株式会社新東京ランド,シントウキョウランド,千葉県浦安市入船4丁目7番28号,〒279-0012,047-323-6222,後藤　慎哉,ゴトウ　シンヤ,(01)第0001002号
ロイヤルハウジング販売株式会社,ロイヤルハウジングハンバイ,東京都新宿区西新宿７－１１－１５,〒160-0023,03-3366-2331,木島　寛,キジマ　ヒロシ,(02)第0000614号
株式会社もとゆき,カブシキガイシャモトユキ,千葉県浦安市北栄１－１２－２５,〒279-0002,047-351-1511,平野　繁行,ヒラノ　シゲユキ,(01)第0001827号
株式会社ディープライフ,ディープライフ,千葉県浦安市北栄１－１６－３,〒279-0001,047-354-0126,六井　元一,ムツイ　ゲンイチ,(01)第0001064号
株式会社ダイニチ　,ダイニチ,千葉県浦安市北栄１－１６－３,〒279-0001,047-354-0123,六井　元一,ムツイ　ゲンイチ,(01)第0001063号
有限会社植松商事,ユウゲンガイシャウエマツショウジ,千葉県我孫子市天王台1-13-1,〒270-1143,04-7182-2486,清水　規夫,シミズ　ノリオ,(01)第0000602号
晃南土地株式会社,コウナントチ,千葉県我孫子市本町２－３－２４,〒270-1151,04-7182-6662,中澤　洋一,ナカザワ　ヨウイチ,(01)第0002958号
大成興産株式会社,タイセイコウサンカブシキガイシャ,千葉県鎌ケ谷市東初富4-5-11,〒273-0122,047-444-7171,内山　晃宏,ウチヤマ　アキヒロ,(02)第0000723号
株式会社菊地建築設計事務所,カブシキガイシャキクチケンチクセッイジムショ,千葉県鎌ケ谷市東道野辺4-3-63,〒273-0115,0474459990,菊地　里志,キクチ　サトシ,(01)第0000860号
株式会社松宮商事,マツミヤシヨウジ,千葉県鎌ケ谷市東道野辺７丁目２２番７８号,〒273-0115,047-438-7111,松井　ヨリ子,マツイ　ヨリコ,(02)第0000985号
上総都市計画株式会社,カズサトシケイカク,千葉県君津市外箕輪３－５－２４,〒299-1173,0439-55-1889,藤野　宏治,フジノ　コウジ,(02)第0001075号
株式会社三船地所,ミフネジショ,千葉県君津市南久保２－１４－１,〒299-1154,0439-55-7078,平野　寛明,ヒラノ　ヒロアキ,(01)第0002380号
株式会社新昭和リビンズ,シンショウワリビンズ,千葉県君津市南子安5-13-2,〒299-1162,0439-55-4039,?名　?一,ハマナ　ヒロカズ,(01)第0000840号
株式会社オカムラメイト,カブシキガイシャオカムラメイト,千葉県八千代市大和田新田508-2,〒276-0046,047-409-8323,池田　英治,イケダ　エイジ,(01)第0001714号
株式会社第一ホーム佐倉　,ダイイチホームサクラ,千葉県佐倉市宮前３－１３－１,〒285-0005,043-486-8500,川上　順,カワカミ　ジュン,(02)第0001879号
株式会社栄ハウジング,サカエハウジング,千葉県千葉市花見川区こてはし台1-9-7,〒262-0005,043-257-8991,一原　大介,イチハラ　ダイスケ,(01)第0002759号
有限会社ホームスクエア,ユウゲンガイシャホームスクエア,千葉県市原市旭五所３番地３,〒290-0143,0436-40-1146,川上　進之介,カワカミ　シンノスケ,(01)第0000832号
牛久不動産株式会社,ウシクフドウサン,千葉県市原市牛久１２５２番地１,〒290-0225,0436-92-2915,串田　満長,クシダ　ミツナガ,(02)第0000316号
ランリード株式会社,ランリードカブシキカイシャ,千葉県市原市君塚1-21-6,〒290-0051,0436-20-6755,麻生　博文,アソウ　ヒロフミ,(02)第0001870号
株式会社市原市農協サービス,イチハラシノウキョウサービス,千葉県市原市五井2334,〒290-0056,0436-24-2621,山中　明,ヤマナカ　アキラ,(01)第0001865号
株式会社ジャミンズ　,ジャミンズ,千葉県市原市五井６２３８－１ ,〒290-0056,0436-77-0421,佐藤　智子,サトウ　トモコ,(01)第0001884号
株式会社ＨｅａｒｔＹ,ハーティー,千葉県市原市五井西６－１－１,〒290-0038,0436-63-5343,尾崎　秀樹,オザキ　ヒデキ,(01)第0001534号
有限会社ウエルホーム,ユウゲンガイシャウエルホーム,千葉県市原市五井中央西2-14-3,〒290-0081,0436-22-5559,松尾　隆英,マツオ　タカヒデ,(01)第0002911号
大東建託パートナーズ株式会社,ダイトウケンタクパートナーズ,東京都港区港南2-16-1,〒108-0075,03-6718-9102,佐藤　功次,サトウ　コウジ,(02)第0001723号
佐藤商業株式会社,サトウショウギョウ,千葉県市原市五井東2-14-2,〒290-0055,0436-21-3388,佐藤　昌穂,サトウ　マサホ,(02)第0001442号
有限会社山葉商事,サンヨウショウジ,千葉県市原市五井東２丁目１５番地１５,〒290-0055,0436-22-1155,山口　延義,ヤマグチ　ノブヨシ,(01)第0000350号
株式会社オリジナルメーカー　,オリジナルメーカー,千葉県市原市青柳１８７８－３,〒299-0102,0436-20-7800,平田　英久,ヒラタ　ヒデヒサ,(01)第0001880号
有限会社八幡ホームズ,ユウゲンカイシャヤワタホームズ,千葉県市原市八幡1016,〒290-0062,0436434206,吉田　愛子,ヨシダ　アイコ,(01)第0001504号
株式会社アセットホーム,カブシキガイシャアセットホーム,千葉県市原市八幡489番地1,〒290-0062,0436-42-6300,小泉　雅彦,コイズミ　マサヒコ,(01)第0002346号
大和住宅株式会社,ダイワジュウタク,千葉県市川市鬼越１－２－１,〒272-0022,047-333-8111,関根　栄二,セキネ　エイジ,(02)第0000337号
スターツアメニティー株式会社,スターツアメニティーカブシキガイシャ,東京都江戸川区一之江8-4-3,〒132-0024,03-5662-3051,中松　学,ナカマツ　マナブ,(02)第0000978号
藤栄ハウス株式会社,トウエイハウス,千葉県市川市行徳駅前２－１３－９,〒272-0133,047-395-2630,藤田　?士,フジタ　ヒロシ,(01)第0001542号
藤屋商事株式会社　,フジヤショウジ,千葉県市川市行徳駅前２－１７－５－１０１,〒272-0133,047-357-4780,青山　純一,アオヤマ　ジュンイチ,(01)第0001881号
ＮＫコンサルティング株式会社,エヌケイコンサルティング,千葉県市川市市川1-7-6,〒272-0034,047-307-9188,奈良　桂樹,ナラ　ケイジュ,(02)第0000728号
株式会社アービック,アービック,千葉県市川市市川南1-9-23-3F,〒272-0033,047-325-0021,加藤　泰寛,カトウ　ヤスヒロ,(02)第0000959号
長谷川宅建株式会社,ハセガワタッケン,千葉県市川市市川南１－３－２,〒272-0033,047-326-6052,三浦　俊徳,ミウラ　トシノリ,(01)第0001053号
エム・ティー・エム興産株式会社,エムティーエムコウサンカブシキガイシャ,千葉県市川市相之川4-10-12,〒272-0143,047-395-4818,田中　初枝,タナカ　ハツエ,(02)第0001711号
道和商事株式会社,ドウワショウジカブシキガイシャ,千葉県市川市相之川４丁目１０番８号メゾンエトワール１階,〒272-0143,047-358-0601,鈴木　貴広,スズキ　タカヒロ,(01)第0002443号
富田不動産株式会社,トミタフドウサンカブシキカイシャ,千葉県市川市大野町二丁目232番地,〒272-0805,047-338-1351,富田　和道,トミタ　カズミチ,(01)第0000576号
吉田不動産株式会社,ヨシダフドウサンカブシキガイシャ,千葉県市川市南行徳1-22-29,〒272-0138,047-395-5001,石塚　純教,イシヅカ　スミノリ,(02)第0002358号
株式会社松井不動産建築事務所,カブシキガイシャマツイフドウサンケンチクジムショ,千葉県市川市南行徳３－１－８,〒272-0138,047-397-3701,松井　努,マツイ　ツトム,(01)第0000861号
株式会社平和住宅,カブシキガイシャヘイワジュウタク,千葉県市川市南八幡3-5-16,〒272-0023,047-314-0005,中西　督,ナカニシ　タダシ,(02)第0000455号
株式会社グローブプロパティ,グローブプロパティ,東京都中央区八丁堀三丁目４番１０号,〒104-0032,0335535555,徳山　雅紀,トクヤマ　マサノリ,(02)第0002606号
東洋エステートサービス株式会社,トウヨウエステートサービス,東京都調布市布田4-6-1調布丸善ビル4階,〒182-0024,042-489-1511,塩谷　竜生,シオヤ　リュウセイ,(02)第0002580号
株式会社土谷不動産　,ツチヤフドウサン,千葉県市川市八幡２－１４－１４,〒272-0021,047-334-4324,土谷　幸司,ツチヤ　コウジ,(01)第0001888号
市川市農業協同組合,イチカワシノウギョウキョウドウクミアイ,千葉県市川市北方町四丁目１３５２番地２,〒272-0811,047-339-1115,今野　博之,コンノ　ヒロユキ,(01)第0000659号
未来タウン株式会社,ミライタウンカブシキカイシャ,千葉県習志野市実籾３丁目２－２,〒275-0002,047-455-6110,近江谷　成弘,オウミヤ　ナルヒロ,(01)第0001491号
総栄建設株式会社,ソウエイケンセツカブシキガイシャ,千葉県習志野市実籾５－９－２８,〒275-0002,047-479-3122,竹谷　嘉夫,タケヤ　ヨシオ,(01)第0002472号
株式会社オカムラホーム・リアルティ,カブシキガイシャオカムラホームリアルティ,千葉県習志野市奏の杜１丁目１４番３号１Ｆ,〒275-0028,047-409-7933,越川　洋二,コシカワ　ヨウジ,(01)第0000227号
株式会社　東興不動産販売,カブシキガイシャ　トウコウフドウサンハンバイ,千葉県松戸市金ヶ作408-145,〒270-2251,047-385-5325,和賀　一雄,ワガ　カズオ,(01)第0002439号
廣和建興株式会社,コウワケンコウ,千葉県松戸市栗山３６番地の５,〒271-0097,047-366-0151,関川　剛,セキカワ　タケシ,(01)第0000986号
株式会社ネクステップ,ネクステップ,千葉県松戸市松飛台４０３番地の２,〒270-2214,047-311-0500,奈良　かおり,ナラ　カオリ,(02)第0001165号
株式会社エドケンハウス,エドケンハウス,千葉県松戸市上本郷９０４－６,〒271-0064,047-368-1766,大澤　信孝,オオサワ　ノブタカ,(01)第0001887号
株式会社中央ビル管理,カブシキガイシャチュウオウビルカンリ,埼玉県越谷市南越谷1-20-17,〒343-0845,048-988-8800,中内　晃次郎,ナカウチ　コウジロウ,(02)第0002202号
太陽ハウス株式会社,タイヨウハウスカブシキガイシャ,千葉県松戸市新松戸1丁目204番地,〒270-0034,0473431111,岩橋　淑行,イワハシ　トシユキ,(01)第0001700号
株式会社アレップス,カブシキガイシャアレップス,東京都千代田区岩本町2-6-10,〒101-0032,03-5687-2100,新田　泉,ニッタ　イズミ,(02)第0002607号
株式会社ミニテック,ミニテック,東京都港区港南2-5-3,〒108-0075,03-5769-3209,大原　輝之,オオハラ　テルユキ,(01)第0001682号
株式会社ハウスパートナー,ハウスパートナー,千葉県松戸市新松戸１丁目３５９－１幸和ビル１階,〒274-0034,047-702-6868,高橋　憲,タカハシ　ケン,(01)第0000549号
アールフィールズ株式会社,アールフィールズ,千葉県松戸市西馬橋蔵元町１８３番地　シティプラザ?　１F,〒271-0046,047-701-7935,野田　亮,ノダ　リョウ,(02)第0001730号
株式会社山野辺建設,ヤマノベケンセツ,千葉県松戸市二ツ木1423,〒270-0027,047-344-4895,山野邊　孝夫,ヤマノベ　タカオ,(01)第0002483号
平山建設株式会社,ヒラヤマケンセツ,千葉県成田市花崎町816　ラ・エント成田５階,〒286-0033,0476-23-1122,平山　秀樹,ヒラヤマ　ヒデキ,(01)第0000271号
株式会社グリーンポート・エージェンシー,カブシキガイシャグリーンポートエージェンシー,千葉県成田市古込字古込1-1,〒282-0004,0476-32-8886,濱田　達也,ハマダ　タツヤ,(02)第0002738号
株式会社飯?商事三里塚店,イイヅカショウジサンリヅカテン,千葉県成田市三里塚４１－１,〒286-0111,0476-35-1211,飯塚　一矢,イイヅカ　カズヤ,(01)第0002492号
成田市農業協同組合,ナリタシ,千葉県成田市美郷台３－１６－６,〒286-0013,0476-22-6716,栗原　廣行,クリハラ　ヒロユキ,(01)第0002770号
株式会社国建エステート,カブシキカイシャコッケンエステート,千葉県千葉県市原市五井中央東1-8-2,〒290-0054,0436-26-8242,小嶋　昇,コジマ　ノボル,(01)第0000966号
株式会社アズ・ブリック,アズブリック,東京都中央区銀座5-15-18　銀座東新ビル７F,〒104-0045,03-3248-2603,遠藤　克憲,エンドウ　カツノリ,(02)第0001494号
日比野不動産株式会社,ヒビノフドウサンカブシキガイシャ,千葉県千葉県千葉市花見川区検見川町三丁目302番地24,〒262-0023,043-301-5656,日比野　勇介,ヒビノ　ユウスケ,(01)第0002482号
積水ハウス不動産東京株式会社,セキスイハウスフドウサントウキョウカブシキガイシャ,東京都渋谷区代々木2-1-1,〒151-0053,03-5350-3366,島貫　利一,シマヌキ　トシカズ,(02)第0001005号
スマイル生活株式会社,スマイルセイカツカブシキガイシャ,千葉県千葉市稲毛区園生町468番地86,〒263-0051,043-497-4811,馬上　竜雄,モウエ　タツオ,(02)第0000120号
株式会社元気プラザ,ゲンキプラザ,千葉県千葉市花見川区さつきが丘２－１－４,〒262-0014,043-286-7011,日下部　政幸,クサカベ　マサユキ,(02)第0001883号
万仁土地株式会社,マンニトチカブシキガイシャ,東京都千代田区鍛冶町2-4-4,〒101-0044,03-5207-5113,関根　誠之,セキネ　マサユキ,(01)第0000203号
株式会社エンドーホーム,カブシキガイシャエンドーホーム,千葉県千葉市花見川区花園１－１４－４,〒262-0025,043-271-1117,遠藤　真二,エンドウ　シンジ,(02)第0000486号
幕張実業株式会社,マクハリジツギョウカブシキガイシャ,千葉県千葉市花見川区幕張本郷1-12-8,〒262-0033,0432756611,松田　浩志,マツダ　コウジ,(01)第0001475号
株式会社ランドトラスト　,ランドトラスト,千葉県千葉市美浜区中瀬２－６－１,〒261-7124,0570-008-081,小守　智,コモリ　サトシ,(01)第0002383号
株式会社住まいるワークス,スマイルワークス,千葉県千葉市花見川区幕張本郷１丁目１４番１０号,〒262-0033,043-306-8760,篠原　英憲,シノハラ　ヒデノリ,(02)第0001677号
株式会社ハウスメイトマネジメント,ハウスメイトマネジメント,東京都豊島区東池袋３－１－１　サンシャイン６０　４１Ｆ,〒170-6041,03-3590-0964,井關　豊,イセキ　ユタカ,(02)第0000332号
株式会社ハウスメイトパートナーズ,ハウスメイトパートナーズ,東京都豊島区東池袋３－１－１,〒170-6041,03-3590-0911,井關　豊,イセキ　ユタカ,(02)第0000295号
株式会社アロハプロパティ,アロハプロパティ,千葉県千葉市若葉区みつわ台2-1-19,〒264-0032,043-290-4111,加瀬　光紀,カセ　ミツノリ,(02)第0000437号
株式会社スタイル・レゴ,スタイルレゴ,千葉県千葉市若葉区加曽利町391番地,〒264-0017,043-301-6818,?梨　兼輔,タカナシ　ケンスケ,(02)第0001869号
株式会社ランドマーク,カブシキガイシャランドマーク,千葉県千葉市若葉区西都賀1-17-13,〒264-0026,0432545251,青山　智子,アオヤマ　トモコ,(01)第0002334号
千城京不動産株式会社,チシロミヤフドウサン,千葉県千葉市若葉区千城台西１－３７－１,〒264-0004,043-237-1385,浅輪　麻里子,アサワ　マリコ,(01)第0000680号
株式会社サカエ不動産,サカエフドウサン,千葉県千葉市若葉区都賀３丁目５番８号,〒264-0025,043-231-2429,樋野　伸太郎,ヒノ　シンタロウ,(01)第0000604号
合同会社なごみ,ナゴミ,千葉県千葉市中央区新千葉２丁目５番１４号ニュー芳野ビル２Ａ,〒260-0031,043-302-3003,?田　武道,ヤナギタ　タケミチ,(01)第0002462号
栗原興産株式会社,クリハラコウサンカブシキガイシャ,千葉県千葉市中央区中央3－3－9,〒260-0013,043-225-3113,栗原　洋一,クリハラ　ヨウイチ,(02)第0002564号
草道産業株式会社,クサミチサンギョウカブシキガイシャ,千葉県千葉市中央区中央港１丁目１３番１号千葉県ガス石油会館２階Ｂ号室,〒260-0024,043-306-2552,草道　喜久,クサミチ　ヨシヒサ,(01)第0002910号
大同興業株式会社,ダイドウコウギョウカブシキガイシャ,千葉県千葉市中央区登戸1-15-3-101,〒260-0032,043-241-7412,吉田　孝雄,ヨシダ　タカオ,(02)第0002182号
株式会社アイ・ランド,カブシキガイシャアイランド,千葉県千葉市中央区南町2丁目14番6号,〒260-0842,0433051779,芥川　直子,アクタガワ　ナオコ,(01)第0000567号
山田不動産株式会社,ヤマダフドウサン,千葉県千葉市中央区南町２－７－１５,〒260-0842,043-264-5411,山田　寛民,ヤマダ　ヒロタミ,(01)第0001535号
株式会社ランドハート,カブシキガイシャランドハート,千葉県千葉市中央区富士見2-14-6　,〒260-0015,043-223-1234,森部　彰,モリベ　アキラ,(02)第0002345号
株式会社石橋オフィスサポート,イシバシオフィスサポート,千葉県千葉市中央区弁天1-12-5,〒260-0045,043-254-4794,石橋　寛幸,イシバシ　ヒロユキ,(02)第0001697号
株式会社ＭＤＩ,カブシキガイシャエムディアイ,東京都中央区銀座4-12-15 歌舞伎座タワー10階,〒104-0061,03-3544-2650,井村　航,イムラ　コウ,(01)第0002614号
株式会社プログレッソ,カブシキガイシャプログレッソ,千葉県千葉市中央区弁天3丁目9番7号,〒260-0045,043-252-4624,寺川　貴隆,テラカワ　キリュウ,(01)第0000273号
株式会社ジャパンマーケティング,カブシキガイシャジャパンマーケティング,千葉県千葉市中央区弁天一丁目2番8号,〒260-0045,043-441-7273,渡邊　浩志,ワタナベ　コウジ,(01)第0002188号
株式会社新日本コミュニティー,シンニホンコミュニティー,千葉県千葉市美浜区ひび野１－４－３,〒261-0021,043-213-1391,?見　克司,タカミ　カツシ,(01)第0002495号
セキスイハイム不動産株式会社,セキスイハイムフドウサン,東京都新宿区西新宿2-6-1新宿住友ビル28階,〒163-0228,03-5324-7887,大和屋　学,ヤマトヤ　マナブ,(02)第0001709号
株式会社ランドトラスト　,ランドトラスト,千葉県千葉市美浜区中瀬２－６－１,〒261-7124,0570-008-081,小守　智,コモリ　サトシ,(01)第0002383号
株式会社レベル・ワールド,レベルワールド,千葉県千葉市美浜区中瀬２－６－１,〒261-7121,043-301-5810,藤原　一史,フジワラ　カズフミ,(01)第0001544号
有限会社相和不動産,ユウゲンガイシャアイワフドウサン,千葉県千葉市緑区あすみが丘3-45-3,〒267-0066,043-294-8228,柳澤　裕子,ヤナギサワ　ユウコ,(01)第0002936号
株式会社アシスト,アシスト,千葉県千葉市緑区あすみが丘一丁目1番地8,〒267-0066,043-205-8611,小川　英樹,オガワ　ヒデキ,(02)第0001861号
合同会社第一ホーム,ゴウドウガイシャ　ダイイチホーム,千葉県千葉市緑区土気町1709-5,〒267-0061,043-312-5907,齊藤　美隆,サイトウ　ヨシタカ,(02)第0000960号
株式会社ベストランド,ベストランド,千葉県船橋市芝山2丁目2番地1号-101,〒274-0816,047-456-3031,皆川　義昭,ミナガワ　ヨシアキ,(01)第0001484号
株式会社レイズウェイ,カブシキガイシャレイズウェイ,千葉県船橋市上山町2-290,〒273-0046,0474066117,松本　勇治,マツモト　ユウジ,(02)第0001706号
株式会社ＡＲ,カブシキガイシャ　エーアール,千葉県船橋市西習志野1-9-3ルーツ8番館101,〒274-0815,047-456-6310,山藤　光博,サントウ　ミツヒロ,(02)第0001859号
十河株式会社,ソゴウ,千葉県船橋市西船4-25-6,〒273-0031,047-431-5350,小崎　弓子,オザキ　ユミコ,(02)第0002360号
合同会社双菱,ソウビシ,千葉県船橋市西船１－２６－１０－１０５,〒273-0031,047-430-8028,加藤　翔馬,カトウ　ショウマ,(02)第0000329号
株式会社サンクレスト,カブシキカイシャサンクレスト,千葉県船橋市西船１丁目１９番１１号,〒273-0031,047-437-1551,熊倉　篤史,クマクラ　アツシ,(01)第0002331号
有限会社藤井地所　,フジイジショ,千葉県船橋市西船４－２５－１１,〒273-0031,047-431-4350,鈴木　昌子,スズキ　マサコ,(02)第0001073号
日本管理センター株式会社,ニホンカンリセンター,東京都千代田区丸の内３－４－２,〒100-0005,050-1748-1242,武藤　英明,ムトウ　ヒデアキ,(02)第0001753号
株式会社三信不動産販売,サンシンフドウサンハンバイ,東京都江戸川区南小岩５－２１－４,〒133-0056,03-3673-4111,大竹　智之,オオタケ　トモユキ,(01)第0002756号
生和不動産保証株式会社,セイワフドウサンホショウ,大阪府大阪市福島区福島5-8-1生和福島駅上ビル7階,〒553-0003,06-6345-0662,黒田　順一,クロダ　ジュンイチ,(02)第0001999号
武田不動産株式会社,タケダフドウサン,千葉県船橋市馬込西1-1-2,〒273-0855,047-430-1511,武田　新行,タケダ　トシユキ,(01)第0001458号
有限会社福住産業不動産,フクズミサンギョウフドウサン,千葉県船橋市本中山３－２０－１５,〒273-0035,047-334-3232,齋藤　均,サイトウ　ヒトシ,(01)第0000915号
株式会社ニチワ,カブシキガイシャニチワ,東京都渋谷区円山町5-5,〒150-0044,03-3463-2101,木村　至,キムラ　イタル,(02)第0001508号
パナソニックホームズ不動産株式会社,パナソニックホームズフドウサン,大阪府豊中市新千里西町1-1-4,〒560-8543,06-6834-3816,飯代　努,イジロ　ツトム,(02)第0002003号
三井ホームエステート株式会社,ミツイホームエステートカブシキガイシャ,東京都千代田富士見2-3-11,〒102-0071,03-5226-3733,谷川　裕一,タニカワ　ユウイチ,(02)第0001833号
大成有楽不動産販売株式会社,タイセイユウラクフドウサンハンバイ,東京都中央区京橋3-13-1,〒104-0031,03-6867-0708,村上　善彦,ムラカミ　ヨシヒコ,(02)第0002089号
住友林業レジデンシャル株式会社,スミトモリンギョウレジデンシャル,東京都新宿区新宿２－１９－１　ビッグス新宿ビル４階,〒160-0022,03-3350-8731,檜垣　隆久,ヒガキ　タカヒサ,(02)第0002491号
株式会社エンパートナーズ,エンパートナーズ,東京都新宿区四谷三丁目６番１５号　レジデスト四谷ビル,〒160-0004,03-6380-4295,草野　守幸,クサノ　モリユキ,(01)第0002117号
株式会社リンクス・エステート,リンクスエステート,千葉県船橋市本町７－１１－３,〒273-0005,047-421-3553,目谷　祐輔,メヤ　ユウスケ,(01)第0001083号
日本ハウズイング株式会社,ニホンハウズイング,東京都新宿区新宿１－３１－１２,〒160-8410,03-5379-4141,小佐野　台,オサノ　ウテナ,(02)第0001009号
大里綜合管理株式会社,オオサトソウゴウカンリカブシキガイシャ,千葉県大網白里市みやこ野二丁目3番地1,〒299-3236,0475723473,野老　真理子,トコロ　マリコ,(01)第0002359号
株式会社リバティ,カブシキガイシャリバティ,千葉県大網白里市駒込443-1,〒299-3235,0475-70-1200,米倉　裕治,ヨネクラ　ユウジ,(02)第0000984号
有限会社　リーブル,リーブル,千葉県東金市道庭９５４番地１,〒283-0003,0475-52-8881,行木　義輝,ナメキ　ヨシテル,(01)第0002590号
有限会社ユーアイコーポレーション,ユウゲンカイシャユーアイコーポレーション,千葉県東金市南上宿２０番地４,〒283-0066,0475-55-7663,村井　美知子,ムライ　ミチコ,(01)第0001476号
株式会社リエンテ,リエンテ,千葉県柏市旭町１丁目１番７号第５彰栄ビル３Ｆ,〒277-0852,04-7140-1777,矢代　勝彦,ヤシロ　カツヒコ,(01)第0001845号
石橋不動産株式会社,イシバシフドウサン,千葉県柏市増尾6丁目2番8号,〒277-0033,04-7174-1188,石橋　剛志,イシバシ　タケシ,(01)第0000835号
アパマン管理サービス株式会社,アパマンカンリサービスカブシキガイシャ,千葉県柏市中央2-10-5,〒277-0023,04-7168-7701,今野　司郎,コンノ　シロウ,(01)第0002763号
向陽株式会社,コウヨウカブシキガイシャ,千葉県柏市柏1-5-15,〒277-0005,04-7164-0807,須賀　盛貴,スガ　モリタカ,(01)第0002907号
フーサワ商事株式会社,フーサワショウジ,千葉県柏市柏２－３－１　フーサワビル１階,〒277-0005,04-7163-2230,風澤　俊一,フウサワ　トシカズ,(01)第0000371号
ＬＡＮＤＭＡＳＴＥＲ合同会社,ランドマスター,千葉県柏市柏５－１－２,〒277-0005,04-7169-4487,小泉　次郎,コイズミ　ジロウ,(01)第0002952号
広島建設株式会社,ヒロシマケンセツカブシキガイシャ,千葉県柏市豊四季1004番地,〒277-0863,04-7143-5011,島田　秀貴,シマダ　ヒデキ,(01)第0002935号
有限会社コーディアル,ユウゲンガイシャコーディアル,千葉県柏市北柏1-5-2第3ｺｰﾃﾞｨｱﾙﾋﾞﾙ２A,〒277-0832,04-7197-7313,?光　範英,トクミツ　ノリヒデ,(02)第0002322号
桂不動産株式会社,カツラフドウサン,茨城県つくば市研究学園７－４９－４,〒305-0817,029-854-4130,渡邉　宗明,ワタナベ　ムネアキ,(02)第0000031号
八千代市農業協同組合,ヤチヨシノウギョウキョウドウクミアイ,千葉県八千代市ゆりのき台４－９－３,〒276-0042,047-481-3700,藤代　清文,フジシロ　キヨフミ,(01)第0001081号
株式会社フソウアルファ,フソウアルファ,東京都千代田区神田和泉町１番地７の２　,〒101-0024,03-5829-6315,巻渕　渡,マキブチ　ワタル,(01)第0001049号
株式会社川島不動産,カブシキガイシャカワシマフドウサン,千葉県八千代市勝田台2-1-2,〒276-0023,047-483-2652,川島　慎一,カワシマ　シンイチ,(01)第0000863号
株式会社オー・エム・プロパティーズ,オーエムプロパティーズ,千葉県八千代市大和田新田508-2,〒276-0046,047-409-8850,鈴木　正慶,スズキ　マサヨシ,(01)第0001712号
株式会社レスパイトサービス,レスパイトサービス,千葉県八千代市八千代台南1丁目4番15号,〒276-0033,047-481-3307,木内　誠,キウチ　マコト,(01)第0000952号
サンコー住宅産業株式会社,サンコージュウタクサンギョウ,千葉県八千代市八千代台南１－３－６,〒276-0033,047-485-5595,市原　浩一,イチハラ　コウイチ,(01)第0000668号
有限会社さくら商事,ユウゲンカイシャサクラショウジ,千葉県木更津市請西3丁目1番18号,〒292-0801,0438363435,齋藤　政子,サイトウ　マサコ,(02)第0001495号
株式会社さくら都市,サクラトシ,千葉県木更津市請西４－６－２６,〒292-0801,0438-53-7888,中尾　佳正,ナカオ　ヨシマサ,(01)第0002951号
ＪＩＤ　ＩＮＶＥＳＴＭＥＮＴＳ株式会社,ジェイアイディ　インベストメンツ,千葉県木更津市中央２－２－１８ヴェルビュ木更津１０２,〒292-0067,0438-38-5800,森　秀一,モリ　ヒデカズ,(01)第0000219号
有限会社三共土地建物,サンキョウトチタテモノ,千葉県木更津市東太田一丁目１０番２５号,〒292-0043,0438-98-5555,川端　秀夫,カワバタ　ヒデオ,(01)第0000346号
中昇建託有限会社,ナカショウケンタクユウゲンカイシャ,千葉県流山市東深井333,〒270-0101,04-7154-1238,渡辺　美智子,ワタナベ　ミチコ,(01)第0001858号
有限会社流山地所,ナガレヤマジショ,千葉県流山市南流山4丁目1番地の6,〒270-0163,04-7159-8830,大沼　正芳,オオヌマ　マサヨシ,(01)第0001855号
株式会社アカシバ,アカシバ,千葉県流山市流山５－１－１,〒270-0164,04-7158-9412,奈良　かおり,ナラ　カオリ,(01)第0001167号
