﻿会社名,会社名フリガナ,住所,郵便番号,電話番号,代表氏名,代表氏名フリガナ,登録番号
アライ地所株式会社,アライジショ,北海道旭川市4条西2－2－2,〒070-0054,0166-22-0231,荒井　保明,アライ　ヤスアキ,(02)第0000293号
株式会社キュービック不動産,キュービックフドウサン,北海道旭川市旭町２条９丁目１２８番地１５,〒070-0832,0166-55-5055,池田　圭治,イケダ　ケイジ,(02)第0000929号
株式会社旭川住宅流通,アサヒカワジュウタクリュウツウ,北海道旭川市一条通１０丁目１０３番地８５,〒070-0031,0166-29-3131,吉川　裕二,ヨシカワ　ユウジ,(01)第0002550号
株式会社旭川総合宅建,アサヒカワソウゴウタッケン,北海道旭川市宮前１条１丁目３番３号,〒078-8391,0166-76-7191,小林　一徳,コバヤシ　カズノリ,(02)第0000173号
千代田不動産株式会社,チヨダフドウサン,北海道旭川市三条通15丁目813番地2,〒070-0033,0166-26-9922,酒井　勝,サカイ　マサル,(02)第0001419号
大東建託パートナーズ株式会社,ダイトウケンタクパートナーズ,東京都港区港南2-16-1,〒108-0075,03-6718-9102,佐藤　功次,サトウ　コウジ,(02)第0001723号
株式会社生活プロデュース,セイカツプロデュース,北海道旭川市神楽2-9-1-1,〒070-8002,0166-63-4141,神　幸博,ジン　ユキヒロ,(02)第0001328号
株式会社おおみ不動産,オオミフドウサン,北海道旭川市東7条6－1－10,〒070-0027,0166-25-0030,中島　宏治,ナカジマ　ヒロハル,(01)第0002809号
株式会社アーバンライフ建築総合研究所,アーバンライフケンチクソウゴウケンキュウジョ,北海道旭川市東７条３丁目２－１１　アーバンライフビル３Ｆ,〒070-0027,0166-24-6161,中井　二郎,ナカイ　ジロウ,(02)第0001620号
株式会社フルハウス,フルハウス,北海道旭川市南６条通２６丁目５１３－１１５,〒078-8336,0166-31-6700,小林　充博,コバヤシ　ミツヒロ,(02)第0000761号
株式会社丸正池田,マルショウイケダ,北海道帯広市西二十三条南1-132-1,〒080-2473,0155-37-2317,池田　健太,イケダ　ケンタ,(01)第0001959号
有限会社Ｊ・Ｏ企画,ジェイオーキカク,北海道旭川市北門町11丁目2901番地5,〒070-0825,0166-46-7711,牧野　利春,マキノ　トシハル,(01)第0001424号
有限会社ドルフ,ドルフ,北海道旭川市末広１条５丁目３番１７号,〒071-8131,0166-55-9988,古田　秀敏,フルタ　ヒデトシ,(02)第0001420号
有限会社ライフ・マート,ライフマート,北海道虻田郡倶知安町南３条西2丁目13番地,〒044-0033,0136-22-2233,中井　啓晴,ナカイ　ヨシハル,(02)第0000158号
株式会社モード・アライブ,モードアライブ,北海道札幌市東区北二十五条東１４丁目３番１２号ＭＯＤＥ．ＢＬＤ２Ｆ,〒065-0025,011-299-2277,中上　裕幸,ナカウエ　ヒロユキ,(02)第0000488号
小松建設株式会社,コマツケンセツ,北海道伊達市錦町105番地,〒052-0026,0142-23-2043,小松　幸雄,コマツ　ユキオ,(01)第0001183号
株式会社ランディック,ランディック,北海道伊達市元町11-2,〒052-0023,0142-21-2252,片岡　雄也,カタオカ　ユウヤ,(02)第0002170号
エムティ宅建,エムティタクケン,北海道伊達市大町20番地4,〒052-0027,0142-21-2112,高瀬　政男,タカセ　マサオ,(02)第0000036号
有限会社ＨｏｕｓｅＮＡＶＩ,ハウスナビ,北海道岩見沢市９条西３丁目４番地１,〒068-0029,0126-24-4488,佐井　雅恵,サイ　マサエ,(01)第0001184号
株式会社ユタカコーポーレーション,ユタカコーポーレーション,北海道釧路市光陽町１３番２０号,〒085-0051,0154-23-2255,木村　拓也,キムラ　タクヤ,(02)第0001619号
太平洋興発株式会社,タイヘイヨウコウハツカブシキガイシャ,東京都台東区元浅草二丁目6番7号,〒111-0041,0358301604,板垣　好紀,イタガキ　ヨシノリ,(01)第0002615号
有限会社ミズノ企画,ミズノキカク,北海道釧路市星が浦北２－１－１,〒084-0911,0154-51-3983,水野　猛人,ミズノ　タケト,(01)第0002988号
株式会社ウィンドヒル,ウィンドヒル,北海道釧路市文苑1‐１‐13,〒085-0063,0154-38-9911,平井　昌弘,ヒライ　マサヒロ,(02)第0001175号
信興商事株式会社,シンコウショウジ,北海道根室市大正町1-22,〒087-0028,0153-24-3898,大畑　弘之,オオハタ　ヒロユキ,(01)第0001425号
株式会社エッセ,エッセ,北海道札幌市中央区北4条西6丁目1番3号,〒060-0004,011-242-2220,米田　幹寛,ヨネタ　ミキヒロ,(02)第0000034号
株式会社アステル,アステル,北海道恵庭市島松仲町１丁目１２番８号,〒061-1352,0123-29-5544,金森　雄大,カナモリ　タケヒロ,(01)第0003001号
住まいの戸田株式会社,スマイノトダ,北海道千歳市千代田町５ー５ー１,〒066-0062,0123-24-2535,戸田　貢介,トダ　コウスケ,(02)第0002715号
スペースエンタープライズ株式会社,スペースエンタープライズ,北海道江別市野幌代々木町45番地11,〒069-0817,011-381-0025,橘　慎一,タチバナ　シンイチ,(02)第0001181号
株式会社サワケン,サワケン,北海道札幌市中央区北1条西15丁目１番地3大通ハイム711号,〒060-0001,011-577-6619,澤崎　賢司,サワザキ　ケンジ,(02)第0001417号
札幌市農業協同組合,サッポロシノウギョウキョウドウクミアイ,北海道札幌市中央区北１０条西２４－１－１０,〒060-0010,011-621-1316,軽部　幹夫,カルベ　ミキオ,(02)第0001623号
ＢＥＡＭ’Ｓ管理株式会社,ビームスカンリ,北海道札幌市手稲区前田4条10丁目2番8号タケシンスジェアビル,〒006-0814,011-691-3383,道下　祐一,ミチシタ　ユウイチ,(01)第0001185号
ハウスプラザ株式会社,ハウスプラザ,北海道札幌市清田区真栄1条2丁目1-28,〒004-0831,011-884-9522,佐藤　均,サトウ　ヒトシ,(02)第0001177号
札幌宅商株式会社,サッポロタクショウ,北海道札幌市豊平区平岸2条13丁目22番地　,〒062-0932,011-822-0115,岡林　敏一,オカバヤシ　トシカズ,(02)第0001327号
株式会社カナディアンホーム,カナディアンホーム,北海道札幌市西区山の手７条７丁目１番１２号,〒063-0007,011-621-5221,塩崎　康男,シオザキ　ヤスオ,(01)第0001812号
株式会社リート,リート,北海道札幌市西区西町北20-5-10,〒063-0061,011-666-7000,小菅　清隆,コスゲ　キヨタカ,(01)第0000935号
アンサンブル株式会社,アンサンブル,北海道札幌市西区西野八条３丁目３番１６号レジデンスＡ＆Ｖ１０２,〒063-0038,011-215-9882,柴田　大輔,シバタ　ダイスケ,(01)第0002990号
東邦マネジメントサービス株式会社,トウホウマネジメントサービス,北海道札幌市西区二十四軒2条1丁目1番33,〒062-0802,011-676-7940,松本　稔,マツモト　ミノル,(01)第0002172号
株式会社アンドセレクト,アンドセレクト,北海道札幌市西区二十四軒2条4丁目6番23,〒063-0802,011-633-1677,渡邊　光,ワタナベ　ヒカル,(01)第0002167号
有限会社ジェイズ・マネージメント,ジェイズマネージメント,北海道札幌市西区二十四軒4条4丁目13－2,〒063-0804,011-642-5678,徳中　克樹,トクナカ　カツキ,(02)第0000390号
株式会社サンケイデニックス,サンケイデニックス,北海道札幌市西区二十四軒２条５丁目３番５,〒063-0802,011-621-5511,大野　陽子,オオノ　ヨウコ,(02)第0002880号
株式会社ＳＡＮＫＥＩ,サンケイ,北海道札幌市西区八軒９条東４丁目１－２０,〒063-0869,011-709-7811,湯浅　岳雄,ユアサ　タケオ,(02)第0002429号
株式会社藤井ビル,フジイビル,北海道札幌市中央区大通西11丁目4番地,〒060-0042,011-221-3939,藤井　將博,フジイ　マサヒロ,(01)第0001324号
有限会社不動産マネジメント,フドウサンマネジメント,北海道札幌市中央区大通西15-2-18,〒060-0042,011-688-7744,高橋　信道,タカハシ　ノブミチ,(02)第0000928号
北海立地株式会社,ホッカイリッチ,北海道札幌市中央区大通西15丁目2-3,〒060-0042,011-643-6661,大場　至峰,オオバ　シホウ,(02)第0001961号
株式会社クオリティーエステート,クオリティーエステート,北海道札幌市中央区大通西19丁目1-350　メロウプレイス1階,〒060-0042,011-596-9096,芳賀　勇喜,ハガ　ユウキ,(02)第0000749号
株式会社エスティ,エスティ,北海道札幌市中央区南10条西10丁目1番20号さくらビル5階,〒064-0810,011-213-1658,齊藤　茂樹,サイトウ　シゲキ,(01)第0001331号
有限会社アルズプランニング,アルズプランニング,北海道札幌市豊平区豊平2条2丁目3-1　アーバンビル豊平２Ｆ,〒062-0902,011-837-3363,熊谷　英之,クマガイ　ヒデユキ,(02)第0002560号
株式会社タカラ,タカラ,北海道札幌市中央区南1条西10丁目4番地,〒060-0061,011-261-5655,山口　昭七,ヤマグチ　ショウシチ,(01)第0001962号
株式会社サクシード,カブシキカイシャサクシード,北海道札幌市中央区南1条西11丁目1番地306SucceedBLD,〒060-0061,011-210-1323,前田　誠,マエダ　マコト,(01)第0000822号
株式会社アプリーズ,アプリーズ,北海道札幌市中央区南1条西5丁目19-1,〒060-0061,011-522-5402,西根　直樹,ニシネ　ナオキ,(01)第0002154号
株式会社アトラスグループ,アトラスグループ,北海道札幌市中央区南20条西11丁目2-1,〒064-0920,011-522-0234,中橋　健志,ナカハシ　ケンジ,(01)第0001422号
株式会社Ｇ・Ｔｏｗｎ,ジータウン,北海道札幌市中央区南2条西10丁目1000-20,〒060-0062,011-206-8660,後藤　晃,ゴトウ　アキラ,(02)第0000134号
株式会社エクシング,エクシング,北海道札幌市中央区南4条東4丁目11番地,〒060-0054,011-222-2103,三國　成能,ミクニ　シゲヨシ,(02)第0002713号
株式会社ギム,ギム,北海道札幌市中央区南5条西11丁目1288番地13,〒064-0805,011-518-5800,菅野　修司,カンノ　シュウジ,(01)第0002279号
株式会社吉田宅建,ヨシダタッケン,北海道札幌市中央区南5条西8丁目7-1,〒064-0805,011-511-2222,吉田　恵子,ヨシダ　ケイコ,(02)第0000106号
不動産バンク株式会社,フドウサンバンク,北海道札幌市中央区南6条西13丁目4-27,〒064-0806,011-532-8800,大広　祐司,オオヒロ　ユウジ,(01)第0000581号
株式会社アイズビル管理,アイズビルカンリ,北海道札幌市中央区南8条西14丁目3-6-2F,〒064-0808,011-520-5022,相澤　友之,アイザワ　トモユキ,(01)第0001960号
アゼスホーム株式会社,アゼスホーム,北海道札幌市中央区南8条西8丁目515,〒064-0808,0112111733,藤原　学,フジワラ　マナブ,(02)第0000745号
有限会社ウェイクアップ,ウェイクアップ,北海道札幌市中央区南9条西4－6－3,〒064-0809,011-512-3312,塩田　純司,シオタ　ジュンジ,(02)第0002554号
株式会社プレスタ,プレスタ,北海道札幌市中央区南１１条西７－２－７－２０１号,〒064-0811,011-211-0650,大江　建,オオエ　タツル,(01)第0001622号
株式会社不動産ラボ,フドウサンラボ,北海道札幌市中央区南１３条西７丁目２番１号,〒064-0913,011-522-8668,中村　潔司,ナカムラ　キヨシ,(02)第0002882号
株式会社ランドマーク・アメニティ,ランドマークアメニティ,北海道札幌市中央区南１条西２３－１－６,〒064-0801,011-633-1230,今野　達也,コンノ　タツヤ,(01)第0000382号
株式会社ピーシークラブ,ピーシークラブ,北海道札幌市中央区南１条西２５丁目２番２５号,〒064-0801,011-615-9011,高橋　寛之,タカハシ　ヒロユキ,(02)第0000473号
株式会社ロゴス,ロゴス,北海道札幌市中央区南１条西５丁目５番地５北日本中央ビル,〒060-0061,011-252-3501,金澤　亜紀子,カナザワ　アキコ,(02)第0001329号
アルファコミュニティ株式会社,アルファコミュニティ,北海道札幌市中央区南１条西７－１－３,〒060-0061,011-272-7781,川村　裕二,カワムラ　ユウジ,(01)第0000672号
株式会社日専連ジェミス,ニッセンレンジェミス,北海道帯広市西２条南８－８,〒080-8686,0155-21-2000,臼井　呉行,ウスイ　ヒロユキ,(02)第0001318号
北日本ビル管理株式会社,キタニホンビルカンリ,北海道札幌市中央区南１条東１－３,〒060-0051,011-271-6116,逸見　篤,ヘンミ　アツシ,(01)第0000678号
丸紅リアルエステートマネジメント株式会社,マルベニリアルエステートマネジメント,東京都港区芝５－２０－６,〒108-0014,03-5419-1980,吉田　隆太郎,ヨシダ　リュウタロウ,(01)第0002106号
株式会社グランアーク,グランアーク,北海道札幌市中央区南２条西７丁目９番地６,〒060-0062,011-218-7365,藤本　実,フジモト　ミノル,(01)第0001423号
財務コンサルタント株式会社,ザイムコンサルタント,北海道札幌市中央区南３条西13-320-13,〒060-0063,011-221-0005,細井　全,ホソイ　ゼン,(01)第0002548号
株式会社コンサルティングボックス,コンサルティングボックス,北海道札幌市中央区南４条西１３丁目１－８　Ｓ４１３ビル３階,〒064-0804,011-522-0661,吉田　哲也,ヨシダ　テツヤ,(02)第0002152号
株式会社穴吹ハウジングサービス,アナブキハウジングサービス,香川県高松市紺屋町3-6　穴吹ハウジング中央通りBLD.5階,〒760-0027,087-822-3110,新宮　章弘,シングウ　アキヒロ,(02)第0002151号
株式会社ユニホー,ユニホー,愛知県名古屋市名東区一社3-7,〒465-0093,052-703-1111,丹羽　紀人,ニワ　ノリヒト,(02)第0001250号
株式会社グランドデザイン,グランドデザイン,北海道札幌市中央区南一条西１丁目１６番地４シルキービル２階,〒060-0061,011-200-9610,川原　啓介,カワハラ　ケイスケ,(02)第0000181号
株式会社長谷工ライブネット,ハセコウライブネット,東京都港区芝３－８－２,〒105-0014,03-5419-9100,永谷　祥史,ナガタニ　ショウジ,(02)第0001062号
株式会社ファクター・ナインサービス,ファクターナインサービス,北海道札幌市中央区南二条西２５丁目１番２号,〒064-0802,011-612-0099,高橋　宏弥,タカハシ　ヒロヤ,(02)第0000750号
株式会社パルテクノ,パルテクノ,北海道札幌市中央区北10条西24丁目3番地ＡＫＫビル,〒060-0010,011-558-2103,中村　文隆,ナカムラ　フミタカ,(01)第0002710号
株式会社北総研,ホクソウケン,北海道札幌市中央区北1条西16丁目1番地5,〒060-0001,011-621-4567,中山　輝善,ナカヤマ　テルヨシ,(02)第0000032号
株式会社ブランシャール,ブランシャール,北海道札幌市中央区北1条西21丁目3-30,〒064-0821,011-300-0006,上村　正行,カミムラ　マサユキ,(02)第0002712号
株式会社Ｃａｒｅｅｒ　Ｂｒｉｄｇｅ,キャリアブリッジ,北海道札幌市中央区北2条東12丁目98番20,〒060-0032,011-222-3377,古川　和則,フルカワ　カズノリ,(01)第0002883号
株式会社エフズライフ,エフズライフ,北海道札幌市東区北36条東16丁目1-15,〒007-0836,011-785-6601,深瀬　貴洋,フカセ　タカヒロ,(02)第0000162号
株式会社札幌カンリセンター,サッポロカンリセンター,北海道札幌市中央区北5条西26丁目1－5　,〒064-0825,011-213-7533,高橋　孝嘉,タカハシ　ユキヨシ,(01)第0002280号
有限会社潮ライフホーム,ウシオライフホーム,北海道札幌市中央区北8条西19丁目35-68,〒060-0008,011-613-6371,坂下　博幸,サカシタ　ヒロユキ,(02)第0001084号
株式会社アーバンビルサポート,アーバンビルサポート,北海道札幌市中央区北１条西19丁目１－１４,〒060-0001,011-616-8555,富樫　秀一,トガシ　シュウイチ,(01)第0001322号
二幸産業株式会社,ニコウサンギョウカブシキガイシャ,東京都新宿区高田馬場1-6-16,〒169-0075,03-5291-1402,小河原　豊,オガワラ　ユタカ,(01)第0000979号
株式会社ビーロット,ビーロット,東京都港区新橋１－１１－７,〒105-0004,03-6891-2525,宮内　誠,ミヤウチ　マコト,(01)第0000258号
株式会社アスタ,アスタ,北海道札幌市中央区北２条東３－２,〒060-0032,011-272-6756,赤平　貢,アカヒラ　ミツグ,(01)第0001321号
山京ビルマネジメント株式会社,サンキョウビルマネジメント,北海道札幌市中央区北３条西３丁目１番地,〒060-0003,011-207-0110,平井　敬之,ヒライ　タカユキ,(01)第0002551号
株式会社テスク,テスク,北海道札幌市中央区北七条西２０丁目２番１号,〒060-0007,011-215-7722,丹　英司,タン　エイジ,(02)第0000075号
株式会社日立アーバンサポート,ヒタチアーバンサポート,東京都千代田区神田錦町３－７－１　興和一橋ビル７階,〒101-0054,03-6880-3700,佐伯　裕之,サヘキ　ヒロユキ,(02)第0003058号
株式会社ｂｅｎｅｆｉｔ,ベネフィット,北海道札幌市東区北13条東13丁目2-40,〒065-0013,011-788-3121,奥山　竜也,オクヤマ　タツヤ,(01)第0000262号
株式会社北海道ハウス,ホッカイドウハウス,北海道札幌市東区北15条東15丁目4番1号,〒065-0015,011-743-0200,木下　明,キノシタ　アキラ,(01)第0001823号
株式会社ベアリアス,ベアリアス,北海道札幌市東区北23条東15丁目5－27,〒065-0023,011-742-5030,志田　智隆,シダ　トモタカ,(02)第0002552号
満室プロジェクト株式会社,マンシツプロジェクト,北海道札幌市東区北39条東2丁目3番15号　MP39ビル2F,〒007-0839,011-790-6799,上田　正人,ウエダ　マサト,(02)第0000476号
有限会社アルター,アルター,北海道札幌市東区北１１条東１丁目２番１３号,〒065-0011,011-792-1177,野見山　茂,ノミヤマ　シゲル,(02)第0001964号
株式会社エフォートホーム,エフォートホーム,北海道札幌市東区北２１条東１５－４－１２,〒065-0021,011-733-8005,辻本　尚樹,ツジモト　ナオキ,(01)第0001415号
アイ・ハウズィングサービス株式会社,アイハウズィングサービス,北海道札幌市東区北三十二条東８丁目２番４号三愛ビル２階,〒065-0032,011-721-8282,伊藤　晃,イトウ　コウ,(01)第0001330号
株式会社ＬＥＡＰ　ＯＶＥＲ,リープオーバー,北海道札幌市東区北十二条東2-1-33　DｙｎａｍｉｓＮ12,〒065-0012,011-299-4778,千葉　亮一,チバ　リョウイチ,(01)第0002993号
あおぞら不動産株式会社,アオゾラフドウサン,北海道札幌市東区北二十四条東１６丁目１番２１－３０３,〒065-0024,011-577-5261,松本　広一,マツモト　コウイチ,(02)第0000187号
株式会社レックスコーポレーション,レックスコーポレーション,北海道札幌市東区北八条東三丁目１番１号,〒060-0908,011-722-4030,谷口　勤,タニグチ　ツトム,(01)第0002711号
有限会社ダン,ダン,北海道札幌市東区本町１ー６ー１ー１,〒065-0041,011-785-9212,竹田　雄二,タケダ　ユウジ,(01)第0002989号
株式会社ジンビルサービス,ジンビルサービス,北海道札幌市南区澄川4条1丁目1番40号,〒005-0004,0118160808,神　廣幸,ジン　ヒロユキ,(01)第0000231号
株式会社八城地建,ヤシロチケン,北海道札幌市南区澄川5条4丁目2-10,〒005-0005,011-823-0538,吉田　篤史,ヨシダ　アツシ,(02)第0002885号
オリエントマネージメントサービス株式会社,オリエントマネージメントサービス,北海道札幌市南区石山一条７-27-7,〒005-0841,011-594-2011,藤田　春幸,フジタ　ハルユキ,(01)第0002719号
株式会社スリーアール,スリーアール,北海道札幌市白石区栄通9丁目1番31号イーアクションビル301,〒003-0021,011-600-2060,野村　龍平,ノムラ　リュウヘイ,(01)第0002286号
株式会社ＰＬＵＭＢＥＲ　ＥＳＴＡＴＥ,プラマーエステート,北海道札幌市白石区栄通２丁目１番２５号,〒003-0021,011-826-4704,金野　義宜,コンノ　ヨシノリ,(01)第0000934号
株式会社イーアクション,イーアクション,北海道札幌市白石区栄通９丁目１－３１　イーアクションビル２F,〒003-0021,011-374-4200,冨田　岳雄,トミタ　タケオ,(02)第0000328号
株式会社アルファーサービス,アルファーサービス,北海道札幌市白石区菊水1条4丁目6番33号,〒003-0801,011-833-9000,齋藤　聖泰,サイトウ　マサヤス,(01)第0000546号
株式会社Ｎｅｘｕｓ,ネクサス,北海道札幌市白石区菊水3条3丁目2番17号,〒003-0803,011-699-6401,滝田　優,タキタ　ユウ,(01)第0001632号
株式会社三協管理センター,サンキョウカンリセンター,北海道札幌市白石区菊水5条3丁目1-8,〒003-0805,011-822-1075,チバ　ヤスヒコ,チバ　ヤスヒコ,(02)第0001418号
株式会社Ｙｅｓ．カンリ札幌,イエスカンリサッポロ,北海道札幌市白石区菊水１条４丁目１番２９号　タートルビル３階,〒003-0801,011-376-5013,山崎　英哲,ヤマザキ　ヒデノリ,(02)第0000296号
三つ葉不動産開発株式会社,ミツバフドウサンカイハツ,北海道札幌市白石区菊水９条３丁目２－１４,〒003-0809,011-867-0790,遠藤　政志,エンドウ　マサシ,(01)第0001319号
有限会社ミックリロケーションシステム,ミックリロケーションシステム,北海道札幌市白石区東札幌２条６丁目７－１４　第２トーホービル２Ｆ,〒003-0002,011-822-3939,佐藤　良隆,サトウ　ヨシタカ,(01)第0002285号
ミサワホーム北海道株式会社,ミサワホームホッカイドウ,北海道札幌市白石区東札幌２条６丁目８番１号,〒003-8558,011-822-1111,三村　勇司,ミムラ　ユウジ,(01)第0000385号
アサヒ住宅株式会社,アサヒジュウタク,北海道札幌市白石区平和通１－北１,〒003-0029,011-866-6101,三浦　雅弘,ミウラ　マサヒロ,(02)第0000292号
株式会社ワイズエステート,ワイズエステート,北海道札幌市白石区平和通１丁目北１０番２２号,〒003-0029,011-876-8715,横手　順哉,ヨコテ　ジュンヤ,(01)第0002168号
ＴＯＴＩデザイン株式会社,トチデザイン,北海道札幌市白石区北郷２－４－２－１７,〒003-0832,011-376-5944,相場　弘輔,アイバ　コウスケ,(01)第0001814号
ロイヤル通商株式会社,ロイヤルツウショウ,北海道札幌市白石区北郷四条７丁目１番３号,〒003-0834,011-874-1111,山邉　大輔,ヤマベ　ダイスケ,(02)第0001179号
株式会社宮川建設,ミヤカワケンセツ,北海道札幌市白石区本通1北3-37,〒003-0027,011-861-1000,入江　秀美,イリエ　ヒデミ,(02)第0000433号
北海道相互建設株式会社,ホッカイドウソウゴケンセツ,北海道札幌市白石区本通6丁目北4番14号,〒003-0027,011-861-7400,小林　一義,コバヤシ　カズヨシ,(02)第0002287号
創和リビングサービス株式会社,ソウワリビングサービス,北海道札幌市豊平区月寒中央通9丁目1-5,〒062-0020,011-850-3151,福山　信仁,フクヤマ　ノブヒト,(01)第0002157号
株式会社アヴァント,アヴァント,北海道札幌市豊平区月寒中央通１０丁目６－２９月寒ＹＳビル１Ｆ,〒062-0020,011-214-0284,竹田　雄一,タケダ　ユウイチ,(02)第0001815号
北武総業株式会社,ホクブソウギョウ,北海道札幌市豊平区月寒中央通６－１－１５,〒062-0020,011-850-0550,小西　政秀,コニシ　マサヒデ,(01)第0000686号
信託ホーム株式会社,シンタクホーム,北海道札幌市豊平区月寒東２条１７丁目１－４７,〒062-0052,011-858-5555,武田　昭子,タケダ　アキコ,(02)第0002714号
イワクラホーム株式会社,イワクラホーム,北海道札幌市豊平区水車町5丁目10番10号,〒062-8633,011-841-9215,蓮井　美津夫,ハスイ　ミツオ,(01)第0001820号
株式会社フロンティアエステート,フロンティアエステート,北海道札幌市豊平区西岡４条１１丁目１５番２１号　FRONTIER-T 1F,〒062-0034,011-522-8977,浜本　正太郎,ハマモト　ショウタロウ,(02)第0002717号
株式会社ベアネクスト,ベアネクスト,北海道札幌市豊平区中の島1条1丁目2番19号1階,〒062-0921,011-376-1801,熊谷　雄二,クマガイ　ユウジ,(02)第0000762号
有限会社シティープラザ,シティープラザ,北海道札幌市豊平区美園10条4丁目3-14,〒062-0010,011-374-4425,大西　俊幸,オオニシ　トシユキ,(01)第0002559号
株式会社札研管理,サッケンカンリ,北海道札幌市豊平区美園４条５丁目３番３号美園ＢＤ２０３号室,〒062-0004,011-376-5780,吉田　洋平,ヨシダ　ヨウヘイ,(01)第0000683号
（株）トーホー,トーホー,北海道札幌市豊平区美園４条６丁目１番２４号,〒062-0004,011-831-2116,伊賀　英貴,イガ　ヒデタカ,(01)第0001323号
イーカンリネット株式会社,イーカンリネット,北海道札幌市豊平区平岸2条2丁目3-30,〒062-0932,011-825-2888,藤江　眞吾,フジエ　シンゴ,(02)第0001174号
札幌宅商リビングデザイン株式会社,サッポロタクショウリビングデザイン,北海道札幌市豊平区平岸2条6丁目1-18　平岸グランドビル別館2階,〒062-0932,011-822-0201,岡林　敏一,オカバヤシ　トシカズ,(01)第0001333号
ライフサポート札幌株式会社,ライフサポートサッポロ,北海道札幌市豊平区平岸3条5丁目4-22,〒062-0933,011-815-2255,相馬　康志,ソウマ　ヤスシ,(01)第0001334号
有限会社田商会,デンショウカイ,北海道札幌市豊平区平岸3条5丁目9-9,〒062-0933,011-841-5753,本間　巧,ホンマ　タクミ,(01)第0002171号
有限会社北日本宅建,キタニホンタッケン,北海道札幌市豊平区豊平6条2丁目2番27号,〒062-0906,011-825-2122,斉藤　彰英,サイトウ　アキヒデ,(01)第0001182号
北海道スノーダクト有限会社,ホッカイドウスノーダクト,北海道札幌市北区篠路1条7丁目16－24,〒002-8021,011-783-2297,山下　忠宏,ヤマシタ　タダヒロ,(01)第0001189号
光陽不動産株式会社,コウヨウフドウサン,北海道札幌市北区新琴似5条7丁目7-16,〒001-0905,011-761-5111,高橋　純哉,タカハシ　ジュンヤ,(01)第0000814号
株式会社ｄクローバーハウス,ディークローバーハウス,北海道札幌市北区新琴似6条16丁目4番12号,〒001-0906,011-790-8091,出塚　陽介,デツカ　ヨウスケ,(01)第0000264号
株式会社Ｔプランニング,ティープランニング,北海道札幌市北区新琴似１２条５－１－１１,〒001-0912,011-827-1200,竹内　利和,タケウチ　トシカズ,(02)第0001317号
株式会社アイトラスト,アイトラスト,北海道札幌市北区屯田５条５丁目３番８号,〒002-0855,011-556-0342,今井　雅雄,イマイ　ノリカズ,(01)第0002991号
株式会社アイコーポレーション,アイコーポレーション,北海道札幌市北区北20条西4丁目20番22号,〒001-0020,011-756-1100,川口　保,カワグチ　タモツ,(01)第0001631号
株式会社エスワンプラス,エスワンプラス,北海道札幌市北区北20条西5丁目2-50,〒001-0020,011-747-5100,福原　理彦,フクハラ　ミチヒコ,(01)第0001822号
株式会社ヴィル,ヴィル,北海道札幌市北区北37条西4丁目1番30号,〒001-0037,011-788-9660,岡嶋　崇之,オカジマ　タカユキ,(01)第0000807号
株式会社三光不動産,サンコウフドウサン,北海道札幌市北区北9条西2-12-1SANKO札幌駅前ビル,〒060-0809,011-558-3377,冨士本　真之,フジモト　マサユキ,(02)第0000927号
日本ハウズイング株式会社,ニホンハウズイング,東京都新宿区新宿１－３１－１２,〒160-8410,03-5379-4141,小佐野　台,オサノ　ウテナ,(02)第0001009号
日本管理センター株式会社,ニホンカンリセンター,東京都千代田区丸の内３－４－２,〒100-0005,050-1748-1242,武藤　英明,ムトウ　ヒデアキ,(02)第0001753号
株式会社パワー・ステーション,パワーステーション,北海道札幌市北区北九条西三丁目1番地1,〒060-0809,011-707-4141,杉本　武司,スギモト　タケシ,(01)第0002881号
積水ハウス不動産東京株式会社,セキスイハウスフドウサントウキョウカブシキガイシャ,東京都渋谷区代々木2-1-1,〒151-0053,03-5350-3366,島貫　利一,シマヌキ　トシカズ,(02)第0001005号
株式会社ハウスメイトマネジメント,ハウスメイトマネジメント,東京都豊島区東池袋３－１－１　サンシャイン６０　４１Ｆ,〒170-6041,03-3590-0964,井關　豊,イセキ　ユタカ,(02)第0000332号
?橋建設株式会社,タカハシケンセツ,北海道士別市大通東１３丁目１６１６番地,〒095-0019,0165-23-5288,高橋　稔,タカハシ　ミノル,(01)第0000506号
有限会社ハトヤビル,ハトヤビル,北海道室蘭市中島町２丁目２９番５号ハトヤ第８ビル,〒050-0074,0143-44-2198,渡邊　栄一,ワタナベ　エイイチ,(01)第0002716号
有限会社グランディール,グランディール,北海道室蘭市中島町３丁目２７－５,〒050-0074,0143-47-0410,内池　秀樹,ウチイケ　ヒデキ,(01)第0002165号
北章宅建株式会社,ホクショウタッケン,北海道小樽市稲穂３－８－７,〒047-0032,0134-64-5476,坂本　周平,サカモト　シュウヘイ,(01)第0001965号
有限会社大成不動産,タイセイフドウサン,北海道小樽市花園5丁目7番3号,〒047-0024,0134-22-5428,五十嶺　若枝,イズミネ　ワカエ,(02)第0000930号
協和ハウジング株式会社,キョウワハウジング,北海道深川市８－１４－１０,〒074-0008,0164-23-2354,須田　和志,スダ　カズシ,(02)第0001621号
株式会社不動産事務所ネット,フドウサンジムショネット,北海道石狩郡当別町園生５３番地３９,〒061-0227,0133-23-1131,佐々木　成尉,ササキ　シゲヤス,(02)第0000611号
株式会社駿河,スルガ,北海道千歳市千代田町6-7,〒066-0062,0123-42-1555,大井　祐子,オオイ　ユウコ,(02)第0002557号
株式会社平和恒産,ヘイワコウサン,北海道千歳市千代田町6丁目8番地,〒066-0062,0123-40-3000,鈴木　善一,スズキ　ヨシカズ,(02)第0000037号
有限会社不動産のピース,フドウサンノピース,北海道千歳市千代田町６丁目８番地,〒066-0062,0123-27-6688,鈴木　善一,スズキ　ヨシカズ,(01)第0001186号
株式会社アイワ不動産,アイワフドウサン,北海道千歳市東郊一丁目５番３号,〒066-0021,0123-23-3959,橋坂　博,ハシザカ　ヒロシ,(01)第0001967号
株式会社ＥＳＴＡＴＥ　ＳＹＳＴＥＭ,エステートシステム,北海道帯広市公園東町1－1－1,〒080-0847,0155-66-7166,石井　裕次郎,イシイ　ユウジロウ,(01)第0000384号
株式会社プロテクト,プロテクト,北海道帯広市新町東2丁目5番地3,〒080-0052,0155-67-7627,遠藤　大樹,エンドウ　タイキ,(01)第0001187号
株式会社ちえん,チエン,北海道帯広市西15条南14丁目1番地11,〒080-0025,0155-36-2477,小田桐　秀敏,オダギリ　ヒデトシ,(02)第0002153号
久保不動産株式会社,クボフドウサン,北海道帯広市西3条南9丁目20,〒080-0013,0155-27-2103,久保　議一,クボ　ギイチ,(01)第0002549号
株式会社賃貸管理,チンタイカンリ,北海道帯広市西5条南15－3,〒080-0015,0155-27-6577,高野　祥平,タカノ　ショウヘイ,(02)第0000326号
株式会社アルゼ不動産,アルゼフドウサン,北海道帯広市西5条南24丁目15番地,〒080-0015,0155-67-5072,中田　成史,ナカタ　マサフミ,(02)第0000464号
有限会社ノースクルーズ,ノースクルーズ,北海道帯広市西6条南2丁目4番5,〒080-0016,0155-27-7772,塚本　雅晴,ツカモト　マサハル,(02)第0001421号
有限会社エス・アイ・エル,エスアイエル,北海道帯広市西１８条南２丁目１７番地３,〒080-0028,0155-41-3766,川上　哲,カワカミ　サトル,(02)第0002155号
白石建設株式会社,シライシケンセツ,北海道帯広市西１９条南５丁目15番15号1階,〒080-2469,0155-36-1121,白石　優,シライシ　マサル,(01)第0000932号
株式会社トップス,トップス,北海道帯広市西２条南２６丁目３-2,〒080-0012,0155-28-3000,平川　康彦,ヒラカワ　ヤスヒコ,(02)第0000504号
株式会社エーワンホーム,エーワンホーム,北海道帯広市西８条南１３丁目２番地,〒080-0018,0155-22-2009,木村　卓洋,キムラ　タカヒロ,(02)第0000060号
有限会社ワッフルリンク,ワッフルリンク,北海道帯広市大通南１９－３－１,〒080-0010,0155-25-5500,鳥越　範彦,トリコシ　ノリヒコ,(02)第0000286号
株式会社フォノ,フォノ,北海道帯広市東2条南7-17-7,〒080-0802,0155-67-8102,荒木　直人,アラキ　ナオト,(01)第0002992号
株式会社こがねむし不動産,コガネムシフドウサン,北海道帯広市緑ヶ丘２条通１丁目５番地１,〒080-0842,0155-67-1562,矢本　寛和,ヤモト　ヒロカズ,(01)第0000211号
有限会社協和商事,キョウワショウジ,北海道滝川市東町７丁目９－２６,〒073-0024,0125-22-0220,南?　圭太,ミナミザキ　ケイタ,(01)第0000665号
有限会社谷口総合サービス,タニグチソウゴウサービス,北海道滝川市本町2-3-5,〒073-0021,0125-23-8170,谷口　正樹,タニグチ　マサキ,(02)第0001176号
有限会社第一ホーム,ダイイチホーム,北海道中川郡幕別町札内あかしや町４３番地１０４,〒089-0552,0155-67-5810,遠藤　幸博,エンドウ　ユキヒロ,(02)第0000033号
株式会社賃貸管理センター,チンタイカンリセンター,北海道登別市若草町3丁目31-1,〒059-0035,0143-82-5539,工藤　順一,クドウ　ジュンイチ,(01)第0000570号
株式会社イースト住宅情報,イーストジュウタクジョウホウ,北海道登別市美園町1丁目8-2,〒059-0036,0143-86-8177,藤井　聡之,フジイ　アキノブ,(02)第0002718号
株式会社苫小牧ハウジング,トマコマイハウジング,北海道苫小牧市字錦岡８１－１１,〒059-1275,0144-67-3135,八島　忠義,ヤシマ　タダヨシ,(01)第0000919号
株式会社グロウコーポレーション,グロウコーポレーション,北海道苫小牧市有明町２丁目１番１０号,〒053-0812,0144-75-8875,三津橋　秀樹,ミツハシ　ヒデキ,(01)第0001966号
株式会社ダイワ不動産,ダイワフドウサン,北海道函館市1番3号,〒040-0064,0138-22-8133,國立　有紀,クニタテ　アリノリ,(01)第0000933号
有限会社ホーム不動産,ホームフドウサン,北海道函館市五稜郭町35番1号,〒040-0001,0138-33-0330,角田　隆芳,カクタ　タカヨシ,(01)第0001188号
株式会社ｃｏｒｒｅｃｔ,コレクト,北海道函館市時任町19番18号,〒040-0012,0138-87-2642,笹田　洋石,ササダ　ヨウセキ,(01)第0000931号
株式会社不動産プラザ・ＹＯＵ,フドウサンプラザユー,北海道函館市石川町52番地2,〒041-0802,0138-85-6371,藤澤　正樹,フジサワ　マサキ,(01)第0002156号
辰己商事株式会社,タツミショウジ,北海道函館市千歳町11番4号,〒040-0033,0138-23-3736,辰己　博康,タツミ　ヒロヤス,(02)第0000483号
株式会社リード不動産,リードフドウサン,北海道函館市千歳町２７番８号,〒040-0033,0138-26-5533,渡邊　友子,ワタナベ　トモコ,(02)第0001630号
株式会社三建不動産,サンケンフドウサン,北海道函館市千代台町29－13,〒040-0013,0138-54-9377,山田　卓哉,ヤマダ　タクヤ,(02)第0002553号
株式会社アンビット,アンビット,北海道函館市大縄町11番27号,〒040-0062,0138-83-6976,越智　康三,オチ　コウゾウ,(02)第0001180号
有限会社見上不動産,ミカミフドウサン,北海道函館市大縄町9-19,〒040-0062,0138-22-3300,見上　武,ミカミ　タケシ,(01)第0002558号
株式会社緑地,リョクチ,北海道函館市田家町6-5,〒040-0081,0138-43-6424,竹下　猛,タケシタ　タケシ,(02)第0001178号
株式会社スペース企画管理,スペースキカクカンリ,北海道函館市柏木町15番27号,〒042-0942,0138-56-3361,山下　拓郎,ヤマシタ　タクロウ,(01)第0001821号
野村不動産函館株式会社,ノムラフドウサンハコダテ,北海道函館市柏木町２６-２４,〒042-0942,0138-55-3811,野村　辰男,ノムラ　タツオ,(02)第0002166号
ステップホーム,ステップホーム,北海道函館市美原３丁目３７番５号,〒041-0806,0138845323,平出　実,ヒラデ　ミノル,(02)第0000035号
有限会社ホームサービス,ホームサービス,北海道函館市富岡町二丁目１４番３号,〒041-0811,0138-42-7475,生田　健作,イクタ　ケンサク,(01)第0002283号
協和ハウス有限会社,キョウワハウス,北海道函館市富岡町二丁目１４番３号,〒041-0811,0138-40-0133,生田　健作,イクタ　ケンサク,(01)第0001813号
株式会社アーキスト,アーキスト,北海道富良野市末広町１８番１４号,〒076-0011,0167-23-3662,軽米　達也,カルマイ　タツヤ,(01)第0001416号
株式会社ベネフィット,ベネフィット,北海道北海道函館市富岡町３－２３－２０,〒041-0811,0138-76-9191,小泉　嘉一,コイズミ　ヨシカズ,(01)第0000383号
合同会社らしーく,ラシーク,北海道北見市とん田東町634-8,〒090-0833,0157-57-3861,福田　忍,フクダ　シノブ,(02)第0000172号
株式会社セクト,セクト,北海道北見市とん田東町４０４番地,〒090-0833,0157-23-2183,近江　強,オオミ　ツヨシ,(02)第0002708号
株式会社宅建,タッケン,北海道北見市寿町５丁目１番２５号,〒090-0065,0157-22-0083,近江　秀介,オオミ　ヒデユキ,(01)第0000349号
有限会社美山不動産プランニング,ミヤマフドウサンプランニング,北海道北見市美山町西２丁目６１番地8,〒090-0070,0157-31-4927,藤田　英司,フジタ　ヒデシ,(02)第0000052号
有限会社藤原工産,フジワラコウサン,北海道網走市字潮見２９８－11,〒093-0042,0152-44-1740,藤原　孝一,フジワラ　コウイチ,(02)第0000432号
株式会社Ｊ・メディア,ジェイメディア,北海道北見市本町3－3－9,〒090-0818,0157-25-8887,佐藤　尊人,サトウ　タカヒト,(01)第0002709号
道央農業協同組合,ドウオウ,北海道北広島市中央１－２－１,〒061-1121,011-372-3134,今村　隆徳,イマムラ　タカノリ,(01)第0000685号
ＪＭＰサンライズ株式会社,ジェーエムピーサンライズ,北海道北広島市中央３ー７ー８,〒061-1121,011-807-5371,羽田　好志,ハネダ　ヨシユキ,(02)第0000638号
株式会社民友商事,ミンユウショウジ,北海道紋別市本町５－１－４,〒094-0004,0158-23-3511,知見　喜美男,チケン　キミオ,(02)第0001320号
朝日産業株式会社,アサヒサンギョウ,北海道夕張郡栗山町朝日４丁目３２番地３,〒069-1513,0123-72-0916,廣岡　延博,ヒロオカ　ノブヒロ,(01)第0002430号
