﻿会社名,会社名フリガナ,住所,郵便番号,電話番号,代表氏名,代表氏名フリガナ,登録番号
有限会社ハウスメイト杵築,ハウスメイトキツキ,大分県杵築市大字南杵築1731番地の7,〒873-0002,0978-62-6203,元島　聡一郎,モトジマ　ソウイチロウ,(01)第0002418号
株式会社グラディア,グラディア,大分県玖珠郡玖珠町大字戸畑字泉園8184,〒879-4331,090-7989-1872,見上　佳花,ミカミ　ヨシカ,(01)第0002413号
有限会社伊藤建材センター,イトウケンザイセンター,大分県玖珠郡玖珠町大字塚脇550,〒879-4413,0973-72-1133,伊藤　宗善,イトウ　ムネヨシ,(01)第0002237号
株式会社ベストライフ,ベストライフ,大分県大分県豊後大野市三重町赤嶺1920番地1,〒879-7111,0974-22-0302,川野　忠文,カワノ　タダフミ,(02)第0002637号
株式会社豊後企画集団,ブンゴキカクシュウダン,大分県大分市王子南町５番６号,〒870-0007,097-537-4975,佐藤　洋,サトウ　ヒロシ,(02)第0002011号
プロパティワコー株式会社,プロパティワコー,大分県大分市下郡南5-2-15,〒870-0955,097-585-5305,齋藤　正浩,サイトウ　マサヒロ,(02)第0002008号
株式会社久光大分,ヒサミツオオイタ,大分県大分市下郡北３－２５－２,〒870-0952,097-567-0881,玉井　淳二,タマイ　ジュンジ,(02)第0000138号
株式会社大分かぼす不動産,オオイタカボスフドウサン,大分県大分市上田町二丁目1番66号,〒870-0886,097-529-6660,井上　洋和,イノウエ　ヒロカズ,(01)第0002239号
株式会社リファレンス,リファレンス,福岡県福岡市博多区博多駅東1-16-14,〒812-0013,092-432-0039,相部　光伸,アイベ　ミツノブ,(02)第0002409号
株式会社グリーンホーム,グリーンホーム,大分県大分市政所1丁目9番3号,〒870-0268,097-592-1288,稗田　真之介,ヒエダ　シンノスケ,(02)第0002514号
株式会社令和不動産ｃｏｍｐａｎｙ,レイワフドウサンカンパニー,大分県大分市大道町４－５－２２第３阿部ビル１０１号,〒870-0822,097-547-8541,奥永　大樹,オクナガ　ダイキ,(02)第0001245号
株式会社ライフステージ大分,ライフステージオオイタ,大分県大分市東大道１丁目６番２４号,〒870-0823,097-543-1800,森?　昌敏,モリサキ　マサトシ,(01)第0003072号
有限会社大幸住研,ダイコウジュウケン,大分県大分市牧3-12-4,〒870-0924,097-553-0590,中間　清武,ナカマ　キヨタケ,(02)第0000458号
大東建託パートナーズ株式会社,ダイトウケンタクパートナーズ,東京都港区港南2-16-1,〒108-0075,03-6718-9102,佐藤　功次,サトウ　コウジ,(02)第0001723号
有限会社エステート三和,エステートサンワ,大分県中津市大字上宮永１４５番地の１,〒871-0027,0979-22-1757,中野　吉邦,ナカノ　ヨシクニ,(02)第0003067号
中信不動産有限会社,チュウシンフドウサン,大分県中津市中央町1丁目1番40号,〒871-0024,0979-24-0555,?口　永一朗,セグチ　エイイチロウ,(02)第0002230号
ハートピア有限会社,ハートピア,大分県日田市中央2丁目2番1号,〒877-0015,0973-22-2234,坂本　亮一,サカモト　リョウイチ,(01)第0003074号
