﻿会社名,会社名フリガナ,住所,郵便番号,電話番号,代表氏名,代表氏名フリガナ,登録番号
株式会社三島コーポレーション,ミシマコーポレーション,大阪府茨木市駅前3丁目2番2号晃永ビル3階,〒567-0888,072-625-2686,千々岩　大輔,チヂイワ　ダイスケ,(02)第0001518号
大東建託パートナーズ株式会社,ダイトウケンタクパートナーズ,東京都港区港南2-16-1,〒108-0075,03-6718-9102,佐藤　功次,サトウ　コウジ,(02)第0001723号
細田商事株式会社,ホソダショウジ,大阪府茨木市舟木町１５－１６,〒567-0828,072-635-8431,上田　学,ウエダ　マナブ,(02)第0002707号
掛谷不動産株式会社,カケヤフドウサン,大阪府茨木市舟木町２番１号　シャトー黒田ビル,〒567-0828,072-638-3961,奥田　哲雄,オクダ　テツオ,(01)第0000660号
株式会社富士商会,フジショウカイ,大阪府茨木市舟木町４－１２,〒567-0828,072-636-7770,大脇　久徳,オオワキ　ヒサノリ,(01)第0001657号
株式会社サンキ,サンキ,大阪府吹田市樫切山２－１９,〒565-0806,06-6876-3618,長　正司,チョウ　ショウジ,(02)第0000875号
株式会社ＦＡＣＥ,フェイス,大阪府茨木市西駅前町4-37,〒567-0032,072-631-4146,中島　隆雄,ナカジマ　タカオ,(01)第0001363号
株式会社ハーツ,ハーツ,大阪府茨木市中津町１６番２７号,〒567-0824,072-632-5896,中島　盛道,ナカシマ　モリミチ,(02)第0002143号
株式会社岡商,オカショウ,大阪府茨木市中穂積1丁目6番48号,〒567-0034,072-626-2254,上岡　國男,カミオカ　クニオ,(01)第0002001号
神谷不動産,カミタニフドウサン,大阪府羽曳野市誉田3丁目15番34号,〒583-0857,072-950-5730,神谷　富夫,カミタニ　トミオ,(01)第0003063号
日嘉興産株式会社,ヒヨシコウサン,大阪府河内長野市木戸西町3丁目1番10号,〒586-0009,0721-55-0311,前田　知秀,マエダ　トモヒデ,(02)第0002839号
積水ハウス不動産関西株式会社,セキスイハウスフドウサンカンサイ,大阪府大阪市北区大淀中1-1-30,〒531-6125,06-6440-3800,北田　康,キタダ　コウ,(02)第0001517号
株式会社アートホーム,アートホーム,大阪府岸和田市下松町３－２－１　ステーションプラザ内,〒596-0823,072-428-2000,南　由則,ミナミ　ヨシノリ,(02)第0001597号
株式会社大起,ダイキ,大阪府岸和田市春木若松町８－１０,〒596-0006,072-436-6234,岩本　功,イワモト　イワオ,(02)第0001274号
フジ・アメニティサービス株式会社,フジアメニティサービス,大阪府岸和田市土生町1丁目4-23,〒596-8588,072-437-0570,宮脇　宣綱,ミヤワキ　ノブツナ,(01)第0000532号
株式会社ＷＡＯＷＡＯ－ｃｒｅａｔｅ,ワオワオクリエイト,大阪府岸和田市土生町４丁目６番１７号８号,〒596-0825,072-427-7788,脇島田　貴弘,ワキシマダ　タカヒロ,(02)第0001646号
株式会社サンリンハウス,サンリンハウス,大阪府岸和田市野田町１－２－１,〒596-0076,072-437-7718,橋本　英高,ハシモト　ヒデタカ,(02)第0001953号
株式会社レンタルハウス南大阪,レンタルハウスミナミオオサカ,大阪府岸和田市野田町１丁目６番２１号,〒596-0076,072-422-7233,小島　信浩,コジマ　ノブヒロ,(02)第0001365号
株式会社野村工務店,ノムラコウムテン,大阪府交野市星田４－１６－５,〒576-0016,072-893-5528,野村　健二,ノムラ　ケンジ,(01)第0002805号
株式会社美山不動産総合事務所,ミヤマフドウサンソウゴウジムショ,大阪府高石市高師浜１丁目１５番２９号,〒592-0004,072-261-8570,山本　泰,ヤマモト　タイ,(02)第0000414号
河村商事株式会社,カワムラショウジ,大阪府高槻市芥川町１丁目２-Ｃ113,〒569-1123,072-683-0001,河内　敬雄,カワチ　タカオ,(01)第0002309号
株式会社住建,スミケン,大阪府高槻市高槻町7-16-1階,〒569-0803,072-683-2001,堂下　一雄,ドウシタ　カズオ,(01)第0002141号
三和開発株式会社,サンワカイハツ,大阪府高槻市寿町２－２１－２９,〒569-0826,072-695-3516,中尾　徳隆,ナカオ　ノリタカ,(01)第0000896号
誠和コーポレーション株式会社,セイワコーポレーション,大阪府高槻市城北町1-5-20,〒569-0071,072-675-6188,上西　慶治,ウエニシ　ケイジ,(01)第0001998号
ハウス住宅管理株式会社,ハウスジュウタクカンリ,大阪府高槻市富田町3丁目3番12号,〒569-0814,072-695-3300,小原　健一,オハラ　ケンイチ,(01)第0001655号
株式会社サンライフホームサービス,サンライフホームサービス,大阪府高槻市富田町２丁目１番２１号,〒569-0814,072-693-0666,田中　末弘,タナカ　スエヒロ,(01)第0002804号
パラゴン株式会社,パラゴン,大阪府堺市堺区向陵東町1-5-3,〒590-0025,072-240-4000,中西　毅,ナカニシ　ツヨシ,(02)第0001647号
株式会社ヨリソア,ヨリソア,大阪府堺市堺区向陵東町1丁9番5号フレグランス三国ヶ丘104,〒590-0025,072-275-8059,滝本　佳範,タキモト　ヨシノリ,(01)第0001297号
株式会社イズホーム不動産,イズホームフドウサン,大阪府堺市堺区三国ケ丘御幸通59 南海堺東ビル7階,〒590-0028,072-230-4986,名越　生雄,ナゴシ　イクオ,(02)第0003065号
生和不動産保証株式会社,セイワフドウサンホショウ,大阪府大阪市福島区福島5-8-1生和福島駅上ビル7階,〒553-0003,06-6345-0662,黒田　順一,クロダ　ジュンイチ,(02)第0001999号
株式会社ベストサービス,ベストサービス,大阪府堺市堺区東湊町3-225-3,〒590-0829,072-320-9028,下司　幸夫,ゲシ　ユキオ,(02)第0000182号
株式会社ハウスメイトマネジメント,ハウスメイトマネジメント,東京都豊島区東池袋３－１－１　サンシャイン６０　４１Ｆ,〒170-6041,03-3590-0964,井關　豊,イセキ　ユタカ,(02)第0000332号
株式会社ファイブエース,ファイブエース,大阪府堺市堺区北瓦町２－１－１９　ファイブビル堺東駅前４階,〒590-0076,072-227-7800,瀧川　幸子,タキガワ　サチコ,(01)第0002132号
エーワン管理株式会社,エーワンカンリ,大阪府堺市西区鳳東町５丁４２１番２,〒593-8324,072-272-4000,吉田　浩二,ヨシダ　コウジ,(01)第0001362号
忠建工営株式会社,タダケンコウエイ,大阪府堺市東区白鷺町１－１６－２３,〒599-8107,072-288-0500,林　勝行,ハヤシ　カツユキ,(02)第0002138号
株式会社プラネット,プラネット,大阪府堺市北区金岡町530-1-102,〒591-8022,072-242-3110,赤松　展彦,アカマツ　ノブヒコ,(02)第0000167号
株式会社セントラルホーム,セントラルホーム,大阪府堺市北区中百舌鳥町２－５４,〒591-8023,072-255-2535,川端　啓壱,カワバタ　ケイイチ,(02)第0001644号
株式会社セントラルハウジング,セントラルハウジング,大阪府堺市北区中百舌鳥町六丁１０４０ー２３,〒591-8023,072-255-4114,川端　啓壱,カワバタ　ケイイチ,(02)第0001519号
株式会社タイシンハウジング,タイシンハウジング,大阪府堺市北区長曽根町3083-20,〒591-8025,072-246-7771,大島　千晶,オオシマ　チアキ,(01)第0001264号
扇商事株式会社,オオギショウジ,大阪府守口市橋波西之町２－１０－９,〒570-0039,06-6994-8858,大儀　文雄,オオギ　フミオ,(02)第0002129号
株式会社アーバンコキタ,アーバンコキタ,大阪府守口市金下町2-1-6,〒570-0079,06-6993-4510,小北　剛,コギタ　ツヨシ,(02)第0001291号
株式会社ＥＡＳＴコーポレーション,イーストコーポレーション,大阪府寝屋川市日之出町１番１号,〒572-0835,072-822-9999,東　敬二,ヒガシ　ケイジ,(01)第0001762号
近藤プロパティ株式会社,コンドウプロパティ,大阪府守口市八島町１番１２号　守口ＫＳビル５階,〒570-0095,06-6991-6617,豊田　泉,トヨダ　イズミ,(02)第0000063号
株式会社大喜住宅,オオキジュウタク,大阪府寝屋川市萱島桜園町８－１２,〒572-0828,072-821-2700,森川　渉,モリカワ　ワタル,(02)第0002705号
株式会社関西ホームサービス,カンサイホームサービス,大阪府寝屋川市東大利町２０－１１,〒572-0042,072-827-6113,中村　正英,ナカムラ　マサヒデ,(01)第0002543号
株式会社コスモ,コスモ,大阪府寝屋川市香里南之町28-24-101,〒572-0084,0728320777,江木　京三,エギ　キョウゾウ,(01)第0002837号
株式会社明星,メイセイ,大阪府寝屋川市香里南之町１４－７,〒572-0084,072-835-6606,中村　健史,ナカムラ　ケンジ,(01)第0001275号
有限会社吉ノ元住建,ヨシノモトジュウケン,大阪府寝屋川市高柳6丁目8番9号,〒572-0051,072-829-3350,吉ノ元　武文,ヨシノモト　タケフミ,(01)第0001767号
株式会社柴田ハウジング,シバタハウジング,大阪府寝屋川市池田南町１６番２６号,〒572-0034,072-839-0066,柴田　潤夫,シバタ　ヒロオ,(02)第0002545号
株式会社タスシステム,タスシステム,大阪府寝屋川市田井西町１９－１７,〒572-0020,072-828-7401,眞壁　大佐,マカベ　ダイスケ,(01)第0002535号
ケンセイ管理株式会社,ケンセイカンリ,大阪府吹田市金田町３０番８号,〒564-0045,06-6385-3200,酒徳　里麻,サカトク　リマ,(01)第0002689号
株式会社エル・ディー・ケイ,エルディーケイ,大阪府吹田市広芝町10-28 オーク江坂ビル9F,〒564-0052,06-6190-6700,有村　政高,アリムラ　マサタカ,(01)第0001268号
ミユキホーム,ミユキホーム,大阪府吹田市広芝町９番４－７０４号,〒564-0052,06-6942-1111,幸　修史,ミユキ　シュウジ,(02)第0000312号
株式会社エリオン,エリオン,大阪府吹田市江の木町1-38,〒564-0053,06-6378-5333,川?　洋,カワサキ　ヒロシ,(01)第0000795号
アヴェルエステート株式会社,アヴェルエステート,大阪府吹田市江坂町5-17-12,〒564-0063,06-6190-1001,加藤　綾治,カトウ　リョウジ,(01)第0002310号
アパルトマンエージェント株式会社,アパルトマンエージェント,大阪府吹田市江坂町１－１８－８　江坂パークサイドスクエア６階,〒564-0063,06-6821-2201,樋口　次郎,ヒグチ　ジロウ,(02)第0003061号
株式会社ハウスメイトパートナーズ,ハウスメイトパートナーズ,東京都豊島区東池袋３－１－１,〒170-6041,03-3590-0911,井關　豊,イセキ　ユタカ,(02)第0000295号
アパルトマン株式会社,アパルトマン,大阪府吹田市江坂町１丁目２３番２８号江坂南口ビル７階,〒564-0063,0668212255,細川　朋哉,ホソカワ　トモヤ,(02)第0002700号
エー・ピー・エス株式会社,エーピーエス,大阪府吹田市江坂町１丁目２３番２８号江坂南口ビル７階,〒564-0063,0668213399,樋口　次郎,ヒグチ　ジロウ,(02)第0002701号
株式会社ケイ・ティ・エス管理,ケイティエスカンリ,大阪府吹田市江坂町二丁目４番１３号,〒564-0063,06-6821-6773,奥長　憲孝,オクナガ　ノリタカ,(01)第0002937号
タクミ商事株式会社,タクミショウジ,大阪府吹田市山田南２９－１－１１０,〒565-0823,06-6878-4937,荒木　謙,アラキ　ケン,(01)第0001367号
森繁建設株式会社,モリシゲケンケツ,大阪府吹田市昭和町1-6,〒564-0028,06-6383-0800,松本　浩治,マツモト　コウジ,(01)第0000806号
ＧＯＴＯハウジング,ゴートゥハウジング,大阪府吹田市西の庄町2番28号,〒564-0071,06-6380-8802,後藤　恭平,ゴトウ　キョウヘイ,(01)第0001290号
近畿ハウジング株式会社,キンキハウジング,大阪府吹田市千里山西1丁目35番43号,〒565-0851,06-6338-0055,三木　雄二,ミキ　ユウジ,(02)第0001890号
千里土地株式会社,センリトチ,大阪府吹田市千里山西五丁目9番29号,〒565-0851,06-6380-1700,杉本　慎一郎,スギモト　シンイチロウ,(01)第0002311号
有限会社協栄管理,キョウエイカンリ,大阪府吹田市内本町1丁目1番32号,〒564-0032,06-6317-6120,金本　博至,カネモト　ヒロシ,(01)第0001760号
クラセルホーム株式会社,クラセルホーム,大阪府吹田市末広町２１－４５,〒564-0022,06-6170-8065,大本　隆也,ダイモト　タカヤ,(01)第0001948号
和田産業株式会社,ワダサンギョウ,大阪府摂津市鳥飼八防１－１４－３,〒566-0054,072-654-0181,和田　智一,ワダ　トモカズ,(02)第0000886号
株式会社オレンジホーム,オレンジホーム,大阪府摂津市東一津屋4-10,〒566-0074,06-6827-2051,藤瀬　順一,フジセ　ジュンイチ,(01)第0001898号
株式会社ホーミングコーポレーション,ホーミングコーポレーション,大阪府泉佐野市上町３－９－２９,〒598-0007,072-462-6878,上野　賢治,ウエノ　ケンジ,(01)第0002538号
株式会社ファインサポート,ファインサポート,大阪府泉佐野市日根野4288-1,〒598-0021,072-447-6624,金田　良典,カナタ　ヨシノリ,(01)第0000206号
アシストホーム株式会社,アシストホームカブシキガイシャ,大阪府泉大津市旭町23-47,〒595-0025,0725-22-1344,松村　泰英,マツムラ　ヤスヒデ,(02)第0002939号
有限会社アップルホーム,アップルホーム,大阪府泉大津市旭町２２－５５,〒592-0025,0725-22-1000,中井　一則,ナカイ　カズノリ,(01)第0001521号
有限会社セイヨー建物管理,セイヨータテモノカンリ,大阪府泉大津市虫取町1-13-9,〒595-0037,0725-44-0746,辻川　眞智子,ツジカワ　マチコ,(02)第0001877号
ネゴロ株式会社,ネゴロ,大阪府泉南郡熊取町野田１丁目２番１２号,〒590-0451,072-452-0558,根耒　和哉,ネゴロ　カズチカ,(02)第0001896号
近鉄住宅管理株式会社,キンテツジュウタクカンリ,大阪府大阪市阿倍野区阿倍野筋１－１－４３,〒545-6090,06-7739-7610,?谷　守男,テツタニ　モリオ,(01)第0002256号
株式会社ランドレック,ランドレック,大阪府大阪市阿倍野区旭町1-1-8,〒545-0051,06-6634-3001,徳山　年浩,トクヤマ　トシヒロ,(01)第0002002号
株式会社アンドランド,アンドランド,大阪府大阪市阿倍野区阪南町１－２１－１５,〒545-0021,06-6615-8890,藤井　司,フジイ　ツカサ,(01)第0001951号
松本ビル管理株式会社,マツモトビルカンリ,大阪府大阪市阿倍野区昭和町3-8-27,〒545-0011,06-6627-8500,松本　泰英,マツモト　ヤスヒデ,(02)第0002316号
株式会社ＫＡＴＡＩ,カタイ,大阪府大阪市阿倍野区美章園1-11-17,〒535-0003,0643053232,片井　秀,カタイ　シュウ,(01)第0002792号
株式会社エムティー,エムティー,大阪府大阪市旭区森小路2-17-2,〒535-0013,06-6957-7555,高森　元槻,タカモリ　モトキ,(01)第0002698号
株式会社大西商事,オオニシショウジ,大阪府大阪市旭区森小路2丁目15番13号,〒535-0013,06-6167-6340,大西　克征,オオニシ　カツユキ,(01)第0000526号
株式会社ナチュラル,ナチュラル,大阪府大阪市此花区四貫島２－１９－６　アーバンコート１０３,〒554-0014,06-6464-3888,谷上　智崇,タニガミ　トモタカ,(01)第0002127号
株式会社富士コミュニティー,フジコミュニティー,大阪府大阪市住吉区苅田５－１８－１２,〒558-0011,06-6696-1820,桑田　政典,クワタ　マサノリ,(02)第0002137号
丸平商事株式会社,マルヒラショウジカブシキカイシャ,大阪府大阪市住吉区沢之町一丁目11番1号,〒558-0031,06-6672-5600,浦　善博,ウラ　ヨシヒロ,(01)第0002938号
株式会社恵幸商事,エコージョウジ,大阪府大阪市住吉区帝塚山東１－５－１０,〒558-0054,06-6678-7811,中島　成和,ナカジマ　シゲカズ,(02)第0001272号
有限会社アールホーム,アールホーム,大阪府大阪市住吉区万代東3-1-44,〒558-0056,06-6695-2224,濱　練三郎,ハマ　レンザブロウ,(01)第0002690号
なにわのシンデレラ株式会社,ナニワノシンデレラ,大阪府大阪市住之江区御崎5-14-11-109,〒559-0013,06-6115-1177,上村　隆司,カミムラ　リュウジ,(01)第0000239号
住之江不動産株式会社,スミノエフドウサン,大阪府大阪市住之江区新北島3-9-12,〒559-0024,06-6685-9919,吉田　敬一,ヨシダ　ケイイチ,(02)第0002438号
アイケイ不動産株式会社,アイケイフドウサン,大阪府大阪市城東区蒲生２－１－２８　ブランブリエ京橋１,〒536-0016,06-6932-0709,川崎　勝郎,カワサキ　カツロウ,(02)第0002541号
株式会社不動ハウジング,フドウハウジング,大阪府豊中市曽根東町３丁目５－１,〒561-0802,06-4866-1238,大林　由尚,オオバヤシ　ヨリタカ,(02)第0001892号
株式会社おくの,オクノ,大阪府大阪市城東区今福東３丁目１２番１９号,〒536-0002,06-6786-5558,奥野　隆志,オクノ　タカシ,(01)第0002808号
ハウスマネジメント株式会社,ハウスマネジメント,大阪府大阪市城東区東中浜1-10-1-1階,〒536-0023,06-6180-8129,江口　正樹,エグチ　マサキ,(01)第0000358号
有限会社樟葉商事,クズハショウジ,大阪府大阪市城東区野江３－９－１６,〒536-0006,06-6934-2246,木村　進,キムラ　ススム,(02)第0002537号
株式会社アルジェントホーム,アルジェントホーム,大阪府大阪市生野区中川西2-17-12,〒544-0032,06-6718-5786,大村　銀実,オオムラ　ギンミ,(01)第0000797号
有限会社今商,イマショウ,大阪府大阪市生野区中川西１－１５－２３,〒544-0032,06-6712-6505,今中　廉幸,イマナカ　ヤスユキ,(02)第0000335号
株式会社長栄,チョウエイ,京都府京都市伏見区深草西浦町3丁目70番地第5長栄アストロビル,〒612-0029,075-343-1600,長田　修,オサダ　オサム,(02)第0000400号
ＳＣＭ株式会社,エスシーエム,大阪府大阪市西区京橋堀１－１１－１,〒550-0003,06-6444-3016,田中　成和,タナカ　シゲカズ,(01)第0002131号
有限会社千代崎商事,チヨサキショウジ,大阪府大阪市西区九条３丁目１２番１４号,〒550-0027,06-6581-1548,新田　伸匡,ニッタ　ノブマサ,(01)第0002799号
ＡＮＡファシリティーズ株式会社,エーエヌエーファシリティーズ,東京都中央区日本橋2-14-1 　フロントプレイス6F,〒103-0027,03-6625-8210,飯塚　弘衛,イイヅカ　ヒロエ,(02)第0002075号
株式会社ミニテック西日本,ミニテックニシニホン,京都府京都市下京区四条通新町東入月鉾町54,〒600-8492,075-253-1332,前田　恵一,マエダ　ケイイチ,(02)第0000061号
日本コミュニティー株式会社,ニホンコミュニティー,大阪府大阪市西区江戸堀１－８－２２,〒550-0002,06-6445-2929,中本　敦士,ナカモト　アツシ,(01)第0002139号
株式会社プロヴィスタパートナーズ,プロヴィスタパートナーズ,大阪府大阪市西区江戸堀１丁目９番１号,〒550-0002,06-6443-2223,井上　誠司,イノウエ　セイジ,(01)第0001294号
Ｋｅｙ　Ｅｎｔｒａｎｃｅ株式会社,キーエントランス,大阪府大阪市西区江之子島1-8-20福和楽ビル,〒550-0006,06-6131-8897,薛　天興,マサキ　テンシン,(01)第0003066号
株式会社穴吹ハウジングサービス,アナブキハウジングサービス,香川県高松市紺屋町3-6　穴吹ハウジング中央通りBLD.5階,〒760-0027,087-822-3110,新宮　章弘,シングウ　アキヒロ,(02)第0002151号
株式会社近畿建物管理,キンキタテモノカンリ,大阪府大阪市西区新町１－４－２１大幸ビル内,〒550-0013,06-6533-2231,丸杉　智之,マルスギ　トモユキ,(02)第0002706号
株式会社ミヤビグループ,ミヤビグループ,大阪府大阪市西区新町１－８－１,〒550-0013,06-6541-3070,佐賀野　雅行,サガノ　マサユキ,(02)第0002136号
株式会社インベストメントパートナーズ,インベストメントパートナーズ,大阪府大阪市西区靭本町1丁目10-24三共本町ビル12階,〒550-0004,06-6446-6050,川口　一成,カワグチ　カズナリ,(01)第0002140号
株式会社レム,レム,大阪府大阪市西区西本町１－７－７ＣＥ西本町ビル９Ｆ,〒550-0005,06-6535-3177,形山　秀輝,カタヤマ　ヒデキ,(01)第0002544号
株式会社ザイナスコミュニティ,ザイナスコミュニティ,大阪府大阪市西区西本町１丁目８番２号,〒550-0005,06-4391-7727,下中　雅仁,シモナカ　マサヒト,(01)第0001591号
グローハウジング株式会社,グローハウジング,大阪府大阪市西区西本町３－１－４６,〒550-0005,06-6536-8838,小酒井　貴博,コザカイ　タカヒロ,(01)第0002704号
ミラ・パレマネージメント株式会社,ミラパレマネージメント,大阪府大阪市西区南堀江1-19-8,〒550-0015,06-6541-7788,東　秀憲,ヒガシ　ヒデノリ,(02)第0001520号
株式会社コスモシステム,コスモシステム,大阪府大阪市西区南堀江１－１１－２１,〒550-0015,0665321555,高橋　慶太,タカハシ　ケイタ,(01)第0002695号
株式会社ラポール・コーポレーション,ラポールコーポレーション,大阪府大阪市西区北堀江1-14-24ラポール四ツ橋ビル,〒550-0014,06-4390-0202,姉川　展大,アネガワ　ノブヒロ,(01)第0001766号
株式会社グラウンド,グラウンド,大阪府大阪市西区北堀江１丁目２０番１３号　ライフシステムビル５Ｆ,〒550-0014,06-6535-3371,大林　功明,オオバヤシ　ノリアキ,(01)第0001298号
株式会社ウイングスター,ウイングスター,大阪府大阪市西区立売堀1-1-5　6Ｆ,〒550-0012,06-6484-5915,赤星　真樹,アカボシ　マサキ,(01)第0003064号
株式会社コモドスペース,コモドスペース,大阪府大阪市西区立売堀1-6-8,〒550-0012,06-6533-5167,本間　達司,ホンマ　タツジ,(01)第0000802号
株式会社プレミアム不動産,プレミアムフドウサン,大阪府大阪市西区立売堀1丁目9番23号6階,〒550-0012,06-6578-3500,甲斐　克昌,カイ　カツマサ,(01)第0002142号
株式会社レーベン,レーベン,大阪府大阪市西区靱本町１丁目４番８号６Ｆ,〒550-0004,0669406363,鳥井　健司,トリイ　ケンジ,(01)第0002838号
山京ビルマネジメント株式会社,サンキョウビルマネジメント,北海道札幌市中央区北３条西３丁目１番地,〒060-0003,011-207-0110,平井　敬之,ヒライ　タカユキ,(01)第0002551号
合同会社八嶋アセット,ヤシマアセット,大阪府大阪市西成区玉出西2-10-22,〒557-0445,06-7502-6536,嶋津　周平,シマヅ　シュウヘイ,(01)第0002692号
株式会社エクステンド,エクステンド,大阪府大阪市西成区千本中１－３－１,〒557-0054,06-6624-9009,加尻　忍,カジリ　シノブ,(02)第0001270号
スリーイノベーション株式会社,スリーイノベーション,大阪府大阪市大正区三軒家西１－１７－１８,〒551-0001,06-6556-2121,向井　裕二,ムカイ　ユウジ,(01)第0002258号
株式会社サンプロシード,サンプロシード,大阪府大阪市中央区瓦町3-6-5銀泉備後町ビル10階,〒541-0048,06-6203-8555,西島　良行,ニシジマ　ヨシユキ,(02)第0000311号
伊藤忠アーバンコミュニティ株式会社,イトウチュウアーバンコミュニティ,東京都中央区日本橋本町２丁目７番１号,〒103-0023,03-3662-5604,深城　浩二,フカキ　コウジ,(01)第0002364号
明成不動産管理株式会社,メイセイフドウサンカンリ,大阪府大阪市中央区久太郎町3-5-13,〒541-0056,06-6575-7056,藤森　俊之,フジモリ　トシユキ,(01)第0000520号
株式会社三和アイシス,サンワアイシス,大阪府大阪市中央区久太郎町3-6-8-12,〒541-0056,06-6282-0702,松尾　永浩,マツオ　ナガヒロ,(01)第0001654号
株式会社誠真,セイシン,大阪府大阪市中央区久宝寺町２－３－２,〒541-0058,06-6268-3518,川端　一幸,カワバタ　カズユキ,(01)第0002313号
株式会社サンセイホールディングス,サンセイホールディングス,大阪府大阪市中央区今橋２－２－１７　今川ビル４０１号室,〒541-0042,06-6203-2222,本多　健二,ホンダ　ケンジ,(02)第0001525号
株式会社ランドリアン,ランドリアン,大阪府大阪市中央区今橋４－５－２０,〒541-0042,06-6222-8800,小梶　雅?,コカジ　マサヨシ,(01)第0001524号
株式会社ブラウザー,ブラウザー,大阪府大阪市中央区上汐2-4-6,〒542-0064,06-6767-7701,宗石　進,ムネイシ　ススム,(02)第0002317号
株式会社ＴＭファシリティーズ,ティーエムファシリティーズ,大阪府大阪市中央区上汐２－２－１２,〒542-0064,06-6403-4161,常磐　信,トキワ　マコト,(01)第0001952号
有限会社エステートマネジメント,エステートマネジメント,大阪府大阪市中央区上本町西5丁目1番10号,〒542-0062,06-6762-8200,中村　雅之,ナカムラ　マサユキ,(01)第0001516号
株式会社日成アドバンス,ニッセイアドバンス,大阪府大阪市中央区城見1丁目3番7号,〒540-6326,06-4791-6070,小土手　洋行,コドテ　ヒロユキ,(01)第0000242号
株式会社玉木不動産,タマキフドウサン,大阪府大阪市中央区千日前２－５－１０,〒542-0074,06-6633-5540,玉木　智哲,タマキ　トモアキ,(01)第0000658号
エルディエステート株式会社,エルディエステート,大阪府大阪市中央区大手前１－７－３１,〒540-0008,06-6809-2320,松田　浩彰,マツダ　ヒロアキ,(01)第0001944号
株式会社ホームハウジング,ホームハウジング,大阪府大阪市中央区谷町1-5-8,〒540-0012,06-6943-5551,中本　公也,ナカモト　キミヤ,(01)第0001590号
株式会社マグネット,マグネット,大阪府大阪市中央区谷町４－４－１７－２００５,〒540-0012,06-6948-8803,佐々木　秀彦,ササキ　ヒデヒコ,(02)第0001271号
株式会社トラストリード,トラストリード,大阪府大阪市中央区谷町９－２－２９,〒542-0012,06-6763-2006,齋藤　論世利,サイトウ　ユヨリ,(02)第0001277号
株式会社アイ・エス・オー,アイエスオー,大阪府大阪市中央区淡路町２－４－３,〒541-0047,06-6232-1717,岡　昭宏,オカ　アキヒロ,(02)第0001598号
有限会社太刀掛事務所,タチカケジムショ,大阪府大阪市中央区淡路町２丁目６番１号,〒541-0047,06-6203-9071,太刀掛　聖治,タチカケ　セイジ,(01)第0001592号
株式会社ＣＲＯＳＳＣＯＲＰＯＲＡＴＩＯＮ,クロスコーポレーション,大阪府大阪市中央区淡路町３－５－１３,〒541-0047,06-6231-0505,黒岩　理英,クロイワ　リエ,(02)第0001940号
株式会社ＪＩＮＴＲＵＳＴ,ジントラスト,大阪府大阪市中央区釣鐘町1-6-6大手前ヒルズ201,〒540-0035,06-4309-6637,澤田　仁志,サワダ　ヒトシ,(01)第0001764号
株式会社ネクサスエージェント,ネクサスエージェント,大阪府大阪市中央区島之内１－２１－１９,〒542-0082,06-6243-0402,岩田　講典,イワタ　コウスケ,(02)第0002536号
株式会社東寧,トウネイ,大阪府大阪市中央区島之内１－８－８　KOURINビル７階,〒542-0082,06-6226-8937,永田　林,ナガタ　リン,(01)第0002254号
星和リアルティ株式会社,セイワリアルティ,大阪府大阪市中央区東心斎橋１－９－２１,〒542-0083,06-6282-0707,南　秀喜,ミナミ　ヒデキ,(01)第0000374号
株式会社源実業,ミナモトジツギョウ,大阪府大阪市中央区道修町1-2-4源実業北浜ビル6階,〒541-0045,06-6203-1300,張間　隆,ハリマ　タカシ,(01)第0002437号
有限会社ニューライフ建物管理,ニューライフタテモノカンリ,大阪府大阪市中央区道頓堀１－東４番－７　３階,〒542-0077,06-6212-6222,古川　亘宏,フルカワ　ノブヒロ,(02)第0001945号
株式会社ＷＯＯＣ　,ウォーク,東京都品川区西五反田２－３０－４　ＢＲ五反田７Ｆ ,〒141-0031,03-5789-3323,阪谷　泰之,サカタニ　ヤスユキ,(02)第0001738号
株式会社トラストマネージャー,トラストマネージャー,大阪府大阪市中央区南久宝寺町1-8-14,〒541-0058,06-6136-5470,北口　真義,キタグチ　マサヨシ,(01)第0001515号
株式会社リアルエステート大阪,リアルエステートオオサカ,大阪府大阪市中央区南船場1-17-21,〒542-0081,06-6263-8077,若原　朋之,ワカハラ　トモユキ,(01)第0000199号
グリーンハウスプラニング株式会社,グリーンハウスプラニング,大阪府大阪市中央区南船場１－１０－１９,〒542-0081,06-6266-8818,上田　真人,ウエダ　マサト,(02)第0001599号
株式会社ベイシス,ベイシス,大阪府大阪市中央区南船場１－１８－１１　SRビル長堀１３階,〒542-0081,06-6271-0670,柴田　尋,シバタ　ジン,(01)第0002135号
株式会社フェニックス管理,フェニックスカンリ,大阪府大阪市中央区南船場２－１－３,〒542-0081,06-6262-8400,徳山　聖也,トクヤマ　セイヤ,(02)第0000468号
株式会社賃貸経営サポート,チンタイケイエイサポート,大阪府大阪市中央区南船場３－１－８,〒542-0081,06-6786-8856,平林　一典,ヒラバヤシ　カズノリ,(02)第0000616号
三菱地所ハウスネット株式会社,ミツビシジショハウスネット,東京都新宿区北新宿２－２１－１,〒169-0074,03-6908-5560,平川　清士,ヒラカワ　キヨシ,(02)第0001483号
アデプトマネジメント株式会社,アデプトマネジメント,大阪府大阪市中央区南船場３丁目１－７　日宝東心斎橋ビル４F３,〒542-0081,06-6484-5981,?橋　健太,タカハシ　ケンタ,(01)第0002807号
パナソニックホームズ不動産株式会社,パナソニックホームズフドウサン,大阪府豊中市新千里西町1-1-4,〒560-8543,06-6834-3816,飯代　努,イジロ　ツトム,(02)第0002003号
株式会社ゴールデンホーム,ゴールデンホーム,大阪府大阪市中央区難波2丁目3番5号,〒542-0076,06-6213-0550,和田　益明,ワダ　マスアキ,(01)第0000509号
株式会社ＭＤＩ,カブシキガイシャエムディアイ,東京都中央区銀座4-12-15 歌舞伎座タワー10階,〒104-0061,03-3544-2650,井村　航,イムラ　コウ,(01)第0002614号
南海ビルサービス株式会社,ナンカイビルサービス,大阪府大阪市中央区難波５－１－６０,〒542-0076,06-6644-6830,西山　哲弘,ニシヤマ　テツヒロ,(01)第0001946号
株式会社Ｎ．ｉｎｎｏｖａｔｉｏｎ,エヌイノベーション,大阪府大阪市中央区日本橋1-16-21-2階,〒542-0073,06-6643-5018,謝　暢宏,シャ　ノブヒロ,(01)第0001263号
セキスイハイム不動産株式会社,セキスイハイムフドウサン,東京都新宿区西新宿2-6-1新宿住友ビル28階,〒163-0228,03-5324-7887,大和屋　学,ヤマトヤ　マナブ,(02)第0001709号
株式会社華森社,カシンシャ,大阪府大阪市中央区日本橋１丁目３番６号,〒542-0073,06-6567-8099,金澤　宏樹,カナザワ　ヒロキ,(01)第0000353号
みなとビルサービス株式会社,ミナトビルサービス,大阪府大阪市中央区農人町１－４－６－１０３,〒540-0011,06-6945-6133,小林　浩三,コバヤシ　コウゾウ,(02)第0002251号
株式会社関西建設,カンサイケンセツ,大阪府大阪市中央区博労町1-4-6,〒541-0059,06-6266-6060,山本　肇,ヤマモト　ハジメ,(02)第0001595号
株式会社ＢＲＡＮＤＩＮＧ,ブランディング,大阪府大阪市中央区博労町2丁目2番13号大阪堺筋ビル3F,〒541-0059,06-6809-4928,羽里　直樹,ハリ　ナオキ,(01)第0002835号
株式会社アスパ,アスパ,大阪府大阪市中央区博労町１－４－６　イグレック南本町２０２,〒541-0059,06-6263-7500,山本　雅仁,ヤマモト　マサヨシ,(02)第0001939号
グローバルコミュニティ株式会社,グローバルコミュニティ,大阪府大阪市中央区博労町３－３－７,〒541-0059,06-7711-9680,金子　浩之,カネコ　ヒロユキ,(02)第0002539号
セプト株式会社,セプト,大阪府大阪市中央区備後町3-4-1,〒541-0051,06-6201-5777,春原　尚幸,スノハラ　ナオユキ,(02)第0000443号
三井ホームエステート株式会社,ミツイホームエステートカブシキガイシャ,東京都千代田富士見2-3-11,〒102-0071,03-5226-3733,谷川　裕一,タニカワ　ユウイチ,(02)第0001833号
株式会社リンクスマネジメント,リンクスマネジメント,大阪府大阪市中央区平野町1丁目7番3号,〒541-0046,06-6233-2260,毛利　英昭,モウリ　ヒデアキ,(01)第0002448号
有限会社メリーグロー,メリーグロー,大阪府大阪市中央区平野町2-2-14,〒541-0046,06-4707-0155,橋本　丈次,ハシモト　ジョウジ,(02)第0001296号
アセットテクノロジー株式会社,アセットテクノロジー,大阪府大阪市中央区北久宝寺町4-4-7VPO本町セントラル9階,〒541-0057,06-6121-7926,宮本　泰光,ミヤモト　ダイキ,(01)第0003062号
住友林業レジデンシャル株式会社,スミトモリンギョウレジデンシャル,東京都新宿区新宿２－１９－１　ビッグス新宿ビル４階,〒160-0022,03-3350-8731,檜垣　隆久,ヒガキ　タカヒサ,(02)第0002491号
株式会社マリアス,マリアス,大阪府大阪市中央区北浜１丁目１番１４号,〒541-0041,06-6226-7900,松田　享洋,マツダ　ユキヒロ,(01)第0001761号
日本ビルド株式会社,ニホンビルド,大阪府大阪市中央区北浜３丁目１番１４号タカラ淀屋橋ビル９０１号,〒541-0041,06-6203-2121,遠藤　昭二,エンドウ　ショウジ,(01)第0002797号
株式会社日本エスト,ニホンエスト,大阪府大阪市中央区本町1－4－8,〒541-0053,06-6265-0110,中川　幸次,ナカガワ　コウジ,(01)第0002697号
株式会社リアルエステート,リアルエステート,大阪府大阪市中央区本町2-6-10,〒541-0053,06-6123-7313,内田　哲,ウチダ　サトシ,(01)第0000527号
日本管財株式会社,ニホンカンザイ,兵庫県西宮市六湛寺町9番16号,〒662-8588,079-835-2200,福田　慎太郎,フクダ　シンタロウ,(01)第0001612号
大成有楽不動産販売株式会社,タイセイユウラクフドウサンハンバイ,東京都中央区京橋3-13-1,〒104-0031,03-6867-0708,村上　善彦,ムラカミ　ヨシヒコ,(02)第0002089号
三井不動産レジデンシャルリース株式会社,ミツイフドウサンレジデンシャルリース,東京都新宿区西新宿2-1-1　新宿三井ビル,〒163-0405,03-5381-1031,疋田　武人,ヒキタ　タケト,(02)第0002349号
株式会社長谷工ライブネット,ハセコウライブネット,東京都港区芝３－８－２,〒105-0014,03-5419-9100,永谷　祥史,ナガタニ　ショウジ,(02)第0001062号
株式会社ダイセイファシリティ,ダイセイファシリティ,大阪府大阪市中央区本町２－３－４　アソルティ本町ビル５Ｆ,〒541-0053,06-6210-5622,岩崎　麻里,イワサキ　マリ,(01)第0001950号
日本管理センター株式会社,ニホンカンリセンター,東京都千代田区丸の内３－４－２,〒100-0005,050-1748-1242,武藤　英明,ムトウ　ヒデアキ,(02)第0001753号
日本ハウズイング株式会社,ニホンハウズイング,東京都新宿区新宿１－３１－１２,〒160-8410,03-5379-4141,小佐野　台,オサノ　ウテナ,(02)第0001009号
東京建物不動産販売株式会社,トウキョウタテモノフドウサンハンバイカブシキガイシャ,東京都中央区八重洲一丁目５番２０号　東京建物八重洲さくら通りビル１０階,〒103-0028,0368377700,福居　賢悟,フクイ　ケンゴ,(02)第0002371号
株式会社ＵＭＥＲＭ,ウメルム,大阪府大阪市中央区本町橋6-6,〒540-0029,06-6649-1900,臼田　奈津子,ウスダ　ナツコ,(01)第0000810号
南海不動産株式会社,ナンカイフドウサン,大阪府大阪市中央区浪速区難波中２－７－２,〒556-0011,06-6633-1055,松川　康司,マツカワ　コウジ,(01)第0002128号
日建産業株式会社,ニッケンサンギョウ,大阪府大阪市鶴見区諸口３丁目４－３８,〒538-0051,06-6911-9110,田中　富之,タナカ　トミユキ,(02)第0000619号
有限会社ホーム・アライブ,ホームアライブ,大阪府大阪市鶴見区放出東3-31-28,〒538-0044,06-6964-1080,住田　竜也,スミダ　タツヤ,(02)第0000401号
株式会社プレスト,プレスト,大阪府大阪市天王寺区逢阪２丁目3番2号リンクハウス天王寺601,〒543-0062,06-6940-0802,中尾　久美,ナカオ　クミ,(01)第0001265号
株式会社アイホーム,アイホーム,大阪府大阪市天王寺区玉造元町2-34,〒543-0014,06-6191-3666,高原　浩樹,タカハラ　ヒロキ,(01)第0001648号
賃貸住宅管理センター株式会社,チンタイジュウタクカンリセンター,大阪府大阪市天王寺区玉造本町1-6,〒543-0013,06-6767-7200,岩本　雅史,イワモト　マサチカ,(01)第0002696号
良品総合管理株式会社,リョウヒンソウゴウカンリ,大阪府大阪市天王寺区上本町7-2-1-4F,〒543-0001,06-4302-4192,福井　宏典,フクイ　アツノリ,(02)第0001292号
株式会社リア・ライブ,リアライブ,大阪府大阪市天王寺区生玉前町５－３１,〒543-0072,06-6775-0649,村川　圭吾,ムラカワ　ケイゴ,(02)第0000610号
株式会社ＭＡＳＰｒｏｐｅｒｔｙＥｓｔａｔｅ,マスプロパティエステイト,大阪府大阪市天王寺区生玉町１１番２９号,〒543-0071,06-6779-5550,西畑　忠,ニシハタ　タダシ,(02)第0001295号
ＫＳＣ株式会社,ケーエスシー,大阪府大阪市天王寺国分町18－10ケミカテックビル3階,〒543-0044,06-6779-6770,辻　博則,ツジ　ヒロノリ,(01)第0001891号
株式会社結城工務店,ユウキコウムテン,大阪府大阪市都島区都島２ー２６－１６,〒534-0022,06-6925-2223,結城　健一,ユウキ　ケンイチ,(02)第0001600号
ジーエスホーム株式会社,ジーエスホーム,大阪府大阪市都島区東野田町１－２１－１４,〒534-0024,06-6882-5156,中村　満也,ナカムラ　ミツヤ,(01)第0002255号
大京商事株式会社,ダイキョウショウジ,大阪府大阪市都島区東野田町２－３－１４,〒534-0024,06-6353-0418,鷲見　文子,ワシミ　フミコ,(02)第0000634号
株式会社センチュリーダイソー,センチュリーダイソー,大阪府大阪市都島区片町１－５－１３,〒534-0025,06-6136-0555,木村　弘希,キムラ　ヒロキ,(01)第0002257号
株式会社ハウスレント,ハウスレント,大阪府大阪市東住吉区駒川１－１４－２３,〒546-0043,06-6719-3060,植田　邦子,ウエダ　クニコ,(02)第0001650号
株式会社商都,ショウト,大阪府大阪市東住吉区中野４－１５－２１,〒546-0012,06-6702-8455,伊藤　茂,イトウ　シゲル,(01)第0000542号
株式会社ＴＥＭＣＯ,テムコ,大阪府大阪市東住吉区湯里２-１８-３,〒546-0013,06-6769-1065,鯉谷　英介,コイタニ　エイスケ,(02)第0000759号
ＦＰ不動産建物管理,エフピーフドウサンタテモノカンリ,大阪府大阪市東住吉区南田辺１－８－７－７０２,〒546-0033,06-6628-0846,藤本　亮一,フジモト　リョウイチ,(01)第0000352号
株式会社岩崎不動産,イワサキフドウサン,大阪府大阪市東住吉区南田辺５丁目４番７号,〒546-0033,06-7410-2741,岩崎　桂子,イワサキ　ケイコ,(01)第0000200号
株式会社ツインクル,ツインクル,大阪府大阪市東成区大今里２－２５－１３,〒537-0012,06-6981-2345,中谷　希宗子,ナカタニ　キソコ,(01)第0002130号
株式会社エヌアンドエスファシリティ,エヌアンドエスファシリティ,大阪府大阪市東成区中道１丁目１０番２６号,〒537-0025,06-4259-4800,佐伯　元宏,サエキ　モトヤ,(02)第0000693号
株式会社住宅ファミリー社,ジュウタクファミリーシャ,大阪府大阪市東淀川区菅原5-5-27アミル８（1階）,〒533-0022,06-6327-6633,大前　倫明,オオマエ　ミチアキ,(02)第0002005号
北建設株式会社,キタケンセツ,大阪府大阪市東淀川区大桐2-5-11,〒533-0011,06-6326-1231,北　靖久,キタ　ヤスヒサ,(01)第0001765号
北興産株式会社,キタコウサン,大阪府大阪市東淀川区大桐2-5-11,〒533-0011,0663261231,北　靖久,キタ　ヤスヒサ,(01)第0002798号
第一不動産株式会社,ダイイチフドウサン,大阪府大阪市東淀川区淡路四丁目8番17号,〒533-0032,06-6323-0233,佐藤　勝久,サトウ　カツヒサ,(02)第0000397号
第一企業株式会社,ダイイチキギョウ,大阪府大阪市東淀川区東中島４－１－１８,〒533-0033,06-6322-0311,安本　勇次,ヤスモト　ユウジ,(01)第0002134号
エルスイッチ株式会社,エルスイッチ,大阪府大阪市東淀川区東中島４－１１－６,〒533-0033,06-6320-9099,金森　勇祐,カナモリ　ユウスケ,(02)第0002542号
株式会社谷口工務店,タニグチコウムテン,大阪府大阪市福島区鷺洲2丁目5番11号,〒553-0002,06-6453-1450,谷口　和久,タニグチ　カズヒサ,(01)第0002144号
株式会社ゼストエステート,ゼストエステート,大阪府大阪市福島区福島7-3-18-4F,〒553-0003,06-6563-7623,正木　透次郎,マサキ　トウジロウ,(01)第0002794号
セイワ不動産株式会社,セイワフドウサン,大阪府大阪市福島区福島５－８－１,〒553-0003,03-6345-7341,黒田　順一,クロダ　ジュンイチ,(01)第0002314号
株式会社すまいる管理,スマイルカンリ,大阪府大阪市平野区加美鞍作1-4-9,〒547-0004,06-6795-6900,上村　光彦,ウエムラ　ミツヒコ,(02)第0001876号
株式会社ＨＯＭＥプロデューサーＺＥＲＯ,ホームプロデューサーゼロ,大阪府大阪市平野区加美鞍作３－８－２２,〒547-0004,06-4303-6333,辻　育馬,ツジ　イクマ,(02)第0002449号
株式会社スペース秀和,スペースシュウワ,大阪府大阪市平野区加美東4-9-23,〒547-0002,06-6793-1616,渥美　宙,アツミ　ヒロシ,(01)第0002691号
株式会社誠商事,マコトショウジ,大阪府大阪市平野区長吉長原１－１－４３,〒547-0016,06-6799-1888,福井　正子,フクイ　マサコ,(01)第0002000号
阪急阪神不動産株式会社,ハンキュウハンシンフドウサン,大阪府大阪市北区角田町１－１東阪急ビルディング内,〒530-0017,06-6313-3403,諸冨　隆一,モロトミ　リュウイチ,(01)第0002877号
株式会社エスタス管財,エスタスカンザイ,大阪府大阪市北区紅梅町１番１８号,〒530-0038,0662428460,由木　正伸,ユキ　マサノブ,(01)第0002940号
株式会社ムーブメント,ムーブメント,大阪府大阪市北区芝田1丁目4-17,〒530-0012,06-6377-6000,谷口　淳一,タニグチ　ジュンイチ,(02)第0001267号
株式会社アライヴ・デザイン,アライヴデザイン,大阪府大阪市北区芝田１－１４－８,〒530-0012,06-6372-1700,鵜飼　宏次,ウカイ　ヒロツグ,(01)第0002312号
株式会社アライヴ・ウエル,アライヴウエル,大阪府大阪市北区芝田１－１４－８,〒530-0012,06-6372-0050,鵜飼　宏次,ウカイ　ヒロツグ,(02)第0001897号
株式会社上方住宅,カミガタジュウタク,大阪府大阪市北区菅原町11番10号,〒530-0046,06-6367-0056,山本　裕子,ヤマモト　ユウコ,(02)第0002450号
株式会社モダンアパートメント,モダンアパートメント,大阪府大阪市北区西天満2-8-5西天満大治ビル２F,〒530-0047,06-6314-7415,渡邊　勇三,ワタナベ　ユウゾウ,(01)第0002694号
株式会社リオ・コンサルティング,カブシキガイシャリオコンサルティング,東京都千代田区永田町2-12-4,〒100-0014,03-5156-8887,小杉　裕康,コスギ　ヒロヤス,(02)第0001719号
株式会社ハウジングマネジメント,カブシキガイシャハウジングマネジメント,大阪府大阪市北区西天満4丁目7番13号,〒530-0047,06-6360-6578,木村　雅一,キムラ　マサカズ,(01)第0002941号
株式会社エステートトーワ,エステートトーワ,大阪府大阪市北区西天満２－６－８　堂島ビル２Ｆ,〒530-0047,06-6130-0100,川本　進,カワモト　シン,(02)第0000609号
エスリード賃貸株式会社,エスリードチンタイ,大阪府大阪市北区大淀南1-5-1,〒531-0075,06-6345-1842,松下　恒幸,マツシタ　ツネユキ,(01)第0001895号
株式会社ワールドスタイル,ワールドスタイル,大阪府大阪市北区茶屋町5-1ヨネビル2階,〒530-0013,06-6375-2250,柴田　裕治,シバタ　ユウジ,(01)第0000232号
日産コーポレーション有限会社,ニッサンコーポレーション,大阪府大阪市北区中崎西４丁目３番３２号,〒530-0015,06-6374-2720,小西　講平,コニシ　コウヘイ,(02)第0000625号
株式会社ウイルソン不動産,ウイルソンフドウサン,大阪府大阪市北区中之島4丁目2番28号甲南アセット中之島ビル1007号室,〒530-0005,06-6136-7870,ウイルソン　恵,ウイルソン　メグミ,(02)第0002436号
株式会社日立アーバンサポート,ヒタチアーバンサポート,東京都千代田区神田錦町３－７－１　興和一橋ビル７階,〒101-0054,03-6880-3700,佐伯　裕之,サヘキ　ヒロユキ,(02)第0003058号
きりう不動産信託株式会社,キリウフドウサンシンタク,大阪府大阪市北区中之島３－１－８,〒530-0005,06-6441-3559,桐生　幸之介,キリウ　コウノスケ,(02)第0001947号
リビングホームズ,リビングホームズ,大阪府大阪市北区長柄中１－３－１５－１０２,〒531-0062,06-4800-5770,吉野　勝巳,ヨシノ　カツミ,(01)第0001299号
株式会社トラストエージェント,トラストエージェント,大阪府大阪市北区天神橋2-2-11,〒530-0041,06-6882-2112,神谷　学,カミタニ　マナブ,(02)第0001593号
株式会社サンクリエイト,サンクリエイト,大阪府大阪市北区天神橋2丁目5-25,〒530-0041,06-6940-0702,鳥居　義隆,トリイ　ヨシタカ,(01)第0001364号
オークラハウジング株式会社,オークラハウジング,大阪府大阪市北区天神橋２丁目北２－１１,〒530-0041,06-6354-2201,清瀧　静男,キヨタキ　シズオ,(01)第0002133号
株式会社谷町君,タニマチクン,大阪府大阪市北区天満２－１－１２,〒530-0043,06-6450-6993,佐藤　玲,サトウ　レイ,(01)第0001943号
株式会社レオン都市開発,レオントシカイハツ,大阪府大阪市北区天満橋１－６－１８　ＬＥＯＮ　ＢＬＤＧ　７Ｆ,〒530-0042,06-6356-2510,北尾　龍典,キタオ　タツノリ,(01)第0001942号
三菱地所リアルエステートサービス株式会社,ミツビシジショリアルエステートサービスカブシキカイシャ,東京都千代田区大手町１－９－２,〒100-0004,03-3510-8011,湯浅　哲生,ユアサ　テツオ,(02)第0000623号
株式会社アメニティライフ,アメニティライフ,大阪府大阪市北区堂山町１２－５,〒530-0027,06-6314-3152,太田　英明,オオタ　ヒデアキ,(01)第0001949号
ミサワホーム近畿株式会社,ミサワホームキンキ,大阪府大阪市北区堂島２－２－２　近鉄堂島ビル１３階,〒530-0003,06-6341-1301,下山　?,シモヤマ　タカシ,(01)第0001276号
阪神グリーンサービス株式会社,ハンシングリーンサービス,大阪府大阪市北区南扇町2-4,〒530-0052,06-6361-8641,三好　清臣,ミヨシ　キヨオミ,(02)第0001649号
株式会社ミクニ,ミクニ,福岡県北九州市小倉北区紺屋町12-4,〒802-0081,093-521-0392,山田　秀典,ヤマダ　ヒデノリ,(02)第0002963号
ＪＰ株式会社,ジエイピー　,大阪府大阪市北区梅田1-11-4大阪駅前第四ビル20階,〒530-0001,06-6342-9900,大芝　恒太,オオシバ　コウタ,(02)第0000416号
東商ハウス株式会社,トウショウハウス,大阪府大阪市北区梅田1-3-1-100,〒530-0001,06-6345-1110,安藤　智明,アンドウ　トモアキ,(02)第0002942号
株式会社ユニホー,ユニホー,愛知県名古屋市名東区一社3-7,〒465-0093,052-703-1111,丹羽　紀人,ニワ　ノリヒト,(02)第0001250号
株式会社ランドネット,カブシキガイシャランドネット,東京都豊島区南池袋1丁目16番15号,〒171-0022,03-3986-3981,榮　章博,サカエ　アキヒロ,(02)第0000083号
株式会社リクレアライフエージェント,リクレアライフエージェント,大阪府大阪市北区梅田１丁目３番１号大阪駅前第一ビル５F,〒530-0001,06-6342-0333,田中　圭一,タナカ　ケイイチ,(02)第0000065号
株式会社ファーストステージ,ファーストステージ,大阪府大阪市北区梅田３－３－２０　明治安田生命大阪梅田ビル２２階,〒530-0001,06-6347-1106,本田　誠二,ホンダ　セイジ,(02)第0001302号
株式会社プラムホーム,プラムホーム,大阪府大阪市北区浮田1丁目6番9号,〒530-0021,06-4802-6565,前畑　勇介,マエハタ　ユウスケ,(02)第0001596号
あんずＨＯＭＥ株式会社,アンズホーム,大阪府大阪市北区豊崎3-20-9,〒531-0072,06-6376-2888,藤井　智規,フジイ　トモキ,(01)第0002318号
株式会社リブエステート,リブエステート,大阪府大阪市北区豊崎二丁目９番７号,〒531-0072,06-6375-4900,西川　政洋,ニシカワ　マサヒロ,(01)第0001652号
丸紅リアルエステートマネジメント株式会社,マルベニリアルエステートマネジメント,東京都港区芝５－２０－６,〒108-0014,03-5419-1980,吉田　隆太郎,ヨシダ　リュウタロウ,(01)第0002106号
株式会社中川工務店,ナカガワコウムテン,京都府京都市西京区上桂三ノ宮町３５,〒615-8224,075-381-6141,中川　雅勝,ナカガワ　マサカツ,(02)第0002020号
株式会社ドアーズ,ドアーズ,大阪府大阪市北区与力町1-5,〒530-0036,06-6354-6151,戸川　ゆかり,トガワ　ユカリ,(02)第0002308号
新興ビルサービス株式会社,シンコウビルサービス,大阪府大阪市北区浪花町1番19号,〒530-0022,06-6371-7934,新開　清,シンカイ　キヨシ,(02)第0001643号
アクロス株式会社,アクロス,大阪府大阪市淀川区宮原2丁目14番10号,〒532-0003,06-6399-3331,有本　勲,アリモト　イサオ,(02)第0001651号
有限会社ハウスコム,ハウスコム,大阪府大阪市淀川区宮原１－３－２０,〒532-0003,06-6396-0822,池田　浩一,イケダ　コウイチ,(01)第0002540号
はじめの管理株式会社,ハジメノカンリ,東京都品川区西五反田８丁目１番１号　はじめのびる２階,〒141-0031,03-5434-8655,堀　冬樹,ホリ　フユキ,(01)第0002625号
株式会社ケーティアイレジデンス,ケーティアイレジデンス,大阪府大阪市淀川区三国本町２－１７－１０,〒532-0005,06-6393-1077,玉山　泰章,タマヤマ　ヤスアキ,(01)第0001523号
株式会社大阪成斗工務店,オオサカナルトコウムテン,大阪府大阪市淀川区十三元今里2-6-10,〒532-0028,06-6390-7610,小笠原　誠二,オガサワラ　セイジ,(01)第0001645号
ほりい不動産株式会社,ホリイフドウサン,大阪府大阪市淀川区十三元今里２丁目８番１５号,〒532-0028,06-6303-0080,堀井　孝弘,ホリイ　タカヒロ,(01)第0002699号
株式会社ループ,ループ,大阪府大阪市淀川区十三東３－１８－１７,〒532-0023,06-6309-8330,岩越　直志,イワコシ　マサシ,(01)第0002145号
?松エステート株式会社,タカマツエステート,大阪府大阪市淀川区新北野１丁目１番２０号　?松ビルアネックス,〒532-0025,06-6308-5105,小松　晋治,コマツ　シンジ,(01)第0000666号
サムティプロパティマネジメント株式会社,サムティプロパティマネジメント,大阪府大阪市淀川区西宮原１－８－３９,〒532-0004,06-6399-8399,伊與田　順一,イヨダ　ジュンイチ,(02)第0002703号
株式会社び・ぷらん大阪,ビプランオオサカ,大阪府大阪市淀川区西中島1丁目13-25,〒532-0011,06-6308-0075,津田　夏浩,ツダ　ナツヒロ,(02)第0001653号
株式会社匠地所,タクミジショ,大阪府大阪市淀川区西中島4-3-21　NLCセントラルビル404,〒532-0011,06-6379-3811,楠瀬　誠二,クスノセ　セイジ,(01)第0000523号
株式会社ＴＡＫＵＴＯ,タクト,大阪府大阪市淀川区西中島4丁目3番24号サムティ新大阪センタービル3階,〒532-0011,06-6838-2222,太田　卓利,オオタ　タクトシ,(02)第0000045号
株式会社ビーロット,ビーロット,東京都港区新橋１－１１－７,〒105-0004,03-6891-2525,宮内　誠,ミヤウチ　マコト,(01)第0000258号
株式会社フロンティア,フロンティア,大阪府大阪市淀川区塚本４－１６－１７,〒532-0026,06-6770-9740,渡邉　大祐,ワタナベ　ダイスケ,(02)第0001366号
株式会社アペック,アペック,大阪府大阪市淀川区東三国1丁目29番23号,〒532-0002,06-6395-0084,松尾　永浩,マツオ　ナガヒロ,(01)第0002004号
株式会社ジェイプラン,ジェイプラン,大阪府大阪市淀川区東三国5-1-3,〒532-0002,06-6350-3030,浦濱　恭子,ウラハマ　キョウコ,(02)第0001289号
株式会社エイペックスコミュニティ,エイペックスコミュニティ,大阪府大阪市淀川区東三国5-15-12,〒532-0002,06-6394-5850,梶原　正継,カジワラ　マサツグ,(01)第0002315号
株式会社ピーエムコンサルティング,ピーエムコンサルティング,大阪府大阪市淀川区東三国5丁目13番12号,〒532-0002,06-6180-5977,大屋　和弘,オオヤ　カズヒロ,(01)第0002441号
有限会社イーエムコーポレーション,イーエムコーポレーション,大阪府大阪市淀川区東三国6-3-47-502,〒532-0002,06-6396-0980,山本　和美,ヤマモト　カズミ,(02)第0001889号
株式会社旭栄,キョクエイ,大阪府大阪市浪速区下寺２－１－５,〒556-0001,06-6648-0028,龍田　弘之,タツタ　ヒロユキ,(02)第0002803号
株式会社アスティホーム,アスティホーム,大阪府大阪市浪速区恵美須西1－3－3大阪恵美須ビル6階,〒556-0003,0666367021,森竹　義明,モリタケ　ヨシアキ,(01)第0002840号
日産住宅販売株式会社,ニッサンジュウタクハンバイ,大阪府大阪市浪速区元町3丁目1番20号,〒556-0016,0666411023,植上　智之,ウエガミ　トモユキ,(01)第0002836号
株式会社ビークル管理サービス,ビークルカンリサービス,大阪府大阪市浪速区桜川２―９―１３,〒556-0022,06-6282-7781,赤座　秀洋,アカザ　ヒデヒロ,(01)第0002793号
有限会社ワンダーランド,ワンダーランド,大阪府大阪市浪速区敷津西１丁目１番２５号,〒556-0015,06-6643-5755,久保田　博,クボタ　ヒロシ,(02)第0000048号
株式会社ＦＲＥＥＳＰＡＣＥ,フリースペース,大阪府大阪市浪速区敷津東3丁目10-18,〒556-0012,06-4397-9006,山?　豊治,ヤマサキ　トヨハル,(02)第0001288号
有限会社スカイハウジング,スカイハウジング,大阪府大阪市浪速区敷津東３丁目３番１６号,〒556-0012,06-6634-1033,藤原　重美,フジワラ　シゲミ,(02)第0001594号
有限会社正和産業,セイワサンギョウ,大阪府大東市浜町１２ー１８,〒574-0041,072-875-0050,本澤　豊,ホンザワ　ユタカ,(01)第0001656号
萬吉住宅株式会社,マンヨシジュウタク,大阪府大東市深野3-24-18,〒574-0072,072-874-6111,祭本　直,サイモト　ナオ,(01)第0002795号
株式会社マツヤマスマイルホーム,マツヤマスマイルホーム,大阪府大東市赤井１丁目３番２０号,〒574-0046,072-870-7891,松山　由次,マツヤマ　ユウジ,(02)第0001759号
大阪東部農業協同組合,オオサカトウブノウギョウキョウドウクミアイ,大阪府大東市野崎４丁目３番１号,〒574-0015,072-878-6660,戸野谷　益之,トノヤ　マスユキ,(01)第0002878号
株式会社アルファー,アルファー,大阪府池田市井口堂三丁目２番１６－１０６号,〒563-0023,072-762-5572,笹部　敏一,ササベ　トシカズ,(01)第0002806号
アミティーハウス株式会社,アミティーハウス,大阪府池田市呉服町１－１－１１１－１,〒563-0048,072-751-7777,田村　佳?,タムラ　ヨシヒロ,(01)第0001301号
株式会社ズーム,ズーム,大阪府池田市石橋3丁目2-1-101,〒563-0032,072-763-2900,中塚　誉円,ナカツカ　シゲカズ,(01)第0000512号
総和建設株式会社,ソウワケンセツ,大阪府東大阪市下小阪３－１３－１１,〒577-0803,06-6725-2101,太田　英明,オオタ　ヒデアキ,(01)第0001273号
株式会社東大興産,トウダイコウサン,大阪府東大阪市御厨中1-18-37東大ビル4F,〒577-0035,06-6787-7111,周藤　正重,スドウ　マサシゲ,(02)第0000495号
株式会社ハイパーフェニックス,ハイパーフェニックス,大阪府東大阪市荒川3-29-27,〒577-0843,06-6721-9100,多原　康史,タハラ　コウジ,(02)第0000452号
株式会社湯浅不動産,ユアサフドウサン,大阪府東大阪市鴻池元町１０番４０号,〒578-0974,06-6748-3010,湯浅　博康,ユアサ　ヒロヤス,(02)第0002879号
有限会社大原開発,オオハラカイハツ,大阪府東大阪市西堤本通東２－４－２０,〒577-0045,06-6783-3339,大原　増夫,オオハラ　マスオ,(02)第0001941号
株式会社エステートむつみ,エステートムツミ,大阪府東大阪市長堂２－７－２１,〒577-0056,06-6783-2307,宮本　統雄,ミヤモト　ノリオ,(02)第0001300号
株式会社グレイスホーム,グレイスホーム,大阪府藤井寺市東藤井寺町1番33号,〒583-0022,072-931-6868,澤本　将志,サワモト　マサシ,(02)第0000154号
株式会社ｓａｉ．,サイ,大阪府柏原市国分西２－２－２８　オレンジハウス３Ｅ,〒582-0025,072-975-2050,佐野　雄一,サノ　ユウイチ,(01)第0001522号
株式会社成都管理サービス,セイトカンリサービス,大阪府豊中市岡上の町3-7-1,〒560-0023,06-4865-5150,松本　哲生,マツモト　テツオ,(02)第0000478号
株式会社ソーダイ,ソーダイ,大阪府豊中市蛍池中町2-1-2,〒560-0033,06-6842-1177,尾坂　真一,オサカ　シンイチ,(02)第0000131号
株式会社センリ,センリ,大阪府豊中市新千里南町2-3-28,〒560-0084,06-6871-4848,田村　朗,タムラ　アキラ,(02)第0002693号
株式会社サンユウ,サンユウ,大阪府豊中市新千里南町２－６－８,〒560-0084,06-6833-9771,山田　雄治,ヤマダ　ユウジ,(02)第0000629号
イーカンパニー株式会社,イーカンパニー,大阪府豊中市中桜塚４－１３－１３,〒561-0881,06-6152-9780,江崎　裕人,エザキ　ヒロト,(01)第0000657号
株式会社エクシアコーポレーション,エクシアコーポレーション,大阪府豊中市服部寿町３－１０－１８,〒561-0857,06-4867-3871,備後　武志,ビンゴ　タケシ,(02)第0000644号
株式会社三共ハウステック,サンキョウハウステック,大阪府豊中市北条町２－６－１,〒561-0812,06-6333-6004,大林　ひとみ,オオバヤシ　ヒトミ,(02)第0002252号
株式会社ＴｈｒｅｅＳ,スリーエス,大阪府豊中市本町一丁目９番２６号,〒560-0021,06-6842-3331,岡山　靖之,オカヤマ　ヤスユキ,(02)第0000321号
株式会社グッドハウジング,グッドハウジング,大阪府豊中市立花町3丁目14-20,〒566-0025,06-7172-5650,難波　徹也,ナンバ　テツヤ,(01)第0002796号
株式会社リアルエステート・ＳＵＮ’Ｓ,リアルエステートサンズ,大阪府枚方市川原町6-1-101,〒573-0028,072-807-4567,山下　耕一,ヤマシタ　コウイチ,(01)第0002451号
ランドマークラー株式会社,ランドマークラー,大阪府枚方市大峰南町12-3,〒573-0145,072-859-8766,中平　一雄,ナカヒラ　カズオ,(02)第0000482号
株式会社ベストホーム,ベストホーム,大阪府枚方市町楠葉1-5-8,〒573-1106,072-809-5552,田中　与志子,タナカ　ヨシコ,(01)第0001893号
株式会社増井工務店,マスイコウムテン,大阪府枚方市津田元町１-８-８,〒573-0127,072-858-5310,増井　千佳,マスイ　チカ,(01)第0001894号
協栄興産株式会社,キョウエイコウサン,大阪府箕面市如意谷1丁目7番37号,〒562-0011,072-721-0021,金本　博至,カネモト　ヒロシ,(01)第0000794号
株式会社アライヴ・サポート,アライヴサポート,大阪府箕面市半町3-5-11,〒562-0044,072-745-2211,鵜飼　美行,ウカイ　ヨシユキ,(02)第0001293号
株式会社マザーホーム,マザーホーム,大阪府箕面市牧落2-7-13,〒562-0004,072-725-5500,横手　圭,ヨコテ　キヨシ,(02)第0000415号
有限会社Ｍフィールド,エムフィールド,大阪府門真市月出町２６－１１,〒571-0052,06-6655-1515,前畠　実,マエハタ　ミノル,(01)第0001269号
北近畿住建株式会社,キタキンキジュウケン,大阪府門真市幸福町５－１５　ペアビルＡ棟２階,〒571-0066,06-6909-4808,市河　義一,イチカワ　ギイチ,(01)第0002146号
株式会社キャロット,キャロット,大阪府門真市常盤町７－１２,〒571-0078,072-881-5535,平井　光浩,ヒライ　ミツヒロ,(02)第0001763号
株式会社モノリス,モノリス,大阪府和泉市伏屋町３－７－９　ISビル１０１号室,〒594-0031,0725-56-5050,上久保　謙,カミクボ　ケン,(01)第0002253号
