﻿会社名,会社名フリガナ,住所,郵便番号,電話番号,代表氏名,代表氏名フリガナ,登録番号
株式会社７ＬＤＫ,ナナエルディケィ,奈良県橿原市葛本町705-2,〒634-0007,0744-29-7001,安本　喜昭,ヤスモト　ヨシアキ,(02)第0000736号
株式会社ｓｈｉｎｋａ,シンカ,奈良県橿原市久米町601番地,〒634-0063,0744-48-3555,新家　茂,シンカ　シゲル,(02)第0001660号
積水ハウス不動産関西株式会社,セキスイハウスフドウサンカンサイ,大阪府大阪市北区大淀中1-1-30,〒531-6125,06-6440-3800,北田　康,キタダ　コウ,(02)第0001517号
大東建託パートナーズ株式会社,ダイトウケンタクパートナーズ,東京都港区港南2-16-1,〒108-0075,03-6718-9102,佐藤　功次,サトウ　コウジ,(02)第0001723号
近鉄住宅管理株式会社,キンテツジュウタクカンリ,大阪府大阪市阿倍野区阿倍野筋１－１－４３,〒545-6090,06-7739-7610,?谷　守男,テツタニ　モリオ,(01)第0002256号
株式会社マックス,マックス,奈良県大和高田市春日町２－１－１２,〒635-0067,0745-52-8588,谷　将人,タニ　マサト,(01)第0001613号
株式会社メモリーホーム,メモリーホーム,奈良県天理市川原城町８０１番地,〒632-0016,0743-63-7777,吉田　敏也,ヨシダ　トシヤ,(01)第0000556号
株式会社Ａ－ＳＰＡＣＥ,エースペース,奈良県奈良市押熊町1108-1,〒631-0011,0742-49-3636,三谷　勝博,ミタニ　カツヒロ,(01)第0001588号
正木商亊株式会社,マサキショウジ,奈良県奈良市三条大路５丁目２－４０,〒630-8013,0742-36-6666,正木　久雄,マサキ　ヒサオ,(02)第0001777号
株式会社エムズエステート,エムズエステート,奈良県奈良市芝辻町4丁目2番地1プルミエール新大宮ビル2階,〒630-8114,0742-35-8875,森　亮輔,モリ　リョウスケ,(02)第0000062号
株式会社丸和不動産,マルワフドウサン,奈良県奈良市西大寺本町１-６,〒631-0816,0742-33-0014,小西　克美,コニシ　カツミ,(02)第0000023号
