﻿会社名,会社名フリガナ,住所,郵便番号,電話番号,代表氏名,代表氏名フリガナ,登録番号
積水ハウス不動産東京株式会社,セキスイハウスフドウサントウキョウカブシキガイシャ,東京都渋谷区代々木2-1-1,〒151-0053,03-5350-3366,島貫　利一,シマヌキ　トシカズ,(02)第0001005号
平和システム株式会社,ヘイワシステムカブシキガイシャ,埼玉県さいたま市浦和区高砂2-4-6,〒330-0063,048-832-8800,井山　一男,イヤマ　カズオ,(01)第0000855号
株式会社アップル,アップル,埼玉県さいたま市大宮区大成町2-273-1,〒330-0852,0486528585,高橋　誠一,タカハシ　セイイチ,(02)第0000041号
大成有楽不動産販売株式会社,タイセイユウラクフドウサンハンバイ,東京都中央区京橋3-13-1,〒104-0031,03-6867-0708,村上　善彦,ムラカミ　ヨシヒコ,(02)第0002089号
株式会社ヒロ・コーポレーション,ヒロコーポレーション,東京都新宿区四谷１－８,〒160-0004,03-5368-6741,松野　浩,マツノ　ヒロシ,(02)第0002390号
株式会社中央ビル管理,カブシキガイシャチュウオウビルカンリ,埼玉県越谷市南越谷1-20-17,〒343-0845,048-988-8800,中内　晃次郎,ナカウチ　コウジロウ,(02)第0002202号
株式会社白井商事,カブシキカイシャシライショウジ,埼玉県さいたま市南区南浦和2-36-9,〒336-0017,048-882-0111,白井　慶太,シライ　ケイタ,(01)第0002588号
生和不動産保証株式会社,セイワフドウサンホショウ,大阪府大阪市福島区福島5-8-1生和福島駅上ビル7階,〒553-0003,06-6345-0662,黒田　順一,クロダ　ジュンイチ,(02)第0001999号
株式会社ライフ・クリエイト,カブシキガイシャライフクリエイト,埼玉県川口市川口2-6-9,〒332-0015,048-250-2277,石井　徹夫,イシイ　テツオ,(02)第0002592号
株式会社インターレジデンス,インターレジデンス,埼玉県さいたま市浦和区仲町3-8-10エクセレンスビル3階,〒330-0062,048-767-4150,圓通　卓也,エンツウ　タクヤ,(01)第0002210号
株式会社ニチワ,カブシキガイシャニチワ,東京都渋谷区円山町5-5,〒150-0044,03-3463-2101,木村　至,キムラ　イタル,(02)第0001508号
株式会社ユーミープロパティ,ユーミープロパティ,東京都板橋区成増3-23-1,〒175-0094,03-5967-0860,有馬　久喜,アリマ　ヒサヨシ,(01)第0001027号
斎藤工業株式会社,サイトウコウギョウ,埼玉県さいたま市浦和区北浦和３－６－５,〒330-0074,048-833-1555,斎藤　惠介,サイトウ　ケイスケ,(01)第0000363号
株式会社浦和信用,ウラワシンヨウ,埼玉県さいたま市浦和区北浦和４－３－７,〒330-0074,048-831-4740,森山　洋子,モリヤマ　ヨウコ,(02)第0002943号
株式会社ケン・ハウジング,カブシキカイシャ　ケンハウジング,埼玉県さいたま市浦和区領家5-13-5,〒330-0072,048-767-4932,齊藤　建吾,サイトウ　ケンゴ,(01)第0001867号
アネシスホーム株式会社,アネシスホーム,埼玉県さいたま市岩槻区本町１丁目２番４号,〒339-0057,048-758-3111,飯塚　良光,イイヅカ　ヨシミツ,(01)第0000276号
株式会社ビーエム・サンエステート,ビーエムサンエステート,埼玉県さいたま市見沼区東大宮5-1-3,〒337-0051,048-687-6061,大塚　明,オオツカ　アキラ,(02)第0000707号
株式会社アレップス,カブシキガイシャアレップス,東京都千代田区岩本町2-6-10,〒101-0032,03-5687-2100,新田　泉,ニッタ　イズミ,(02)第0002607号
株式会社イーリンク,イーリンク,埼玉県さいたま市見沼区東大宮5-34-1,〒337-0051,048-681-5550,土門　豊,ドモン　ユタカ,(02)第0001860号
大東建託パートナーズ株式会社,ダイトウケンタクパートナーズ,東京都港区港南2-16-1,〒108-0075,03-6718-9102,佐藤　功次,サトウ　コウジ,(02)第0001723号
株式会社テルミ,テルミ,埼玉県さいたま市見沼区東大宮５－３５－１０,〒337-0051,048-685-9898,高田　龍美,タカダ　タツミ,(02)第0001743号
有限会社ハッピーハウス,ハッピーハウス,埼玉県さいたま市桜区大字上大久保６５９－１,〒338-0824,048-855-5380,佐々木　聡,ササキ　ソウ,(02)第0000622号
株式会社サンエイハウス,サンエイハウス,埼玉県さいたま市桜区中島1-21-21,〒338-0822,048-856-0607,三角　幹夫,ミスミ　ミキオ,(02)第0002750号
オーバルホーム株式会社,オーバルホームカブシキカイシャ,埼玉県さいたま市西区西大宮1-10-20,〒331-0078,048-624-1133,鈴木　省二,スズキ　ショウジ,(02)第0000144号
株式会社クリスティ,クリスティ,埼玉県さいたま市大宮区下町1丁目51番,〒330-0844,048-729-6099,新川　義忠,シンカワ　ヨシタダ,(01)第0000267号
日本ハウズイング株式会社,ニホンハウズイング,東京都新宿区新宿１－３１－１２,〒160-8410,03-5379-4141,小佐野　台,オサノ　ウテナ,(02)第0001009号
セキスイハイム不動産株式会社,セキスイハイムフドウサン,東京都新宿区西新宿2-6-1新宿住友ビル28階,〒163-0228,03-5324-7887,大和屋　学,ヤマトヤ　マナブ,(02)第0001709号
株式会社アクセス＆プロパティーズ,カブシキガイシャアクセスアンドプロパティーズ,埼玉県さいたま市大宮区高鼻町１丁目５番地,〒330-0803,048-658-4800,永峰　恒雄,ナガミネ　ツネオ,(01)第0001161号
三井ホームエステート株式会社,ミツイホームエステートカブシキガイシャ,東京都千代田富士見2-3-11,〒102-0071,03-5226-3733,谷川　裕一,タニカワ　ユウイチ,(02)第0001833号
株式会社ウチヤマ建物管理,カブシキガイシャウチヤマタテモノカンリ,埼玉県さいたま市大宮区桜木町2-220,〒330-0854,048-647-7350,内山　泰伸,ウチヤマ　ヤスノブ,(01)第0001159号
住友林業レジデンシャル株式会社,スミトモリンギョウレジデンシャル,東京都新宿区新宿２－１９－１　ビッグス新宿ビル４階,〒160-0022,03-3350-8731,檜垣　隆久,ヒガキ　タカヒサ,(02)第0002491号
株式会社ルック・アーバン,カブシキガイシャルックアーバン,埼玉県さいたま市大宮区寿能町1-40-4,〒330-0805,048-642-0001,當山　寛人,トウヤマ　ヒロト,(01)第0000252号
有限会社キタムラコーポレーション,ユウゲンガイシャキタムラコーポレーション,埼玉県さいたま市大宮区浅間町1-133-2,〒330-0842,050-5577-7888,北村　政義,キタムラ　マサヨシ,(02)第0000945号
株式会社ライブ大興,ライブダイコウ,埼玉県さいたま市大宮区浅間町1-4-2,〒330-0842,048-871-8778,黒?　修,クロサキ　オサム,(02)第0000753号
ハウス・エージェント株式会社,ハウスエージェント,埼玉県さいたま市大宮区浅間町１－１９６－１,〒330-0842,048-649-5111,及川　亮二,オイカワ　リョウジ,(01)第0001885号
株式会社埼玉丸山工務所,サイタママルヤマコウムショ,埼玉県さいたま市大宮区大成町１－５１８－２,〒330-0852,048-729-8655,本多　広,ホンダ　ヒロシ,(01)第0001169号
株式会社グッドステイホーム,カブシキガイシャグッドステイホーム,埼玉県さいたま市中央区鈴谷5丁目2番2号,〒338-0013,0488515551,益子　賢治,マスコ　ケンジ,(02)第0002587号
株式会社ハウスメイトマネジメント,ハウスメイトマネジメント,東京都豊島区東池袋３－１－１　サンシャイン６０　４１Ｆ,〒170-6041,03-3590-0964,井關　豊,イセキ　ユタカ,(02)第0000332号
有限会社カシワ商事,カシワショウジ,埼玉県さいたま市南区曲本５丁目８番３号１０１,〒336-0033,048-762-8230,中村　清一,ナカムラ　セイイチ,(02)第0000500号
株式会社ＭＤＩ,カブシキガイシャエムディアイ,東京都中央区銀座4-12-15 歌舞伎座タワー10階,〒104-0061,03-3544-2650,井村　航,イムラ　コウ,(01)第0002614号
株式会社浅野不動産,アサノフドウサン,埼玉県川口市芝新町８－２８,〒333-0851,048-266-1682,石田　英彦,イシダ　ヒデヒコ,(01)第0002201号
株式会社ミニテック,ミニテック,東京都港区港南2-5-3,〒108-0075,03-5769-3209,大原　輝之,オオハラ　テルユキ,(01)第0001682号
有限会社埼京ホーム,サイキョウホーム,埼玉県さいたま市南区白幡３丁目１２番１５号,〒336-0026,048-861-5331,里中　宗一郎,サトナカ　ソウイチロウ,(02)第0002746号
株式会社宮川不動産,カブシキガイシャ　ミヤカワフドウサン,埼玉県さいたま市南区文蔵1-17-1,〒336-0025,048-861-1237,宮川　博行,ミヤカワ　ヒロユキ,(01)第0001868号
日本住宅株式会社,ニホンジュウタク,岩手県盛岡市津志田中央１－３－２８,〒020-0838,019-638-0511,滝村　照男,タキムラ　テルオ,(01)第0001989号
株式会社別所不動産　,ベッショフドウサン,埼玉県さいたま市南区別所１－２７－８,〒336-0021,048-861-3333,秋元　宏仁,アキモト　ヒロヒト,(02)第0001072号
パナソニックホームズ不動産株式会社,パナソニックホームズフドウサン,大阪府豊中市新千里西町1-1-4,〒560-8543,06-6834-3816,飯代　努,イジロ　ツトム,(02)第0002003号
株式会社エージェントサービス,カブシキガイシャエージェントサービス,埼玉県さいたま市北区土呂町1-17-7,〒331-0804,048-662-7284,石井　成光,イシイ　ナリミツ,(02)第0000479号
株式会社不動産管理システム,フドウサンカンリシステム,埼玉県さいたま市北区土呂町１－１２－４－１０１,〒331-0804,048-665-0361,森山　邦江,モリヤマ　トシアキ,(01)第0002589号
株式会社住協,ジュウキョウ,埼玉県所沢市小手指町1-1-4,〒359-1141,04-2903-8815,安永　久人,ヤスナガ　ヒサト,(01)第0001862号
ほくさい農業協同組合,ホクサイ,埼玉県羽生市東７－１５－３,〒348-8513,048-561-6911,大塚　宏,オオツカ　ヒロシ,(01)第0001886号
小森設計株式会社,コモリセッケイカブシキガイシャ,埼玉県羽生市南５丁目１８番地１,〒348-0053,0485617887,小森　信江,コモリ　ノブエ,(02)第0000085号
レイクタウンホームズ株式会社,レイクタウンホームズカブシキガイシャ,埼玉県越谷市レイクタウン8-11-1,〒343-0828,048-990-6800,深井　昇一,フカイ　ショウイチ,(01)第0001875号
有限会社マルフク不動産,ユウゲンカイシャマルフクフドウサン,埼玉県越谷市蒲生茜町13-4,〒343-0843,0489858882,福川　幸治,フクカワ　コウジ,(02)第0002591号
アイエムジー株式会社,アイエムジーカブシキガイシャ,埼玉県越谷市大沢三丁目１１番４号－１Ｆ,〒343-0025,048-940-1666,船川　剛弘,フナカワ　タケヒロ,(02)第0001672号
株式会社アソシエ,カブシキガイシャアソシエ,埼玉県越谷市南越谷1-2876-1　コミュニティプラザ１階,〒343-0845,048-990-1665,秋葉　純人,アキバ　スミト,(01)第0002597号
スターツアメニティー株式会社,スターツアメニティーカブシキガイシャ,東京都江戸川区一之江8-4-3,〒132-0024,03-5662-3051,中松　学,ナカマツ　マナブ,(02)第0000978号
栄和住宅株式会社,エイワジュウタク,埼玉県越谷市南越谷４－９－６新越谷プラザビル２０１,〒343-0845,048-989-8831,厚川　剛範,アツカワ　タカノリ,(02)第0000038号
株式会社協和コーポレーション,キョウワコーポレーション,埼玉県越谷市南越谷一丁目２７番地６,〒343-0845,048-966-3131,櫻井　豊司,サクライ　トヨシ,(01)第0002205号
株式会社アドバンス,アドバンス,埼玉県草加市栄町２－１１－７,〒340-0011,048-935-6101,吉田　良一,ヨシダ　リョウイチ,(02)第0001079号
ラビエスト株式会社,ラビエストカブシキガイシャ,埼玉県加須市花崎北1-10-4 花崎北ビル103,〒347-0016,0480-31-9093,鈴木　大介,スズキ　ダイスケ,(02)第0000954号
有限会社ＧＵエステート,ジーユーエステート,埼玉県吉川市吉屋１－１１９－１,〒342-0013,048-940-5530,大神田　茂樹,オオカンダ　シゲキ,(01)第0002221号
ベルデホーム株式会社,ベルデホーム,埼玉県久喜市久喜中央１－２－３１,〒346-0003,0480-23-2222,蓮實　秀和,ハスミ　ヒデカズ,(02)第0000893号
株式会社狭山台商事,カブシキガイシャ　サヤマダイショウジ,埼玉県入間市狭山台1-15-19,〒358-0033,04-2934-3581,長谷川　敏男,ハセガワ　トシオ,(02)第0000090号
株式会社スマイルハウス,スマイルハウス,埼玉県狭山市祇園４－４７,〒350-1307,04-2959-7822,谷　栄,タニ　サカエ,(01)第0002496号
有限会社東工住宅社,トウコウジュウタクシャ,埼玉県狭山市大字水野５５７番地１００,〒350-1317,04-2958-4038,菊田　邦彦,キクタ　クニヒコ,(02)第0000876号
株式会社　奈良不動産,ナラフドウサン,埼玉県熊谷市円光1丁目6番50号,〒360-0813,048-524-1105,原口　紀一郎,ハラグチ　キイチロウ,(02)第0000068号
コーエー住宅株式会社,コーエージュウタクカブシキガイシャ,埼玉県熊谷市桜木町1丁目138番地,〒360-0036,048-526-3752,笹沼　一隆,ササヌマ　カズタカ,(01)第0000859号
株式会社末広不動産,カブシキガイシャスエヒロフドウサン,埼玉県熊谷市筑波2-14,〒360-0037,048-522-1112,日向　均,ヒュウガ　ヒトシ,(02)第0002912号
市川建設株式会社,イチカワケンセツカブシキガイシャ,埼玉県熊谷市筑波２丁目３７番地,〒360-0037,048-524-9011,市川　富夫,イチカワ　トミオ,(02)第0000139号
株式会社埼玉住宅情報センター,カブシキガイシャサイタマジュウジョウホウセンター,埼玉県熊谷市筑波二丁目66番地1,〒360-0037,048-525-2233,小暮　靖志,コグレ　ヤスシ,(02)第0002757号
株式会社エーアンドエム不動産,エーアンドエムフドウサン,埼玉県熊谷市箱田6丁目15番18号,〒360-0014,048-521-1604,内山　俊夫,ウチヤマ　トシオ,(02)第0001702号
有限会社サカイ・エージェンシー,サカイエージェンシー,埼玉県熊谷市美土里町二丁目１８８番地１,〒360-0845,048-533-2230,酒井　毅,サカイ　タケシ,(01)第0001040号
株式会社シティーワン,カブシキガイシャシティーワン,埼玉県熊谷市籠原南1-318,〒360-0847,048-530-0100,阿弓　貴章,アユミ　タカアキ,(01)第0002918号
株式会社アメニティオカモト,カブシキガイシャアメニティオカモト,埼玉県戸田市新曽2178,〒335-0021,048-445-1321,鈴木　知子,スズキ　トモコ,(02)第0002594号
株式会社八木橋,カブシキカイシャヤギハシ,埼玉県戸田市本町４－１４－８,〒335-0023,048-441-0667,八木橋　宣夫,ヤギハシ　ノブオ,(01)第0002740号
オルテ地所開発株式会社,オルテジショカイハツカブシキガイシャ,埼玉県戸田市本町四丁目17番28号,〒335-0023,048-443-1411,市ヶ谷　輝男,イチガヤ　テルオ,(02)第0001705号
三陽不動産株式会社,サンヨウフドウサン,埼玉県幸手市東２－１９－２６,〒340-0114,0480-42-4485,三牧　信吾,ミマキ　シンゴ,(01)第0002489号
株式会社フレンドホーム,カブシキガイシャフレンドホーム,埼玉県幸手市東二丁目８番６号,〒340-0114,0480-43-0021,鎌田　康臣,カマタ　ヤスタカ,(02)第0000469号
株式会社三友不動産建物管理,カブシキカイシャ　ミトモフドウサンタテモノカンリ,埼玉県行田市壱里山町１８－７,〒361-0046,048-556-4632,三友　章,ミトモ　アキラ,(02)第0001874号
田口不動産株式会社　,タグチフドウサン,埼玉県行田市壱里山町２８－８,〒361-0046,048-553-0446,田口　正人,タグチ　マサト,(01)第0002493号
スマイルハウス株式会社,スマイルハウス,埼玉県鴻巣市本町４－１－１０,〒365-0038,048-543-7888,佐藤　大,サトウ　ダイ,(02)第0002955号
ヴァンテアン株式会社,ヴァンテアン,埼玉県坂戸市南町８－１０,〒350-0233,049-282-5733,松永　東一郎,マツナガ　トウイチロウ,(02)第0000994号
株式会社住研川越,ジュウケンカワゴエ,埼玉県川越市脇田町18-1,〒350-1122,049-225-7070,渡邉　吉雄,ワタナベ　ヨシオ,(02)第0001854号
株式会社エステート通信,エステートツウシン,埼玉県坂戸市日の出町２－２　ときわビル１階 ,〒350-0225,049-280-5535,永沼　浩明,ナガヌマ　ヒロアキ,(01)第0002947号
有限会社マイスター・コーポレーション,マイスターコーポレーション,埼玉県坂戸市緑町１３－１４,〒350-0234,049-280-5070,笠間　聡一郎,カサマ　ソウイチロウ,(01)第0000559号
株式会社ハウストゥエンティーワン,ハウストゥエンティーワン,埼玉県三郷市早稲田１－１７－６,〒341-0018,048-958-6611,吉野　淳一郎,ヨシノ　ジュンイチロウ,(01)第0001172号
株式会社弘地,カブシキガイシャコウチ,埼玉県三郷市中央３－４３－８,〒341-0038,0489995646,林　美惠子,ハヤシ　ミエコ,(02)第0000768号
株式会社ホームネット,カブシキガイシャホームネット,埼玉県三郷市中央５－３１－１９,〒341-0018,048-949-2110,佐藤　武彦,サトウ　タケヒコ,(02)第0000996号
株式会社ミヤケン,カブシキガイシャミヤケン,埼玉県志木市柏町6-29-45,〒353-0007,048-473-6262,宮原　一,ミヤハラ　ハジメ,(02)第0000087号
株式会社三和エステート,カブシキガイシャサンワエステート,東京都東村山市秋津町5-6-7-1F,〒189-0001,042-390-0308,奥村　玄悠,オクムラ　ゲンユウ,(01)第0000839号
株式会社ライフデザイン武蔵野　,ライフデザインムサシノ,埼玉県志木市本町５－２３－１１,〒353-0004,048-485-5000,大竹　明,オオタケ　アキラ,(01)第0001882号
株式会社三和管理,カブシキガイシャサンワカンリ,埼玉県志木市本町５丁目２１－５０,〒353-0004,048-486-9088,奥村　真奈美,オクムラ　マナミ,(01)第0002033号
有限会社リリィハウジング,ユウゲンカイシャリリィハウジング,埼玉県春日部市一ノ割1-2-1,〒344-0031,048-735-4375,金子　善之,カネコ　ヨシユキ,(02)第0002722号
株式会社マルヤ住宅,マルヤジュウタク,埼玉県春日部市中央1-1-5,〒344-0067,048-761-3737,新井　光子,アライ　ミツコ,(02)第0000188号
株式会社イシモ建設,カブシキガイシャイシモケンセツ,埼玉県春日部市浜川戸2-13-13,〒344-0054,048-754-7111,石島　誠,イシジマ　マコト,(01)第0000560号
株式会社　ノザワ産業,カブシキカイシャ　ノザワサンギョウ,埼玉県所沢市小手指町4-1-20,〒359-1141,04-2948-0120,野澤　敏之,ノザワ　トシユキ,(02)第0002827号
興和プランニング株式会社,コウワプランニングカブシキカイシャ,埼玉県所沢市くすのき台3-3-1,〒359-0037,04-2946-9630,家住　明弘,イエズミ　アキヒロ,(01)第0001162号
株式会社　ノザワ産業,カブシキカイシャ　ノザワサンギョウ,埼玉県所沢市小手指町4-1-20,〒359-1141,04-2948-0120,野澤　敏之,ノザワ　トシユキ,(02)第0002827号
株式会社セイワランドック,カブシキガイシャ　セイワランドック,埼玉県所沢市喜多町17-12,〒359-1113,0429203388,倉重　武利,クラシゲ　タケトシ,(02)第0002593号
株式会社　ノザワ産業,カブシキカイシャ　ノザワサンギョウ,埼玉県所沢市小手指町4-1-20,〒359-1141,04-2948-0120,野澤　敏之,ノザワ　トシユキ,(02)第0002827号
株式会社　ノザワ産業,カブシキカイシャ　ノザワサンギョウ,埼玉県所沢市小手指町4-1-20,〒359-1141,04-2948-0120,野澤　敏之,ノザワ　トシユキ,(02)第0002827号
株式会社ティエス,カブシキガイシャティエス,埼玉県所沢市南住吉10-26,〒359-1125,04-2924-9459,佐藤　力,サトウ　ツトム,(02)第0000067号
株式会社フロンティアホーム,カブシキカイシャフロンティアホーム,埼玉県所沢市日吉町28-7,〒359-1123,04-2929-2231,中川　潤,ナカガワ　ジュン,(02)第0000431号
株式会社アイ建設事務所,アイケンセツジムショ,埼玉県所沢市日吉町１６－１５　ライナス所沢ビル２階,〒359-1123,04-2903-5500,池本　寅男,イケモト　トラオ,(01)第0000909号
有限会社第一土地,ユウゲンガイシャダイイチトチ,埼玉県北本市中央4-86,〒364-0031,048-592-0353,門井　誠治,カドイ　セイジ,(02)第0001864号
株式会社クレア,カブシキガイシャクレア,埼玉県新座市東北2-30-13,〒352-0001,050-3532-4100,菊池　禎晃,キクチ　ヨシテル,(02)第0002029号
株式会社リゾン,リゾン,埼玉県朝霞市西弁財２－４－４０,〒351-0021,048-466-6211,橋本　太樹,ハシモト　ダイキ,(02)第0000288号
増木工業株式会社,マスキコウギョウカブシキガイシャ,埼玉県新座市野火止3-10-5,〒352-0011,048-481-3133,増田　敏政,マスダ　トシマサ,(01)第0001160号
株式会社ナイキ,ナイキ,埼玉県新座市野火止６－６－１７,〒352-0011,048-483-2180,内田　昌史,ウチダ　マサシ,(02)第0000654号
永田建設株式会社,ナガタケンセツ,埼玉県深谷市永田１７４８番地,〒369-1243,048-584-0156,野村　満,ノムラ　ミツル,(02)第0000649号
株式会社渋沢不動産,シブサワフドウサン,埼玉県本庄市若泉3-2-7,〒367-0055,0495-21-2223,渋澤　久美,シブサワ　クミ,(01)第0001453号
古郡ホーム株式会社,フルゴオリホームカブシキガイシャ,埼玉県深谷市上柴町東４－１７－１３,〒366-0051,048-580-5559,古郡　栄一,フルコオリ　エイイチ,(02)第0002199号
株式会社天極,テンキョク,埼玉県川越市岸町2-7-5,〒350-1131,049-291-5500,金田　喜勝,カナダ　ヨシカツ,(02)第0000091号
横田建設株式会社,ヨコタケンセツカブシキガイシャ,埼玉県川越市砂８４９番地３,〒350-1133,0492423592,横田　等,ヨコタ　ヒトシ,(02)第0001451号
株式会社アーバンライフリアルエステート,アーバンライフリアルエステート,埼玉県川越市菅原町１７－１　アーバンライフビルヂング３Ｆ ,〒350-0046,049-227-5152,三浦　宏仁,ミウラ　ヒロヒト,(02)第0002775号
有限会社井駒不動産,ユウゲンガイシャイコマフドウサン,埼玉県川越市清水町19-9,〒350-1145,049-244-3333,井駒　由美子,イコマ　ユミコ,(02)第0002596号
有限会社アプリ,ユウゲンガイシャアプリ,埼玉県川越市中原町2-10-2,〒350-0042,049-228-5222,飯沼　哲夫,イイヌマ　テツオ,(01)第0002191号
サイワハウジング株式会社,サイワハウジング,埼玉県川口市栄町3丁目8番14号,〒332-0017,048-257-0021,北?　雄嗣,キタハマ　ユウシ,(02)第0000717号
戸塚不動産株式会社,トヅカフドウサン,埼玉県川口市戸塚２－１０－９,〒333-0811,048-296-7666,鈴木　晃夫,スズキ　テルオ,(02)第0000647号
株式会社アキシム,アキシム,埼玉県川口市戸塚４－７－３０,〒333-0811,048-299-0850,秋山　光信,アキヤマ　ミツノブ,(01)第0001046号
有限会社コモハウジング,コモハウジング,埼玉県川口市差間3-22-27,〒333-0816,048-296-0355,松石　誠典,マツイシ　ヨシノリ,(02)第0000074号
有限会社愛ホームズ,ユウゲンガイシャアイホームズ,埼玉県川口市芝２-6-1,〒333-0866,0482673105,松村　けい子,マツムラ　ケイコ,(01)第0001853号
株式会社小野田土地建物　,オノダトチタテモノ,埼玉県川口市西川口１－６－１,〒332-0021,048-252-4042,小野田　充宏,オノダ　ミツヒロ,(01)第0002213号
株式会社セイコーハウジング,カブシキガイシャセイコーハウジング,埼玉県川口市青木1-14-36,〒332-0031,048-255-6110,坂内　寿和,バンナイ　トシカズ,(02)第0000418号
有限会社矢島,ユウゲンガイシャヤジマ,埼玉県川口市川口2-1-8,〒332-0015,048-255-1031,矢島　健,ヤジマ　タケシ,(01)第0002200号
株式会社斎コーポレーション,イツキコーポレーション,埼玉県川口市前川３－５１－５,〒333-0842,048-261-6281,齊藤　守一,サイトウ　シュウイチ,(02)第0002219号
有限会社太田不動産,ユウゲンガイシャオオタフドウサン,埼玉県川口市南鳩ヶ谷５－２－５,〒334-0013,048-281-0741,太田　穣弐,オオタ　ジョウジ,(01)第0000955号
株式会社八十八不動産,ハトヤフドウサン,埼玉県川口市並木４－５－１８,〒332-0034,048-253-5454,塩山　昇,シオヤマ　ノボル,(01)第0000603号
株式会社ジーエー管理サービス,ジーエーカンリサービス,埼玉県川口市本町4-4-12-201,〒332-0012,048-226-3362,通山　知洋,トオリヤマ　トモヒロ,(01)第0002765号
株式会社コルトン,カブシキガイシャコルトン,埼玉県川口市柳崎5-18-4,〒333-0861,048-423-4484,永堀　伸太郎,ナガホリ　シンタロウ,(02)第0000725号
咲くライフ株式会社　,サクライフ,埼玉県草加市稲荷３－１２－３－２０５ ,〒340-0003,048-954-9173,富田　秀行,トミタ　ヒデユキ,(01)第0002222号
株式会社ベストハウジング　,ベストハウジング,埼玉県草加市栄町３－４－６,〒340-0011,048-930-2581,八巻　康雄,ヤマキ　ヤスオ,(02)第0001543号
株式会社村上不動産,カブシキガイシャムラカミフドウサン,埼玉県草加市高砂２－１０－２１,〒340-0015,048-925-2050,村上　昌巳,ムラカミ　マサミ,(02)第0000720号
有限会社東邦ハウジング,ユウゲンガイシャトウホウハウジング,埼玉県草加市高砂二丁目１８番９号,〒340-0015,048-920-6355,五十嵐　佳之,イガラシ　ヨシユキ,(02)第0001033号
株式会社良質マンションセンター,リョウシツマンションセンター,埼玉県草加市松江1-25-13,〒340-0013,0489444548,石上　忠男,イシガミ　タダオ,(01)第0000607号
株式会社ベストハウジング　,ベストハウジング,埼玉県草加市栄町３－４－６,〒340-0011,048-930-2581,八巻　康雄,ヤマキ　ヤスオ,(02)第0001543号
有限会社ベアーズコンサルティング,ユウゲンガイシヤベアーズコンサルテイング,埼玉県草加市遊馬町９７１－５,〒340-0032,048-924-0097,大熊　義宏,オオクマ　ヨシヒロ,(02)第0001694号
かつみ不動産株式会社　,カツミフドウサン,埼玉県朝霞市西原２－９－１,〒351-0034,048-473-0011,橋本　克己,ハシモト　カツミ,(01)第0001734号
カインドネス株式会社,カインドネス,埼玉県朝霞市仲町１丁目７番３６,〒351-0006,048-465-2222,木内　智之,キウチ　トモユキ,(01)第0000606号
株式会社ティーネットワーク,ティーネットワーク,埼玉県朝霞市本町２－４－２４　２階,〒351-0011,048-462-5776,橋本　太樹,ハシモト　ダイキ,(01)第0000355号
かつみ不動産株式会社　,カツミフドウサン,埼玉県朝霞市西原２－９－１,〒351-0034,048-473-0011,橋本　克己,ハシモト　カツミ,(01)第0001734号
株式会社明和ハウス,カブシキガイシャメイワハウス,埼玉県鶴ヶ島市富士見1-1-5,〒350-2201,049-279-5566,鈴木　明,スズキ　アキラ,(01)第0002030号
株式会社けやき野設計夢工房,ケヤキノセッケイユメコウボウ,埼玉県入間郡毛呂山町下川原911-2,〒350-0435,049-295-6620,戸口　始,トグチ　ハジメ,(01)第0000584号
株式会社ケイエステート,カブシキガイシャケイエステート,埼玉県入間郡毛呂山町毛呂本郷1199-1,〒350-0451,049-294-8388,小峯　博道,コミネ　ヒロミチ,(01)第0002208号
有限会社山陽住宅,サンヨウジュウタク,埼玉県入間市豊岡一丁目3番18号,〒358-0003,04-2963-2226,栗原　直美,クリハラ　ナオミ,(01)第0001673号
エンクル株式会社,エンクル,埼玉県八潮市茜町1-12-20,〒340-0826,048-997-6665,鳥海　晃平,トリウミ　コウヘイ,(02)第0001857号
地建総業株式会社,チケンソウギョウ,東京都足立区六町1丁目13番5号,〒121-0073,03-5809-6001,樽見　佐登史,タルミ　サトシ,(01)第0002751号
有限会社カトウ企画,ユウゲンカイシャカトウキカク,埼玉県飯能市栄町21-10,〒357-0025,0429719711,加藤　善弘,カトウ　ヨシヒロ,(01)第0002093号
株式会社東映地所,カブシキガイシャ　トウエイジショ,埼玉県比企郡滑川町大字羽尾3737番地3,〒355-0811,0493563611,荒井　啓史,アライ　ヒロフミ,(01)第0001699号
有限会社大地,ユウゲンガイシャダイチ,埼玉県比企郡小川町みどりが丘２丁目５番地１,〒355-0315,0493717105,村中　満,ムラナカ　ミツル,(01)第0000511号
株式会社住研コンサル,カブシキガイシャジュウケンコンサル,埼玉県富士見市ふじみ野東1-11-26,〒354-0036,049-256-5511,渡邉　清,ワタナベ　キヨシ,(01)第0001863号
ホシノ株式会社,ホシノカブシキガイシャ,埼玉県富士見市大字鶴馬2612-7,〒354-0025,049-251-0628,星野　博子,ホシノ　ヒロコ,(01)第0000961号
株式会社松本商会,マツモトショウカイ,埼玉県富士見市大字鶴馬３４６８番地,〒354-0021,049-251-0611,松本　伸一郎,マツモト　シンイチロウ,(01)第0000903号
株式会社セレクトホーム,セレクトホーム　,埼玉県富士見市鶴瀬東１－１０－５,〒354-0024,049-268-6222,住田　一成,スミダ　カズナリ,(01)第0002774号
株式会社渡辺住研,ワタナベジュウケン,埼玉県富士見市鶴馬2608-7,〒354-0021,049-254-9878,渡邉　毅人,ワタナベ　タケト,(02)第0001450号
横尾建設株式会社,ヨコオケンセツ,埼玉県本庄市けや木一丁目13番23号,〒367-0042,0495-21-4742,横尾　巧,ヨコオ　タクミ,(01)第0000254号
コーエー不動産株式会社,コーエーフドウサンカブシキガイシャ,埼玉県蓮田市見沼町9番13,〒349-0127,048-598-5083,笹沼　一隆,ササヌマ　カズタカ,(01)第0000858号
丸岩産業株式会社,マルイワサンギョウカブシキカイシャ,埼玉県蓮田市東３－１０－１３,〒349-0111,048-769-5281,岩?　盛作,イワサキ　セイサク,(02)第0000763号
ワコウホーム株式会社,ワコウホーム,埼玉県和光市新倉1-1-34,〒351-0115,048-450-5555,齊藤　誠,サイトウ　マコト,(01)第0000995号
かつみ不動産株式会社　,カツミフドウサン,埼玉県朝霞市西原２－９－１,〒351-0034,048-473-0011,橋本　克己,ハシモト　カツミ,(01)第0001734号
有限会社アイ　,アイ,埼玉県蕨市塚越５－４７－６,〒335-0002,048-420-2100,徐　瑛培,ソウ　ヨンベ,(02)第0001750号
