﻿会社名,会社名フリガナ,住所,郵便番号,電話番号,代表氏名,代表氏名フリガナ,登録番号
株式会社アスタス,アスタス,島根県安来市安来町874番地20,〒692-0011,0854-23-0006,小林　孝文,コバヤシ　タカフミ,(02)第0000165号
有限会社日商,ニッショウ,島根県益田市あけぼの西町９番地１８,〒698-0025,0856-23-0372,山本　修司,ヤマモト　シュウジ,(02)第0000937号
有限会社明正商事,メイショウショウジ,島根県益田市乙吉町イ３３７－１,〒698-0003,0856235400,金子　庄市,カネコ　ショウイチ,(01)第0001197号
有限会社　落合商店,オチアイショウテン,島根県出雲市塩冶町１７３５－１,〒693-0021,0853-22-7943,落合　正三,オチアイ　ショウゾウ,(01)第0001978号
株式会社やまや,ヤマヤ,島根県出雲市高岡町1234番地,〒693-0066,0853-23-2133,山根　宏行,ヤマネ　ヒロユキ,(02)第0000503号
株式会社出雲トータル不動産,イズモトータルフドウサン,島根県出雲市大津朝倉２－３－２,〒693-0015,0853-31-6622,伊藤　勝,イトウ　マサル,(01)第0001430号
株式会社常松不動産,ツネマツフドウサン,島根県出雲市渡橋町1212番地,〒693-0004,0853-25-8888,常松　栄,ツネマツ　サカエ,(01)第0001811号
学園すまいる有限会社,ガクエンスマイル,島根県松江市学園2丁目16番23号,〒690-0825,0852-24-6577,竹内　純一,タケウチ　ジュンイチ,(01)第0001975号
大東建託パートナーズ株式会社,ダイトウケンタクパートナーズ,東京都港区港南2-16-1,〒108-0075,03-6718-9102,佐藤　功次,サトウ　コウジ,(02)第0001723号
積水ハウス不動産中国四国株式会社,セキスイハウスフドウサンチュウゴクシコク,広島県広島市中区小町1番25号,〒730-0041,082-249-2105,佐々木　邦裕,ササキ　クニヒロ,(02)第0002163号
株式会社レテック,レテック,島根県松江市学園南２丁目５番２６号,〒690-0826,0852218484,渡部　勉,ワタナベ　ツトム,(01)第0001195号
株式会社ＢＡＮＥＴ,バネット,島根県松江市西川津町８３７番地２－１０６号,〒690-0823,0852-33-7893,田部　和彦,タナベ　カズヒコ,(02)第0001983号
株式会社穴吹ハウジングサービス,アナブキハウジングサービス,香川県高松市紺屋町3-6　穴吹ハウジング中央通りBLD.5階,〒760-0027,087-822-3110,新宮　章弘,シングウ　アキヒロ,(02)第0002151号
一栄不動産開発株式会社,イチエイフドウサンカイハツ,鳥取県米子市茶町63-1,〒683-0041,0859-33-0088,中田　純一郎,ナカダ　ジュンイチロウ,(01)第0001628号
