﻿会社名,会社名フリガナ,住所,郵便番号,電話番号,代表氏名,代表氏名フリガナ,登録番号
株式会社メインズサカイ,メインズサカイ,広島県安芸郡海田町南大正町2番17号,〒736-0042,082-822-5074,坂井　高正,サカイ　タカマサ,(01)第0000944号
天宝商事株式会社,テンポウショウジ,広島県安芸郡海田町大正町8番19号,〒736-0041,082-822-6661,三宅　靖延,ミヤケ　ヤスノブ,(02)第0001805号
オールハウス株式会社,オールハウス,広島県安芸郡府中町八幡1丁目4番23号,〒735-0012,082-890-1002,原田　尚明,ハラダ　ナオアキ,(02)第0002887号
有限会社朝日住宅,アサヒジュウタク,広島県呉市広古新開7丁目23-15-101,〒737-0112,0823-72-4594,三崎　久美,ミサキ　クミ,(02)第0001338号
株式会社アクセス,アクセス,広島県呉市中央4-3-10-109,〒737-0051,0823-24-3933,松木　泰樹,マツキ　ヒロシ,(02)第0001336号
株式会社千力,センリキ,広島県呉市中通3－1－27,〒737-0046,0823-23-1000,志々田　幸治,シシダ　コウジ,(02)第0000391号
株式会社総合アシスト,ソウゴウアシスト,広島県呉市本通3-3-12,〒737-0045,0823-24-4014,小野　道明,オノ　ミチアキ,(02)第0000453号
パナソニックホームズ不動産株式会社,パナソニックホームズフドウサン,大阪府豊中市新千里西町1-1-4,〒560-8543,06-6834-3816,飯代　努,イジロ　ツトム,(02)第0002003号
株式会社ミライアル不動産,ミライアルフドウサン,広島県広島市安佐南区安東２－６－１,〒731-0153,082-554-0047,水田　優樹,ミズタ　ユウキ,(01)第0001346号
株式会社バンブーハウス,バンブーハウス,広島県広島市安佐南区西原1-10-2,〒731-0113,082-871-3006,坂田　義知,サカタ　ヨシトモ,(02)第0001339号
積水ハウス不動産中国四国株式会社,セキスイハウスフドウサンチュウゴクシコク,広島県広島市中区小町1番25号,〒730-0041,082-249-2105,佐々木　邦裕,ササキ　クニヒロ,(02)第0002163号
八木興産株式会社,ヤギコウサン,広島県広島市安佐南区八木4－3－6,〒731-0101,0828735300,加藤　誉士雄,カトウ　ヨシオ,(01)第0001808号
株式会社　清和不動産,セイワフドウサン,広島県広島市佐伯区旭園３番３０号,〒731-5133,082-922-3136,阿部　一之,アベ　カズユキ,(01)第0003000号
島根不動産株式会社,シマネフドウサン,広島県広島市佐伯区楽々園4-1-29,〒731-5136,082-921-1177,高山　伸介,タカヤマ　シンスケ,(02)第0000404号
和游不動産,ワユウフドウサン,広島県広島市西区観音町6-13-1001,〒733-0031,082-275-6329,土井　和磨,ドイ　カズマ,(01)第0001203号
松本不動産株式会社,マツモトフドウサン,広島県広島市西区観音本町1-13-12,〒733-0033,082-291-4545,松本　敏之,マツモト　トシユキ,(02)第0002431号
己斐商事株式会社,コイショウジ,広島県広島市西区己斐本町1丁目15-12,〒733-0812,082-271-7700,河野　高信,コウノ　タカノブ,(02)第0000049号
有限会社清和コミュニティ,セイワコミュニティ,広島県広島市西区己斐本町１－２５－５,〒733-0812,082-507-0404,土鼻　直美,ドバナ　ナオミ,(02)第0000630号
中四国セキスイハイム不動産株式会社,チュウシコクセキスイハイムフドウサン,岡山県岡山市北区野田３－１－１８　安田ビル５階,〒700-0971,086-800-6550,八木　健次,ヤギ　ケンジ,(02)第0001982号
アイリオホーム株式会社,アイリオホーム,広島県広島市西区中広町2-20-1,〒733-0012,082-532-5188,垣元　修,カキモト　オサム,(01)第0001208号
株式会社ファーストスタイル,ファーストスタイル,広島県広島市西区中広町2丁目25番9号,〒733-0012,0822755081,佐々木　一,ササキ　ジハジメ,(01)第0001629号
株式会社良和ハウス,リョウワハウス,広島県広島市西区楠木町2丁目1-1,〒733-0002,0825545580,和田　伸幸,ワダ　ノブユキ,(02)第0000943号
株式会社クラスカ,クラスカ,広島県広島市西区福島町1丁目26-5,〒733-0024,0822972323,河井　一平,カワイ　イッペイ,(02)第0001972号
株式会社ＲＯＯＭ　ＳＴＹＬＥ,ルームスタイル,広島県広島市中区河原町1-26,〒730-0856,082-231-6106,橋沢　宏弥,ハシザワ　ヒロヤ,(01)第0001801号
グレイトコーポレイション株式会社,グレイトコーポレイション,広島県広島市中区河原町５－４西村ビル１F,〒730-0856,082-532-8885,見森　雅史,ミモリ　マサシ,(01)第0002281号
株式会社穴吹ハウジングサービス,アナブキハウジングサービス,香川県高松市紺屋町3-6　穴吹ハウジング中央通りBLD.5階,〒760-0027,087-822-3110,新宮　章弘,シングウ　アキヒロ,(02)第0002151号
三国不動産株式会社,ミクニフドウサン,広島県広島市中区広瀬町1番16号,〒730-0804,082-232-1063,石田　暢良,イシダ　ノブヨシ,(01)第0001342号
有限会社司商事,ツカサショウジ,広島県広島市中区舟入川口町13番19号,〒730-0845,0822910352,山田　博明,ヤマダ　ヒロアキ,(01)第0001976号
大東建託パートナーズ株式会社,ダイトウケンタクパートナーズ,東京都港区港南2-16-1,〒108-0075,03-6718-9102,佐藤　功次,サトウ　コウジ,(02)第0001723号
部屋店のコンサル株式会社,ヘヤテンノコンサル,広島県広島市中区西十日市町9番9号,〒730-0806,082-942-4182,松田　弘,マツダ　ヒロシ,(02)第0000760号
株式会社プランニングサプライ,プランニングサプライ,広島県広島市中区千田町1-3-1,〒730-0052,082-247-4005,水野　隆司,ミズノ　タカシ,(02)第0001803号
有限会社キーアイ,キーアイ,広島県広島市中区千田町二丁目10番10号,〒730-0052,082-545-9101,清水　誠,シミズ　マコト,(01)第0001968号
株式会社日立アーバンサポート,ヒタチアーバンサポート,東京都千代田区神田錦町３－７－１　興和一橋ビル７階,〒101-0054,03-6880-3700,佐伯　裕之,サヘキ　ヒロユキ,(02)第0003058号
株式会社おうち,オウチ,広島県広島市中区大手町4丁目1番1号1F,〒730-0051,082-241-3555,小田　洋之,オダ　ヒロユキ,(01)第0002162号
株式会社長谷工ライブネット,ハセコウライブネット,東京都港区芝３－８－２,〒105-0014,03-5419-9100,永谷　祥史,ナガタニ　ショウジ,(02)第0001062号
グローバルコミュニティ株式会社,グローバルコミュニティ,大阪府大阪市中央区博労町３－３－７,〒541-0059,06-7711-9680,金子　浩之,カネコ　ヒロユキ,(02)第0002539号
三菱地所ハウスネット株式会社,ミツビシジショハウスネット,東京都新宿区北新宿２－２１－１,〒169-0074,03-6908-5560,平川　清士,ヒラカワ　キヨシ,(02)第0001483号
アイスタイル株式会社,アイスタイル,広島県広島市中区中町７－３５,〒730-0037,082-236-9659,石原　健,イシハラ　ケン,(01)第0002164号
有限会社ウエストシグマ開発,ウエストシグマカイハツ,広島県広島市中区田中町1番7号,〒730-0026,082-248-2487,坂本　善経,サカモト　ヨシツネ,(02)第0000097号
有限会社ボイス,ボイス,広島県広島市中区東千田町1丁目3番13号,〒730-0053,0822071321,早藤　克巳,ハヤフジ　カツミ,(01)第0002893号
岡七不動産,オカヒチフドウサン,広島県広島市中区東平塚町４－１－２０１,〒730-0025,082-244-5688,岡本　洋三,オカモト　ヨウソウ,(02)第0002160号
日本管財株式会社,ニホンカンザイ,兵庫県西宮市六湛寺町9番16号,〒662-8588,079-835-2200,福田　慎太郎,フクダ　シンタロウ,(01)第0001612号
有限会社松田不動産,マツダフドウサン,広島県広島市中区宝町９番１９号,〒730-0044,082-244-0425,松田　宜久,マツダ　ヨシヒサ,(01)第0001428号
株式会社和光開発,ワコウカイハツ,広島県広島市中区本川町2-1-13,〒730-0802,082-503-0022,金光　栄治,カネミツ　エイジ,(01)第0001343号
株式会社タテカン,タテカン,広島県広島市南区宇品神田１丁目８番２３号,〒734-0004,082-250-1116,小野川　宣興,オノガワ　ノブオキ,(01)第0002997号
有限会社　?彰,タカショウ,広島県広島市南区皆実町6丁目3-23,〒734-0007,082-258-2595,?橋　賢司,タカハシ　ケンジ,(02)第0002996号
日本ハウズイング株式会社,ニホンハウズイング,東京都新宿区新宿１－３１－１２,〒160-8410,03-5379-4141,小佐野　台,オサノ　ウテナ,(02)第0001009号
株式会社アセット,アセット,広島県広島市南区段原日出一丁目8番4号,〒732-0818,082-569-8917,田中　貴,タナカ　タカシ,(01)第0001809号
日本管理センター株式会社,ニホンカンリセンター,東京都千代田区丸の内３－４－２,〒100-0005,050-1748-1242,武藤　英明,ムトウ　ヒデアキ,(02)第0001753号
一二興業株式会社,イチニコウギョウ,広島県広島市南区比治山町１番１８号,〒732-0817,082-264-6912,加藤　泰史,カトウ　タイシ,(02)第0001426号
マコト不動産株式会社,マコトフドウサン,広島県三原市宮浦3-35-26,〒723-0044,0848-63-9180,石本　栄次,イシモト　エイジ,(01)第0002998号
土橋不動産,ドバシフドウサン,広島県山県郡安芸太田町大字加計３７４９－７,〒731-3501,0826-22-0039,土橋　修治,ドバシ　シュウジ,(01)第0001347号
有限会社井口建材,イノクチケンザイ,広島県世羅郡世羅町西上原446番地1,〒722-1121,0847-22-3516,井口　孝明,イノクチ　タカアキ,(02)第0002995号
有限会社大興,ダイコウ,広島県東広島市高屋町檜山58-1,〒739-2105,082-434-4907,部谷　拓司,ヒダニ　タクジ,(01)第0002892号
有限会社まるたか開発,マルタカカイハツ,広島県東広島市西条下見6-6-30,〒739-0047,082-422-7755,山本　聡,ヤマモト　サトシ,(02)第0001337号
有限会社アクシアエステート,アクシアエステート,広島県東広島市西条御条町5-5,〒739-0013,082-421-2501,有田　郭美,アリタ　ヒロヨシ,(01)第0001810号
株式会社不動産プラザ,フドウサンプラザ,広島県東広島市西条昭和町12-58,〒739-0014,082-422-8181,前場　俊輔,マエバ　シュンスケ,(02)第0002888号
芸陽バス株式会社,ゲイヨウバス,広島県東広島市西条西本町21-39,〒739-0043,082-424-8555,安井　千明,ヤスイ　チアキ,(01)第0002891号
株式会社ネクストホーム,ネクストホーム,広島県東広島市西条本町13-11,〒739-0011,082-490-3135,二宮　達雄,ニノミヤ　タツオ,(02)第0001340号
株式会社東洋不動産,トウヨウフドウサン,広島県東広島市西条本町14-29,〒739-0011,082-423-8322,織田　真澄,オダ　マスミ,(02)第0001194号
株式会社　誠晃,セイコウ,広島県廿日市市桜尾本町9番12号,〒738-0005,0829-32-5656,丸亀　慎爾,マルガメ　シンジ,(02)第0001193号
近鉄住宅管理株式会社,キンテツジュウタクカンリ,大阪府大阪市阿倍野区阿倍野筋１－１－４３,〒545-6090,06-7739-7610,?谷　守男,テツタニ　モリオ,(01)第0002256号
株式会社サンコウ企画,サンコウキカク,広島県廿日市市上平良１６２－１,〒738-0026,0829-38-0125,三口　千代子,ミグチ　チヨコ,(01)第0001206号
株式会社タカハシ,タカハシ,広島県福山市今津町５－１－１,〒729-0111,084-939-6081,高橋　大蔵,タカハシ　ダイゾウ,(02)第0000021号
有限会社ホームガーデン,ホームガーデン,広島県福山市春日町6-6-20,〒721-0907,084-943-4428,小田　澄江,オダ　スミエ,(01)第0001977号
株式会社明正不動産,メイセイフドウサン,広島県福山市城見町二丁目1番1号,〒720-0054,084-922-1862,小池　勝章,コイケ　カツアキ,(02)第0000426号
川上不動産株式会社,カワカミフドウサン,広島県福山市神辺町大字川南554番地の1,〒720-2124,084-963-3456,川上　健太郎,カワカミ　ケンタロウ,(02)第0001200号
株式会社トリコム,トリコム,広島県福山市多治米町5丁目24-15,〒720-0824,084-954-1888,原田　聡,ハラダ　サトシ,(01)第0002158号
中国バス不動産株式会社,チュウゴクバスフドウサン,広島県福山市南蔵王町5丁目10番12号,〒721-0973,0849403601,片岡　陽,カタオカ　ヨウ,(01)第0002434号
