﻿会社名,会社名フリガナ,住所,郵便番号,電話番号,代表氏名,代表氏名フリガナ,登録番号
株式会社ピースリビング,ピースリビング,徳島県徳島市応神町古川字日ノ上3-4,〒771-1151,088-665-5847,堀金　建吾,ホリカネ　ケンゴ,(02)第0002994号
ありがとうございます株式会社,アリガトウゴザイマス,徳島県徳島市北田宮１－１－５,〒770-0003,088-633-6322,島勝　崇公,シマカツ　タカヒロ,(02)第0001266号
株式会社ＲＯＯＭ　ＮＡＶＩ,ルームナビ,徳島県板野郡藍住町徳命字前須東175-1,〒771-1212,0886-78-7992,木内　信一郎,キノウチ　シンイチロウ,(01)第0001963号
株式会社セイワ,セイワ,徳島県徳島市川内町鶴島173-5,〒770-0117,088-6663-111,吉田　恵美,ヨシダ　エミ,(02)第0002506号
シティ・ハウジング株式会社,シティハウジング,徳島県徳島市中常三島町3-8-1,〒770-0813,088-654-1122,川角　良太,カワスミ　リョウタ,(02)第0002884号
有限会社エーペックス,エーペックス,徳島県徳島市山城町西浜傍示184,〒770-8055,088-622-8386,冨士　さおり,フジ　サオリ,(01)第0002250号
株式会社穴吹ハウジングサービス,アナブキハウジングサービス,香川県高松市紺屋町3-6　穴吹ハウジング中央通りBLD.5階,〒760-0027,087-822-3110,新宮　章弘,シングウ　アキヒロ,(02)第0002151号
青山興産株式会社,アオヤマコウサン,徳島県徳島市秋田町4-27,〒770-0934,08886226241,青山　博文,アオヤマ　ヒロフミ,(01)第0000849号
有限会社バーニーズハウジング,バーニーズハウジング,徳島県徳島市庄町1-13,〒770-0044,088-633-4040,宮浦　武夫,ミヤウラ　タケオ,(02)第0002753号
積水ハウス不動産中国四国株式会社,セキスイハウスフドウサンチュウゴクシコク,広島県広島市中区小町1番25号,〒730-0041,082-249-2105,佐々木　邦裕,ササキ　クニヒロ,(02)第0002163号
株式会社高亜リアルティ,コウアリアルティ,徳島県徳島市仲之町２-８-２,〒770-0932,088-625-2121,本庄　一雄,ホンジョウ　カズオ,(01)第0000555号
大東建託パートナーズ株式会社,ダイトウケンタクパートナーズ,東京都港区港南2-16-1,〒108-0075,03-6718-9102,佐藤　功次,サトウ　コウジ,(02)第0001723号
株式会社ケーズオフィス,ケーズオフィス,徳島県徳島市南昭和町１ー２９ー１,〒770-0944,088-677-7083,久米　一徳,クメ　カズヨシ,(01)第0000844号
株式会社ＲＯＯＭ　ＮＡＶＩ,ルームナビ,徳島県板野郡藍住町徳命字前須東175-1,〒771-1212,0886-78-7992,木内　信一郎,キノウチ　シンイチロウ,(01)第0001963号
