﻿会社名,会社名フリガナ,住所,郵便番号,電話番号,代表氏名,代表氏名フリガナ,登録番号
株式会社マルエム,マルエム,京都府綾部市駅前通３４番地,〒623-0066,0773-43-2787,久木　圭史,キュウキ　ケイジ,(01)第0001617号
ディランド山京リース株式会社,ディランドヤマキョウリース,京都府宇治市槙島町十一49-4,〒611-0041,0774-20-5115,伊藤　和之,イトウ　カズユキ,(02)第0002981号
株式会社ケイティピーコーポレーション,ケイティピーコーポレーション,京都府下京区室町通綾小路上る鶏鉾町４８０番地,〒600-8491,075-353-6862,宮城　不二男,ミヤギ　フジオ,(01)第0002529号
株式会社京都ベストホーム,キョウトベストホーム,京都府京田辺市田辺中央1-6-3,〒610-0334,0774-66-3083,奥　景一朗,オク　ケイイチロウ,(02)第0002527号
株式会社ハウツーホーム,ハウツーホーム,京都府京都市下京区四条通新町東入月鉾町52番地イヌイ四条ビル７Ｆ,〒600-8492,075-212-1515,吉川　昇一,ヨシカワ　ショウイチ,(02)第0001779号
有限会社ティエーエム,ティエーエム,京都府京田辺市田辺中央４－２－２,〒610-0334,0774-64-8434,島田　章夫,シマダ　アキオ,(01)第0002263号
株式会社長栄,チョウエイ,京都府京都市伏見区深草西浦町3丁目70番地第5長栄アストロビル,〒612-0029,075-343-1600,長田　修,オサダ　オサム,(02)第0000400号
株式会社アイエスホーム,アイエスホーム,京都府京都市右京区常盤西町18番地,〒616-8223,075-881-0101,池端　基起,イケハタ　モトキ,(01)第0000782号
株式会社あゆむカンパニー,アユムカンパニー,京都府京都市右京区西院坤町30亮美ビル2F,〒615-0062,075-366-6301,松山　彰吾,マツヤマ　ショウゴ,(01)第0001666号
株式会社ＴＡＫＵＴＯ,タクト,大阪府大阪市淀川区西中島4丁目3番24号サムティ新大阪センタービル3階,〒532-0011,06-6838-2222,太田　卓利,オオタ　タクトシ,(02)第0000045号
株式会社京都賃貸スタイル,キョウトチンタイスタイル,京都府京都市右京区西院巽町２７,〒615-0014,075-325-1100,辻?　眞一,ツジ　シンイチ,(02)第0001395号
株式会社エルハウジング,エルハウジング,京都府京都市右京区西院東貝川町5-7　3F,〒615-0057,075-312-6300,村井　孝彦,ムライ　タカヒコ,(02)第0001400号
株式会社ＮＫ企画,エヌケーキカク,京都府京都市右京区西院東貝川町３１番地　西院ビル５階,〒615-0057,075-325-1148,川畑　紀幸,カワバタ　ノリユキ,(01)第0001669号
株式会社ケーズクオリア,ケーズクオリア,京都府京都市右京区西院平町２５番地ライフプラザ西大路四条8階,〒615-0022,075-874-3430,川口　知昭,カワグチ　チアキ,(01)第0001136号
有限会社アンクルホーム,アンクルホーム,京都府京都市右京区太秦井戸ヶ尻町２１番地２,〒616-8122,075-873-2030,野原　正光,ノハラ　マサミツ,(02)第0000692号
株式会社松岡商事,マツオカショウジ,京都府京都市北区西賀茂水垣町83-1,〒603-8827,075-492-6835,松岡　勲,マツオカ　イサオ,(01)第0001402号
コープ総合リビング株式会社,コープソウゴウリビング,京都府京都市下京区稲荷町521番地　京都高辻ビル4階,〒600-8098,075-344-3660,古澤　武夫,フルサワ　タケオ,(01)第0001396号
株式会社フラット・エージェンシー,フラットエージェンシー,京都府京都市北区紫野西御所田町９－１,〒603-8165,075-431-0669,吉田　創一,ヨシダ　ソウイチ,(02)第0002425号
株式会社大生産業,タイセイサンギョウ,滋賀県野洲市小篠原1979,〒520-2331,077-586-3456,梅村　忠生,ウメムラ　タダオ,(01)第0000535号
株式会社さくら,サクラ,京都府京都市下京区高辻通室町西入繁昌町310番地,〒600-8433,075-354-0123,浅井　政則,アサイ　マサノリ,(01)第0002019号
株式会社ミニテック西日本,ミニテックニシニホン,京都府京都市下京区四条通新町東入月鉾町54,〒600-8492,075-253-1332,前田　恵一,マエダ　ケイイチ,(02)第0000061号
株式会社ハウツーホーム建物管理,ハウツーホームタテモノカンリ,京都府京都市下京区四条通新町東入月鉾町５２番地イヌイ四条ビル７Ｆ,〒600-8492,075-212-1515,吉川　昇一,ヨシカワ　ショウイチ,(01)第0001778号
株式会社ガーネット,ガーネット,京都府京都市下京区小稲荷町８５番地８,〒600-8208,075-748-1912,中野　拓磨,ナカノ　タクマ,(02)第0003089号
株式会社テナントプロデュース,テナントプロデュース,京都府京都市下京区相之町１３３サンマンション四条柳馬場２０５,〒600-8071,075-361-2564,足立　磨砂幸,アダチ　マサユキ,(02)第0000456号
株式会社和敬,ワケイ,京都府京都市下京区猪熊通五条下る柿本町595番地188,〒600-8357,075-391-0851,若林　和彦,ワカバヤシ　カズヒコ,(02)第0001219号
株式会社グッドワーク,グッドワーク,京都府京都市下京区堀川通四条下る四条堀川町286,〒600-8481,075-342-1100,中村　康行,ナカムラ　ヤスユキ,(02)第0001552号
株式会社ＪＲＥＣ,ジェレック,京都府京都市左京区一乗寺里ノ前町３２－４,〒606-8117,075-781-1111,豊崎　益弘,トヨサキ　マスヒロ,(02)第0000632号
有限会社ｗａｖｅ,ウエーブ,京都府京都市左京区吉田牛ノ宮町4-5,〒606-8302,075-751-2816,高谷　美智子,タカヤ　ミチコ,(02)第0001787号
有限会社錨住宅,イカリジュウタク,京都府京都市左京区浄土寺真如町1番地１９,〒606-8414,075-752-2828,東　泰彦,アズマ　ヤスヒコ,(02)第0001664号
日本アークリード株式会社,ニホンアークリードカブシキカイシャ,京都府京都市左京区田中大久保町３４番地アークリード洛北?１階,〒606-8236,075-888-5910,木村　大輔,キムラ　ダイスケ,(02)第0002983号
アイエステート株式会社,アイエステート,京都府京都市左京区田中南大久保町69番地リバティ東大路1階,〒606-8214,075-712-3636,松村　建彦,マツムラ　タケヒコ,(02)第0000001号
株式会社アコー,アコー,京都府京都市左京区田中里ノ内町71-2-2F,〒606-8212,075-703-5225,河本　圭祐,カワモト　ケイスケ,(02)第0002017号
株式会社ハウス・メッセ,ハウスメッセ,京都府京都市左京区北白川別当町30番地3,〒606-8276,075-711-7500,塔本　裕彦,トウモト　ヒロヒコ,(01)第0001587号
有限会社マックスコーポレーション,マックスコーポレーション,京都府京都市左京木一乗寺梅ノ木町８５番地１,〒606-8173,075-706-3939,竹内　浩,タケウチ　ヒロシ,(02)第0001216号
エンドレス不動産販売株式会社,エンドレスフドウサンハンバイ,京都府京都市山科区四ノ宮神田町29番地,〒607-8035,075-594-8880,近藤　卓司,コンドウ　タクジ,(01)第0001139号
株式会社ａｄｄｏｎｅ,アッドワン,京都府京都市山科区西野岸ノ下町29-1ガーデンプレイス寺岡101号室,〒607-8352,075-592-0333,羽賀　敬之,ハガ　タカユキ,(01)第0000510号
京都パナホーム株式会社,キョウトパナホーム,京都府京都市山科区竹鼻竹ノ街道町81-6,〒607-8080,075-501-3334,出竿　忠宏,デザオ　タダヒロ,(01)第0000784号
アムネッツ株式会社,アムネッツ,京都府京都市山科区竹鼻竹ノ街道町３０番地４,〒607-8080,075-583-3533,滝本　昌幸,タキモト　マサユキ,(02)第0001775号
株式会社ダイマルヤアネックス,ダイマルヤアネックス,京都府京都市山科区椥辻平田町１８４,〒607-8165,075-593-0048,森田　一道,モリタ　カズミチ,(01)第0002261号
株式会社京都住宅センター学生住宅,キョウトジュウタクセンターガクセイジュウタク,京都府京都市上京区今出川通室町東入今出川町３２２,〒602-0033,075-415-1088,細川　彰一,ホソカワ　ショウイチ,(02)第0000303号
株式会社学生ハウジング,ガクセイハウジング,京都府京都市北区上賀茂榊田町78,〒603-8051,075-723-3215,千振　和雄,チブリ　カズオ,(02)第0000024号
株式会社エリッツ建物管理,エリッツタテモノカンリ,京都府京都市上京区下長者町通室町西入西鷹司町８　エリッツ御所ビル,〒602-8004,075-441-5110,田中　健敏,タナカ　タケトシ,(02)第0001665号
京ここすも株式会社,キョウココスモ,京都府京都市上京区河原町通今出川下ル栄町368キアーラ御所1階,〒602-0842,075-212-4560,川崎　恵蔵,カワサキ　ケイゾウ,(02)第0002427号
株式会社　府庁前住宅,フチョウマエジュウタク,京都府京都市上京区釜座通椹木町上る東裏辻町409,〒602-8031,075-231-2523,松田　瑞夫,マツダ　ミズオ,(02)第0002678号
株式会社ベストトラスト,ベストトラスト,京都府京都市上京区元誓願寺通七本松東入元観音町459番地3,〒602-8324,075-467-8868,芳井　秀明,ヨシイ　ヒデアキ,(01)第0000226号
株式会社ハウスネットワーク,ハウスネットワーク,京都府京都市上京区寺町通今出川上る立本寺前町９３―２,〒602-0831,075-256-2566,八尾　満,ヤオ　ミツル,(02)第0001663号
共同管理株式会社,キョウドウカンリ,京都府京都市西京区桂上野中町240番地,〒615-8002,075-381-4220,宮林　行雄,ミヤバヤシ　ユキオ,(02)第0001795号
株式会社クライフ,クライフ,京都府京都市西京区桂徳大寺南町59番地,〒615-8302,075-382-1910,唐津　亮,カラツ　リョウ,(02)第0001137号
株式会社リアルホーム,リアルホーム,京都府京都市西京区桂野里町13-4ﾗｲﾌﾞｶﾝﾄﾘｰｴｲﾄ1F,〒615-8073,075-394-1555,葉山　栄治,ハヤマ　エイジ,(01)第0002675号
株式会社中川工務店,ナカガワコウムテン,京都府京都市西京区上桂三ノ宮町３５,〒615-8224,075-381-6141,中川　雅勝,ナカガワ　マサカツ,(02)第0002020号
株式会社サプライズホーム,サプライズホーム,京都府京都市西京区上桂東居町４１,〒615-8214,075-382-0505,大八木　義博,オオヤギ　ヨシヒロ,(02)第0002014号
大東建託パートナーズ株式会社,ダイトウケンタクパートナーズ,東京都港区港南2-16-1,〒108-0075,03-6718-9102,佐藤　功次,サトウ　コウジ,(02)第0001723号
株式会社大宝住建,タイホウジュウケン,京都府京都市西京区川島有栖川町１４番地の７　光陽ビル２Ｆ,〒615-8191,075-391-1115,大路　博司,オオジ　ヒロシ,(02)第0002987号
有限会社バーム,バーム,京都府京都市西京区大原野西境谷町４－１－１１,〒610-1146,075-383-0192,牧野　政男,マキノ　マサオ,(02)第0001934号
高塚管理サービス株式会社,タカツカカンリサービス,京都府京都市西京区大枝沓掛町１５番地の１１２,〒610-1106,075-333-0501,福本　凡人,フクモト　ヒロト,(02)第0001222号
積水ハウス不動産関西株式会社,セキスイハウスフドウサンカンサイ,大阪府大阪市北区大淀中1-1-30,〒531-6125,06-6440-3800,北田　康,キタダ　コウ,(02)第0001517号
中西電建株式会社,ナカニシデンケン,京都府京都市南区唐橋羅城門町6番地,〒601-8453,075-681-0070,中西　俊泰,ナカニシ　トシヤス,(02)第0002528号
生和不動産保証株式会社,セイワフドウサンホショウ,大阪府大阪市福島区福島5-8-1生和福島駅上ビル7階,〒553-0003,06-6345-0662,黒田　順一,クロダ　ジュンイチ,(02)第0001999号
オークライフ株式会社,オークライフ,京都府京都市中京区烏丸通二条下る秋野々町５１４番地１ラ・シュウム１階,〒604-0847,075-252-1210,大前　温彦,オオマエ　アツヒコ,(02)第0000489号
株式会社トーマック,トーマック,京都府京都市中京区烏丸通二条上る蒔絵町２６７番地烏丸二条ビル３階,〒604-0857,075-229-6881,藤田　幹人,フジタ　ミキト,(01)第0000898号
三菱地所ハウスネット株式会社,ミツビシジショハウスネット,東京都新宿区北新宿２－２１－１,〒169-0074,03-6908-5560,平川　清士,ヒラカワ　キヨシ,(02)第0001483号
バリューアッド株式会社,バリューアッド,京都府京都市中京区御池通堺町西入御所八幡町231,〒604-0825,075-251-6503,戸田　孝行,トダ　タカユキ,(02)第0000184号
株式会社アムジェント,アムジェント,京都府京都市中京区新シ町通御池下る大文字町２３３番地８,〒604-8315,075-841-7722,田村　泰造,タムラ　タイゾウ,(01)第0000780号
グローバルコミュニティ株式会社,グローバルコミュニティ,大阪府大阪市中央区博労町３－３－７,〒541-0059,06-7711-9680,金子　浩之,カネコ　ヒロユキ,(02)第0002539号
株式会社クリエイタス,クリエイタス,京都府京都市中京区西ノ京伯楽町3-5メゾンベルジュール１F,〒604-8452,075-366-0818,鶴田　裕幸,ツルタ　ヒロユキ,(01)第0002679号
株式会社ランドスタイリング,ランドスタイリング,京都府京都市東山区今熊野椥ノ森町45番地6ランドスタイリングビル1階,〒605-0971,075-748-1115,若林　優浩,ワカバヤシ　マサヒロ,(02)第0000123号
三協株式会社,サンキョウ,京都府京都市東山区三条大橋東三町目8番地,〒605-0005,075-761-3200,安田　栄慈,ヤスダ　エイジ,(02)第0000125号
株式会社吉祥院安田,キッショウインヤスダ,京都府京都市南区吉祥院宮ノ東町１４,〒601-8305,075-754-7432,安田　典史,ヤスダ　ノリフミ,(01)第0002676号
ヒカリコーポレーション株式会社,ヒカリコーポレーション,京都府京都市南区吉祥院西ノ庄西中町1番地,〒601-8303,075-312-5499,山下　潤,ヤマシタ　ジュン,(02)第0001618号
アーキスプランニング株式会社,アーキスプランニング,京都府京都市南区西九条東島町１７－１１,〒601-8432,075-693-0500,滝西　泰勲,タキニシ　ヤスイサ,(02)第0002534号
株式会社山公産業,サンコウサンギョウ,京都府京都市南区東九条西山町23-14,〒601-8046,075-671-1965,山南　公一,ヤマナミ　コウイチ,(02)第0001135号
株式会社ＯｆｆｉｃｅＧｅｎ＆Ｃｏ,オフィスジェンコ,京都府京都市伏見区久我西出町12-134,〒612-8496,075-204-0049,杉村　元嗣,スギムラ　モトツグ,(02)第0000485号
リヴレン伊勢屋,リヴレンイセヤ,京都府京都市伏見区新町12-319,〒612-8081,075-605-1715,伊勢島　多恵子,イセジマ　タエコ,(02)第0000650号
株式会社都ハウジング,ミヤコハウジング,京都府京都市伏見区深草キトロ町30番地12,〒612-0025,075-643-3191,岡本　秀巳,オカモト　ヒデミ,(02)第0000002号
近畿メンテナンス,キンキメンテナンス,京都府京都市伏見区深草直違橋10-146,〒612-0889,075-646-3044,中沢　好人,ナカザワ　ヨシト,(02)第0000879号
とまとハウス株式会社,トマトハウス,京都府京都市伏見区桃山筒井伊賀西町１７,〒612-0073,075-602-1644,粟野　則夫,アワノ　ノリオ,(02)第0002018号
株式会社洛南住宅,ラクナンジュウタク,京都府京都市伏見区淀本町１７３－２３,〒613-0903,075-631-4824,西谷　昇,ニシタニ　ノボル,(01)第0001782号
株式会社タカホーム,タカホーム,京都府京都市北区紫竹西高縄町６５－１,〒603-8025,075-493-2768,高岡　勝利,タカオカ　カツトシ,(02)第0000180号
イリグチハウジング株式会社,イリグチハウジング,京都府京都市北区紫竹西野山東町2,〒603-8442,075-494-3023,入口　裕司,イリグチ　ユウジ,(01)第0001781号
株式会社青葉,アオバ,京都府京都市北区小山花ノ木町16番地,〒603-8122,075-491-1111,中積　実,ナカツミ　ミノル,(01)第0001377号
株式会社ジー・エイチ・コミュニティ,ジーエイチコミュニティ,京都府京都市北区上賀茂榊田町78,〒603-8051,075-723-0200,石本　浩治,イシモト　コウジ,(02)第0000026号
株式会社のぞみハウジング,ノゾミハウジング,京都府向日市寺戸町向畑52-12,〒617-0002,075-924-0707,吉野　輝永,ヨシノ　テルナガ,(02)第0001586号
株式会社アッシュコーポレーション,アッシュコーポレーション,京都府向日市寺戸町梅ノ木10-8,〒617-0002,075-924-1100,和田　基,ワダ　ハジメ,(02)第0001797号
株式会社富士不動産,フジフドウサン,京都府向日市森本町前田５番地１,〒617-0003,075-933-4143,角田　絢子,スミダ　アヤコ,(01)第0000507号
株式会社エクストホーム,エクストホーム,京都府長岡京市開田2丁目13番18号1階,〒617-0826,075-959-2303,谷口　正史,タニグチ　マサシ,(01)第0003091号
株式会社ＭＡＹＵＭＩ,マユミ,京都府八幡市男山吉井4番地7,〒614-8363,075-983-5662,岩越　由岐子,イワコシ　ユキコ,(01)第0001929号
有限会社丸榮住販,マルエイジュウハン,京都府舞鶴市南浜町22番地1,〒625-0057,0773-64-1700,角山　芳博,ツノヤマ　ヨシヒロ,(01)第0001398号
株式会社セイコーハウジング,セイコーハウジング,京都府福知山市前田新町20番地の1,〒620-0866,0773-27-1100,西村　光晴,ニシムラ　ミツハル,(02)第0000403号
株式会社ヨネダ,ヨネダ,京都府福知山市東羽合町26番地　S01-1階,〒620-0933,0773-24-0691,米田　洋一,ヨネダ　ヨウイチ,(02)第0001783号
