﻿会社名,会社名フリガナ,住所,郵便番号,電話番号,代表氏名,代表氏名フリガナ,登録番号
パナソニックホームズ不動産株式会社,パナソニックホームズフドウサン,大阪府豊中市新千里西町1-1-4,〒560-8543,06-6834-3816,飯代　努,イジロ　ツトム,(02)第0002003号
株式会社プラネットコーポレーション,プラネットコーポレーション,三重県伊賀市服部町470-7,〒518-0007,0595-26-3551,瀬戸口　篤,セトグチ　アツシ,(02)第0000046号
上野ハウス株式会社,ウエノハウス,三重県伊賀市緑ヶ丘南町2332,〒518-0835,0595-21-3612,奥井　実,オクイ　ミノル,(01)第0001413号
株式会社エリア４７,エリアヨンジュウナナ,三重県伊勢市一之木１－２－１８,〒516-0071,0596-21-0333,南　千春,ミナミ　チハル,(02)第0000170号
有限会社リビングスペースケイ,リビングスペースケイ,三重県伊勢市岩渕１－６－１４,〒516-0037,0596-20-4765,竹本　訓子,タケモト　クニコ,(02)第0000339号
株式会社創建ハウジング,ソウケンハウジング,三重県伊勢市小俣町元町992,〒519-0503,0596-28-6035,川端　裕昌,カワバタ　ヒロアキ,(01)第0000786号
西田不動産,ニシダフドウサン,三重県伊勢市小俣町元町７７０,〒519-0503,0596-25-0340,西田　元昭,ニシダ　モトアキ,(02)第0000290号
エクノフ株式会社,エクノフ,三重県伊勢市村松町１３６４－８,〒515-0507,0596-37-5608,船谷　哲司,フナタニ　テツジ,(02)第0000281号
有限会社大和不動産,ダイワフドウサン,三重県亀山市東町１－７－９,〒519-0125,0595-82-8911,森　日出子,モリ　ヒデコ,(02)第0000313号
川瀬開発不動産株式会社,カワセカイハツフドウサン,三重県桑名市大字大福４１４,〒511-0834,0594-84-7118,川瀬　浩,カワセ　ヒロシ,(01)第0000791号
三重北農業協同組合,ミエキタノウギョウキョウドウクミアイ,三重県四日市市鵜の森1-5-19,〒510-0074,059-354-8890,門脇　孝,カドワキ　タカシ,(01)第0001261号
株式会社桑員不動産,ソウインフドウサン,三重県桑名市中央町2-7,〒511-0068,0594-21-3181,渡辺　令二,ワタナベ　レイジ,(01)第0002574号
大東建託パートナーズ株式会社,ダイトウケンタクパートナーズ,東京都港区港南2-16-1,〒108-0075,03-6718-9102,佐藤　功次,サトウ　コウジ,(02)第0001723号
株式会社オンテック,オンテック,愛知県小牧市大字三ツ渕字西之坪１１３８,〒485-0075,0568723631,酒井　俊子,サカイ　トシコ,(01)第0001638号
株式会社エイチティー,エイチティー,三重県四日市市安島１-２-２５,〒510-0075,059-354--9339,追住　幸男,オイズミ　ユキオ,(01)第0002303号
株式会社ミニテック,ミニテック,東京都港区港南2-5-3,〒108-0075,03-5769-3209,大原　輝之,オオハラ　テルユキ,(01)第0001682号
積村ビル管理株式会社,セキムラビルカンリカブシキガイシャ,愛知県名古屋市中村区横前町66,〒453-0864,0524116571,二村　伝治,フタムラ　デンジ,(02)第0000054号
丸亀産業株式会社,マルカメサンギョウ,三重県松阪市高町450-1,〒515-0011,0598-53-9111,竹上　景太,タケガミ　ケイタ,(02)第0001283号
木村不動産有限会社,キムラフドウサン,三重県津市久居新町1146-3,〒514-1118,0592552238,木村　禎孝,キムラ　ヨシタカ,(01)第0001388号
伊賀南部不動産事業協同組合,イガナンブフドウサン,三重県名張市鴻之台２－１９,〒518-0702,0595-64-5411,富永　巌,トミナガ　イワオ,(02)第0000305号
株式会社アサヒ住宅,アサヒジュウタク,三重県尾鷲市南陽町９－３７,〒519-3614,0597-22-2433,山下　雅史,ヤマシタ　マサシ,(02)第0000330号
株式会社ユウキホーム,ユウキホーム,三重県名張市桔梗が丘西3-1-29,〒518-0643,0595661555,森　孝司,モリ　コウジ,(02)第0001094号
株式会社丸栄建設,マルエイケンセツ,三重県名張市松崎町１４４０-１,〒518-0722,0595-63-2155,菊山　賢二,キクヤマ　ケンジ,(02)第0001385号
株式会社飯田商事,イイダショウジ,三重県鈴鹿市飯野寺家町296-1,〒513-0802,0593821640,木原　敏彦,キハラ　トシヒコ,(01)第0000233号
福富興産,フクトミコウサン,三重県鈴鹿市北玉垣町１７７９－３,〒513-0813,059-382-6559,白塚　薫,シラツカ　カオル,(02)第0000304号
