﻿会社名,会社名フリガナ,住所,郵便番号,電話番号,代表氏名,代表氏名フリガナ,登録番号
シゲマツ不動産有限会社,シゲマツフドウサン,佐賀県伊万里市立花町3997番地５,〒848-0027,0955-23-2226,重松　英明,シゲマツ　ヒデアキ,(02)第0001900号
株式会社福徳不動産,フクトクフドウサン,長崎県長崎市金屋町1-17　福徳ビル,〒850-0037,095-822-2919,福島　卓,フクシマ　スグル,(02)第0001351号
トム・カンパニー株式会社,トムカンパニー,佐賀県佐賀市駅前中央２－９－７,〒840-0801,0952-20-1212,古賀　里志,コガ　サトシ,(01)第0003079号
扶桑管理株式会社,フソウカンリ,福岡県福岡市博多区博多駅東2-6-23,〒812-0013,092-414-1456,安松　省吾,ヤスマツ　ショウゴ,(02)第0003068号
株式会社ヤマト開発不動産,ヤマトカイハツフドウサン,佐賀県佐賀市神野東三丁目2番1号,〒840-0804,0952-34-5560,立石　政幸,タテイシ　マサユキ,(01)第0000845号
株式会社ネット,ネット,佐賀県佐賀市神野東三丁目１２番３８号,〒840-0804,0952-33-6800,中村　仁哉,ナカムラ　ジンヤ,(02)第0002777号
株式会社若松商事,ワカマツショウジ,佐賀県佐賀市天祐2丁目2番23号,〒840-0851,0952-26-5008,若松　伯宗,ワカマツ　ノリムネ,(02)第0001231号
株式会社リブハウス,リブハウス,佐賀県佐賀市鍋島町大字八戸1241-7,〒840-0857,0952-20-4141,池田　和博,イケダ　カズヒロ,(01)第0002976号
大東建託パートナーズ株式会社,ダイトウケンタクパートナーズ,東京都港区港南2-16-1,〒108-0075,03-6718-9102,佐藤　功次,サトウ　コウジ,(02)第0001723号
肥前地所株式会社,ヒゼンチショ,佐賀県西松浦郡有田町南原甲66番地1,〒844-0027,0955-43-2572,織田　亮太,オダ　リョウタ,(01)第0000605号
共立開発株式会社,キョウリツカイハツ,佐賀県鳥栖市古賀町65,〒841-0083,0942-82-6100,権藤　結城,ゴンドウ　ユウキ,(01)第0002847号
株式会社アーバンエステート,アーバンエステート,佐賀県鳥栖市本通町1丁目857番地10,〒841-0033,0942-81-5155,太田　省三,オオタ　ショウゾウ,(01)第0002519号
唐津協同宅建株式会社,カラツキョウドウタッケン,佐賀県唐津市熊原町３１０９番地１,〒847-0817,0955772200,有馬　正博,アリマ　マサヒロ,(01)第0001572号
株式会社栗原不動産,クリハラフドウサン,佐賀県唐津市原１４７１番地１,〒847-0031,0955-77-0197,栗原　孝太郎,クリハラ　コウタロウ,(01)第0002414号
