﻿会社名,会社名フリガナ,住所,郵便番号,電話番号,代表氏名,代表氏名フリガナ,登録番号
合同会社アイ・アール,アイアール,山口県宇部市笹山町1-3-8,〒755-0015,0836-36-8485,土岐山　雪絵,トキヤマ　ユキエ,(01)第0001344号
株式会社ハウスサポート,ハウスサポート,山口県宇部市沼2-12-23,〒755-0085,0836-38-6066,大野　健二,オオノ　ケンジ,(02)第0000939号
株式会社東武住販,トウブジュウハン,山口県下関市岬之町１１－４６,〒750-0014,0832221111,荻野　利浩,オギノ　トシヒロ,(01)第0002432号
株式会社エミアス,エミアス,山口県下関市一の宮住吉2-11-17,〒751-0805,083-257-0246,高木　道之,タカギ　ミチユキ,(02)第0000020号
積水ハウス不動産中国四国株式会社,セキスイハウスフドウサンチュウゴクシコク,広島県広島市中区小町1番25号,〒730-0041,082-249-2105,佐々木　邦裕,ササキ　クニヒロ,(02)第0002163号
緑都開発株式会社,リョクトカイハツ,山口県下関市一の宮町２－１７－２,〒751-0806,083-256-4000,小松　靖之介,コマツ　セイノスケ,(02)第0000942号
有限会社ウエストランド,ウエストランド,山口県下関市観音崎町7番5号,〒750-0012,083-231-3511,林　眞一郎,ハヤシ　シンイチロウ,(02)第0001341号
大東建託パートナーズ株式会社,ダイトウケンタクパートナーズ,東京都港区港南2-16-1,〒108-0075,03-6718-9102,佐藤　功次,サトウ　コウジ,(02)第0001723号
株式会社はやし住宅,ハヤシジュウタク,山口県下関市秋根南町1丁目8番13号,〒751-0872,083-256-0022,林　成吉,ハヤシ　ナルヨシ,(02)第0001199号
株式会社上原不動産,ウエハラフドウサン,山口県下関市上条町1-47,〒750-0027,083-234-1300,上原　祥典,ウエハラ　ヨシノリ,(02)第0002889号
三和地所株式会社,サンワジショ,山口県下関市大字伊倉２７７番１２,〒751-0862,083-263-3003,三浦　正紀,ミウラ　マサキ,(01)第0001196号
有限会社ハジメプラン,ハジメプラン,山口県岩国市御庄１丁目１０８番地の７　ハジメプランビル　１階,〒741-0083,0827-45-0155,羽村　一重,ハムラ　カズシゲ,(02)第0002999号
株式会社スクエア,スクエア,山口県岩国市今津町1-2-25,〒740-0017,0827-23-5353,安本　渉,ヤスモト　ワタル,(01)第0000508号
株式会社東洋地所,トウヨウジショ,山口県岩国市山手町1-1-14,〒740-0022,0827-24-2468,長島　友愛,ナガシマ　ユウア,(02)第0001971号
株式会社ナカハマユニバース,ナカハマユニバース,山口県岩国市麻里布町6丁目11-7　ロイアルメゾン101号,〒740-0018,0827-35-5500,中濱　徹郎,ナカハマ　テツロウ,(01)第0001207号
有限会社タカミ不動産,タカミフドウサン,山口県山口市小郡下郷１４３７番地の４,〒754-0002,083-973-7374,高見　護,タカミ　マモル,(02)第0000079号
有限会社ホーム不動産,ホームフドウサン,山口県山口市小郡下郷２２６２番地７,〒754-0002,0839733888,平連　嗣騎,ヒラレン　ヒデノリ,(02)第0000502号
西日本スリーク有限会社,ニシニホンスリーク,山口県山口市小郡御幸町5番３０号,〒754-0011,083-972-1644,藤井　亮,フジイ　リョウ,(02)第0001806号
株式会社アーバンエステート,アーバンエステート,山口県山口市平井642番地1,〒753-0831,083-928-2882,高山　浩樹,タカヤマ　ヒロキ,(01)第0001802号
株式会社アライブ,アライブ,山口県山口市平井６８８－2,〒753-0831,083-902-8112,松本　真一,マツモト　シンイチ,(02)第0001969号
中四国セキスイハイム不動産株式会社,チュウシコクセキスイハイムフドウサン,岡山県岡山市北区野田３－１－１８　安田ビル５階,〒700-0971,086-800-6550,八木　健次,ヤギ　ケンジ,(02)第0001982号
三和土地建物株式会社,サンワトチタテモノ,山口県周南市鐘楼町３番１号,〒745-0061,0834-31-7777,原田　浩司,ハラダ　コウジ,(02)第0001804号
有限会社佐野不動産,サノフドウサン,山口県周南市平和通2丁目３４,〒745-0015,0834-21-0750,佐野　弘,サノ　ヒロシ,(01)第0002161号
株式会社防府リビング,ホウフリビング,山口県防府市新橋町９番２８号,〒747-0047,0835287031,薩摩　理恵,サツマ　リエ,(01)第0001345号
