﻿会社名,会社名フリガナ,住所,郵便番号,電話番号,代表氏名,代表氏名フリガナ,登録番号
有限会社ディベロップメントブレーン,ディベロップメントブレーン,岐阜県羽島郡岐南町野中2-1,〒501-6004,058-249-4181,岩塚　健治,イワツカ　ケンジ,(01)第0000557号
ハートフルマンション株式会社,ハートフルマンション,岐阜県可児市下恵土5433-1,〒509-0203,0574-61-2422,安江　孝文,ヤスエ　タカフミ,(02)第0001369号
株式会社ミニテック,ミニテック,東京都港区港南2-5-3,〒108-0075,03-5769-3209,大原　輝之,オオハラ　テルユキ,(01)第0001682号
資産管理サービス株式会社,シサンカンリサービス,岐阜県可児市桜ヶ丘３－２０３,〒509-0235,0574-64-5640,早瀬　功助,ハヤセ　コウスケ,(01)第0002649号
株式会社オンテック,オンテック,愛知県小牧市大字三ツ渕字西之坪１１３８,〒485-0075,0568723631,酒井　俊子,サカイ　トシコ,(01)第0001638号
株式会社長坂不動産,ナガサカフドウサン,岐阜県可児市帷子新町２-５０,〒509-0266,0574-65-8000,若山　角二,ワカヤマ　カクジ,(01)第0001256号
ユージーハウス株式会社,ユージーハウス,岐阜県関市栄町5-1-95,〒501-3253,0575237557,後藤　光宏,ゴトウ　ミツヒロ,(02)第0002296号
株式会社野田開発,ノダカイハツ,岐阜県関市緑ヶ丘2-5-78,〒501-3246,0575-46-8711,西田　健一,ニシダ　ケンイチ,(02)第0000018号
株式会社トライ不動産,トライフドウサン,岐阜県岐阜市茜部大川１－３－３,〒500-8282,058-215-5557,中野　友博,ナカノ　トモヒロ,(02)第0000322号
株式会社ＮＥＸＵＳ,ネクサス,愛知県一宮市千秋町浮野字唐畑１９,〒491-0806,0586-77-6070,田島　慎吾,タジマ　シンゴ,(02)第0000336号
大東建託パートナーズ株式会社,ダイトウケンタクパートナーズ,東京都港区港南2-16-1,〒108-0075,03-6718-9102,佐藤　功次,サトウ　コウジ,(02)第0001723号
積村ビル管理株式会社,セキムラビルカンリカブシキガイシャ,愛知県名古屋市中村区横前町66,〒453-0864,0524116571,二村　伝治,フタムラ　デンジ,(02)第0000054号
株式会社Ｓ・Ｋ,エスケイ,岐阜県岐阜市加納徳川町16,〒500-8416,058-268-5707,子安　正敏,コヤス　マサトシ,(01)第0002302号
平和不動産株式会社,ヘイワフドウサン,岐阜県岐阜市金園町１-３-３,〒500-8113,058-263-3450,栗原　大和,クリハラ　ヒロカズ,(02)第0001636号
アパートセンター株式会社,アパートセンター,岐阜県岐阜市金宝町3-1,〒500-8847,058-266-6780,下野　達朗,シモノ　タツアキ,(02)第0001408号
株式会社アースリンクプロジェクト,アースリンクプロジェクト,岐阜県岐阜市鹿島町1-10,〒500-8323,058-260-9610,生駒　哲也,イコマ　テツヤ,(02)第0000121号
株式会社Ｙ’ｓコンサルタント,ワイズコンサルタント,岐阜県岐阜市若宮町８-７,〒500-8828,058-264-1966,吉田　徹,ヨシダ　トオル,(02)第0001635号
美濃善不動産株式会社,ミノゼンフドウサン,岐阜県岐阜市西荘２－８－５,〒500-8362,058-253-2223,浅野　彰成,アサノ　アキナリ,(02)第0001132号
株式会社シンシアホーム,シンシアホーム,岐阜県岐阜市西島町3-9,〒502-0912,058-296-5317,小川　則光,オガワ　ノリミツ,(01)第0003084号
株式会社トップコンシェル,トップコンシェル,岐阜県岐阜市西明見町18,〒500-8444,058-271-1237,木村　大,キムラ　ダイ,(02)第0001249号
有限会社岐阜大学前不動産,ギフダイガクマエフドウサン,岐阜県岐阜市折立３１４－１,〒501-1132,058-239-5656,久世　久美子,クゼ　クミコ,(01)第0000907号
株式会社はな,ハナ,岐阜県岐阜市日野南７－３－３　第二コーポ日野３０３号室,〒500-8212,058-215-9979,林　美樹,ハヤシ　ミキ,(02)第0000885号
ＭＥ　Ｒｅａｌ　Ｐａｒｔｎｅｒｓ株式会社,エムイーリアルパートナーズ,愛知県名古屋市中区栄2-2-21  アーク白川公園ビルディング別館3階,〒460-0008,052-228-9163,遠藤　浩史,エンドウ　ヒロシ,(01)第0001260号
株式会社ステップ,ステップ,岐阜県郡上市八幡町島谷５－１,〒501-4222,0575-65-4502,増田　勉,マスダ　ツトム,(02)第0000636号
山和不動産株式会社,サンワフドウサン,岐阜県高山市本町１-４０,〒506-0011,0577-32-6214,瀬上　直樹,セノウエ　ナオキ,(02)第0002293号
ＭＥ　Ｒｅａｌ　Ｐａｒｔｎｅｒｓ株式会社,エムイーリアルパートナーズ,愛知県名古屋市中区栄2-2-21  アーク白川公園ビルディング別館3階,〒460-0008,052-228-9163,遠藤　浩史,エンドウ　ヒロシ,(01)第0001260号
