﻿会社名,会社名フリガナ,住所,郵便番号,電話番号,代表氏名,代表氏名フリガナ,登録番号
大森商事株式会社,オオモリショウジ,岡山県岡山市東区西大寺松崎215-22,〒704-8183,086-942-3830,宮?　修明,ミヤザキ　ノブアキ,(01)第0001979号
有限会社　ミノル不動産,ミノルフドウサン,岡山県岡山市東区瀬戸町瀬戸421-6,〒709-0861,0869521011,秋山　昭憲,アキヤマ　アキノリ,(01)第0001427号
大東建託パートナーズ株式会社,ダイトウケンタクパートナーズ,東京都港区港南2-16-1,〒108-0075,03-6718-9102,佐藤　功次,サトウ　コウジ,(02)第0001723号
株式会社サンホーム岡山,サンホームオカヤマ,岡山県岡山市南区新保1138-15,〒700-0945,086-227-0033,久松　朋史,ヒサマツ　トモフミ,(02)第0000941号
有限会社レックハウス,レックハウス,岡山県岡山市北区錦町8-20,〒700-0902,086-225-4200,外山　啓輔,トヤマ　ケイスケ,(01)第0000600号
株式会社フォーエバー,フォーエバー,岡山県岡山市北区清輝橋一丁目4番17号,〒700-0861,0862258688,西山　直美,ニシヤマ　ナオミ,(01)第0002890号
ＢＲＵＮＯプロパティマネジメント株式会社,ブルーノプロパティマネジメント,岡山県岡山市北区西古松西町８－２１,〒700-0926,086-245-5500,影山　千太郎,カゲヤマ　センタロウ,(01)第0001981号
株式会社穴吹ハウジングサービス,アナブキハウジングサービス,香川県高松市紺屋町3-6　穴吹ハウジング中央通りBLD.5階,〒760-0027,087-822-3110,新宮　章弘,シングウ　アキヒロ,(02)第0002151号
積水ハウス不動産中国四国株式会社,セキスイハウスフドウサンチュウゴクシコク,広島県広島市中区小町1番25号,〒730-0041,082-249-2105,佐々木　邦裕,ササキ　クニヒロ,(02)第0002163号
合同会社ＴＩＭＥ　ＤＥＳＩＧＮＥＲ　ＳＨＩＰＳ－８,タイムデザイナーシップスエイト,岡山県岡山市北区大和町2丁目4-30,〒700-0808,086-232-1248,高取　明史,タカトリ　アキフミ,(01)第0001980号
株式会社ログリンク,ログリンク,岡山県岡山市北区辰巳４２－１０１,〒700-0976,086-368-5987,菅　雅俊,カン　マサトシ,(01)第0001348号
西日本土地開発株式会社,ニシニホントチカイハツ,岡山県岡山市北区津島新野2丁目2番-12-101号,〒700-0083,086-254-0001,川西　熊雄,カワニシ　クマオ,(02)第0002159号
岡山大学生活協同組合,オカヤマダイガクセイカツキョウドウクミアイ,岡山県岡山市北区津島中２丁目１番１号,〒700-8530,086-256-4107,桑原　敏典,クワバラ　トシノリ,(01)第0002433号
株式会社後楽不動産,コウラクフドウサン,岡山県岡山市北区東古松南町６－３１,〒700-0922,086-250-9990,松本　裕児,マツモト　ユウジ,(02)第0001429号
日本ハウズイング株式会社,ニホンハウズイング,東京都新宿区新宿１－３１－１２,〒160-8410,03-5379-4141,小佐野　台,オサノ　ウテナ,(02)第0001009号
株式会社ダイシン,ダイシン,岡山県岡山市北区磨屋町3番5号,〒700-0826,086-233-1122,菊井　慎也,キクイ　シンヤ,(01)第0001204号
中四国セキスイハイム不動産株式会社,チュウシコクセキスイハイムフドウサン,岡山県岡山市北区野田３－１－１８　安田ビル５階,〒700-0971,086-800-6550,八木　健次,ヤギ　ケンジ,(02)第0001982号
山陽興産株式会社,サンヨウコウサン,岡山県高梁市中原町1542－6,〒716-0045,0866-22-1035,大本　修身,オオモト　オサミ,(02)第0001973号
東本地所株式会社,ヒガシモトジショ,岡山県赤磐市日古木５９０番地,〒709-0804,086-958-3131,東本　純司,ヒガシモト　ジュンジ,(02)第0000393号
ａｔ　ｌｉｆｅ株式会社,アットライフ,岡山県倉敷市稲荷町4番36号-1階,〒710-0822,086-441-6555,三村　豪,ミムラ　ツヨシ,(02)第0001202号
パナソニックホームズ不動産株式会社,パナソニックホームズフドウサン,大阪府豊中市新千里西町1-1-4,〒560-8543,06-6834-3816,飯代　努,イジロ　ツトム,(02)第0002003号
株式会社難波不動産,ナンバフドウサン,岡山県倉敷市玉島爪崎４１８－１,〒710-0252,086-526-0884,佐々木　孝,ササキ　タカシ,(02)第0001807号
株式会社ＲＯＺＥ,ロゼ,岡山県倉敷市児島小川町3677-24,〒711-0912,086-476-1313,松井　大,マツイ　ヒロシ,(01)第0001205号
有限会社中島住宅,ナカシマジュウタク,岡山県倉敷市松島667-5,〒701-0114,086-463-3000,中島　晴彦,ナカシマ　ハルヒコ,(02)第0001192号
有限会社エステートイノウエ,エステートイノウエ,岡山県倉敷市西岡２７７番地３,〒710-0005,086-430-6301,井上　正樹,イノウエ　マサキ,(02)第0000940号
株式会社Ｓｑｕａｒｅ　Ｅｓｔａｔｅ,スクエアエステート,岡山県倉敷市田ノ上１１２８番地６,〒710-0831,086-476-7771,横田　哲也,ヨコタ　テツヤ,(02)第0002886号
あびこ不動産,アビコフドウサン,岡山県総社市真壁1223-1,〒719-1134,0866-93-6026,藤井　由貴男,フジイ　ユキオ,(02)第0000462号
西日本開発株式会社,ニシニホンカイハツ,岡山県総社市中央１丁目６番２７号,〒719-1131,0866-93-4609,横浦　貴之,ヨコウラ　タカユキ,(02)第0001191号
有限会社　駅前不動産センター,エキマエフドウサンセンター,岡山県津山市横山14,〒708-0862,0868235404,富坂　真樹,トミサカ　マサキ,(02)第0001201号
有限会社アトム,アトム,岡山県津山市山北770-16,〒708-0004,0868-31-7378,有木　良治,アリキ　リョウジ,(02)第0000420号
