﻿会社名,会社名フリガナ,住所,郵便番号,電話番号,代表氏名,代表氏名フリガナ,登録番号
フアースト興産株式会社,ファーストコウサン,山形県山形市春日町９－４,〒990-0833,0236458228,高橋　一夫,タカハシ　カズオ,(02)第0000389号
大東建託パートナーズ株式会社,ダイトウケンタクパートナーズ,東京都港区港南2-16-1,〒108-0075,03-6718-9102,佐藤　功次,サトウ　コウジ,(02)第0001723号
株式会社クリエイト礼文,クリエイトレモン,山形県山形市南原町2-7-39,〒990-2413,023-631-5771,大場　友和,オオバ　トモカズ,(02)第0001561号
小形アカデミーホーム株式会社,オガタアカデミーホーム,山形県山形市白山一丁目１番３号,〒990-2446,023-642-5445,小形　国彦,オガタ　クニヒコ,(02)第0002656号
株式会社創心不動産,ソウシンフドウサン,山形県山形市八日町１丁目３番５０号,〒990-0037,023-665-5514,辻　仁志,ツジ　ヒトシ,(01)第0001312号
積水ハウス不動産東北株式会社,セキスイハウスフドウサントウホク,宮城県仙台市青葉区本町2-16-10,〒980-8431,022-224-7521,西村　裕,ニシムラ　ユタカ,(02)第0000133号
株式会社大丸不動産,ダイマルフドウサン,山形県酒田市相生町１丁目３番２８号,〒998-0032,0234260903,山本　洋司,ヤマモト　ヨウジ,(02)第0000132号
株式会社東洋開発,トウヨウカイハツ,山形県酒田市本町１－５－３１,〒998-0043,0234246226,櫛引　柳一,クシビキ　リュウイチ,(02)第0000137号
橋本不動産株式会社,ハシモトフドウサン,山形県長井市新町６番６号,〒993-0052,0238-88-3101,橋本　祐二,ハシモト　ユウジ,(01)第0000592号
小池不動産事務所,コイケフドウサンジムショ,山形県鶴岡市家中新町17番2号,〒997-0036,0235-22-7655,小池　均,コイケ　ヒトシ,(02)第0001308号
鈴木不動産株式会社,スズキフドウサン,山形県鶴岡市東原町25-46,〒997-0801,0235-24-4892,鈴木　久夫,スズキ　ヒサオ,(02)第0002660号
石橋不動産株式会社,イシバシフドウサン,山形県鶴岡市末広町13番1号,〒997-0015,0235-22-5411,石橋　遼大,イシバシ　リョウタ,(02)第0000148号
丸七商亊株式会社,マルシチショウジ,山形県天童市桜町２番２０号,〒994-0027,023-653-8219,東海林　耕司,トウカイリン　コウジ,(02)第0002273号
有限会社青柳不動産,アオヤギフドウサン,山形県東根市宮崎３丁目１－１,〒999-3705,0237-43-4511,青柳　初夫,アオヤギ　ハツオ,(02)第0001920号
株式会社殖産工務所,ショクサンコウムショ,山形県東置賜郡川西町大字上小松９８８番地の１,〒999-0121,0238-42-3500,伊藤　一壽,イトウ　カズトシ,(01)第0002666号
株式会社小林商事,コバヤシショウジ,山形県南陽市郡山６３０番地の５,〒999-2241,0238-43-5011,小林　照子,コバヤシ　テルコ,(01)第0000243号
