﻿会社名,会社名フリガナ,住所,郵便番号,電話番号,代表氏名,代表氏名フリガナ,登録番号
株式会社セイコウ,セイコウ,岩手県一関市末広一丁目7番38号,〒021-0032,0191-34-7007,阿部　徹,アベ　トオル,(02)第0002284号
株式会社村上不動産企画,ムラカミフドウサンキカク,岩手県奥州市水沢東上野町2-10,〒023-0853,0197-34-4184,村上　克之,ムラカミ　カツユキ,(01)第0003011号
東北土地開発株式会社,トウホクトチカイハツ,岩手県釜石市鈴子町１番１号,〒026-0031,0193-31-1728,佐々木　光幸,ササキ　ミツユキ,(01)第0000221号
有限会社流通センター不動産,リュウツウセンターフドウサン,岩手県紫波郡矢巾町大字広宮沢10-501-25,〒028-3621,019-632-3028,村松　具視,ムラマツ　トモミ,(02)第0001557号
株式会社ファーストエステート,ファーストエステート,岩手県盛岡市開運橋通4-14,〒020-0026,019-604-7033,川原　国彦,カワハラ　クニヒコ,(01)第0002668号
有限会社ハウス盛岡,ハウスモリオカ,岩手県盛岡市館向町３番２号,〒020-0115,019-622-5245,平賀　敏直,ヒラガ　トシナオ,(01)第0002683号
有限会社　かつみ不動産,カツミフドウサン,岩手県盛岡市月が丘１丁目２６－５４,〒020-0121,019-645-4343,阿部　多津哉,アベ　タツヤ,(01)第0000580号
岩手大学生活協同組合,イワテダイガクセイカツキョウドウクミアイ,岩手県盛岡市上田3丁目18番34号,〒020-0066,019-652-3517,小田　伸一,オダ　シンイチ,(01)第0000808号
大東建託パートナーズ株式会社,ダイトウケンタクパートナーズ,東京都港区港南2-16-1,〒108-0075,03-6718-9102,佐藤　功次,サトウ　コウジ,(02)第0001723号
株式会社ＮＥＸＴプロパティー,ネクストプロパティー,岩手県盛岡市大通３丁目９－３,〒020-0022,019-681-4601,須川　達郎,スカワ　タツロウ,(02)第0001310号
株式会社ナイス・ジャパン,ナイスジャパン,岩手県盛岡市中ノ橋通1-5-22,〒020-0871,019-604-3344,久保田　康,クボタ　ヤスシ,(01)第0002288号
株式会社熊谷興産,クマガイコウサン,岩手県盛岡市津志田26地割3番地,〒020-0835,019-634-0002,熊谷　憲明,クマガイ　ノリアキ,(01)第0000210号
日本住宅株式会社,ニホンジュウタク,岩手県盛岡市津志田中央１－３－２８,〒020-0838,019-638-0511,滝村　照男,タキムラ　テルオ,(01)第0001989号
株式会社寿広,ジュコウ,岩手県盛岡市南大通２－８－１,〒020-0874,019-624-0044,太野　真一,フトノ　シンイチ,(01)第0002684号
株式会社ワンストップ,ワンストップ,岩手県盛岡市飯岡新田6-14-4-2F,〒020-0852,019-613-4181,阿部　賢二,アベ　ケンジ,(01)第0000851号
積水ハウス不動産東北株式会社,セキスイハウスフドウサントウホク,宮城県仙台市青葉区本町2-16-10,〒980-8431,022-224-7521,西村　裕,ニシムラ　ユタカ,(02)第0000133号
株式会社ハウスメイトマネジメント,ハウスメイトマネジメント,東京都豊島区東池袋３－１－１　サンシャイン６０　４１Ｆ,〒170-6041,03-3590-0964,井關　豊,イセキ　ユタカ,(02)第0000332号
株式会社住まいるサポート,スマイルサポート,岩手県大船渡市赤崎町字諏訪前37-1,〒022-0007,0192-21-1323,紺野　恵子,コンノ　ケイコ,(02)第0002271号
有限会社光成土地,コウセイトチ,岩手県滝沢市野沢62-634,〒020-0622,019-688-6030,齊藤　泰,サイトウ　ヤスシ,(01)第0001922号
株式会社北斗エステート,ホクトエステート,岩手県北上市本通り一丁目４番１６号,〒024-0094,0197-65-2103,高橋　剛,タカハシ　ツヨシ,(01)第0002863号
