﻿会社名,会社名フリガナ,住所,郵便番号,電話番号,代表氏名,代表氏名フリガナ,登録番号
株式会社ハウスメイトマネジメント,ハウスメイトマネジメント,東京都豊島区東池袋３－１－１　サンシャイン６０　４１Ｆ,〒170-6041,03-3590-0964,井關　豊,イセキ　ユタカ,(02)第0000332号
株式会社オー・エム・シー,カブシキカイシャ　オーエムシー,山梨県甲府市下飯田1-3-17,〒400-0064,055-221-7722,小川　雅也,オガワ　マサヤ,(01)第0001866号
株式会社ユー・エステート,カブシキガイシャユーエステート,山梨県甲府市丸の内2-13-9,〒400-0031,055-228-7741,上杉　潔,ウエスギ　キヨシ,(02)第0002459号
有限会社エステートほさか,ユウゲンガイシャエステートホサカ,山梨県甲府市貢川本町6-10,〒400-0048,055-226-1922,保坂　貢司,ホサカ　コウジ,(01)第0002745号
有限会社昭和ハウジング　,ショウワハウジング,山梨県甲府市貢川本町１－３,〒400-0048,055-228-3714,平山　八州男,ヒラヤマ　ヤスオ,(02)第0002398号
有限会社ヒロキハウジング,ユウゲンガイシャヒロキハウジング,山梨県甲府市貢川本町８番２８号,〒400-0048,055-225-2255,手塚　英樹,テヅカ　ヒデキ,(01)第0001485号
甲府住販株式会社,コウフジュウハンカブシキガイシャ,山梨県甲府市高畑1-1-17,〒400-0042,055-228-3939,小笠原　英之,オガサハラ　ヒデユキ,(02)第0002930号
有限会社ライフポート,ライフポート,山梨県甲府市国母2-22-5,〒400-0043,055-228-2822,大森　正広,オオモリ　マサヒロ,(02)第0002481号
積水ハウス不動産東京株式会社,セキスイハウスフドウサントウキョウカブシキガイシャ,東京都渋谷区代々木2-1-1,〒151-0053,03-5350-3366,島貫　利一,シマヌキ　トシカズ,(02)第0001005号
有限会社角市,カクイチ,山梨県甲府市千塚３－４－２７,〒400-0074,055-253-3333,杉原　一彦,スギハラ　カズヒコ,(02)第0002401号
有限会社交和エステート,コウワエステート,山梨県甲府市大里町4402-5,〒400-0053,055-243-4040,家苗　浩明,カナエ　ヒロアキ,(02)第0002920号
大東建託パートナーズ株式会社,ダイトウケンタクパートナーズ,東京都港区港南2-16-1,〒108-0075,03-6718-9102,佐藤　功次,サトウ　コウジ,(02)第0001723号
サンビルド株式会社,サンビルド,山梨県甲府市徳行3丁目15番１号,〒400-0047,055-269-7860,福田　孝輔,フクダ　コウスケ,(01)第0002919号
有限会社大森不動産,オオモリフドウサン,山梨県中央市若宮１９ー１２,〒409-3803,055-274-1777,田中　玉男,タナカ　タマオ,(02)第0000294号
株式会社セレクト,カブシキガイシャセレクト,山梨県都留市田原1-2-4,〒402-0054,0554-45-3377,小林　正道,コバヤシ　マサミチ,(01)第0002463号
喜楽不動産株式会社,キラクフドウサンカブシキカイシャ,山梨県都留市田原2-6-14,〒402-0054,0554-43-5227,齊藤　和美,サイトウ　カズミ,(01)第0001500号
株式会社日の出商事,カブシキガイシャ　ヒノデショウジ,山梨県都留市田原三丁目２番３０号,〒402-0054,0554-43-5331,佐藤　章仁,サトウ　フミヒト,(01)第0001481号
有限会社野中林業所,ノナカリンギョウショ,山梨県南巨摩郡富士川町天神中条1122番地の1,〒400-0503,0556-22-2976,小林　文彦,コバヤシ　フミヒコ,(01)第0000833号
株式会社タカソエ,カブシキガイシャタカソエ,山梨県韮崎市富士見1-7-5,〒407-0014,0551-22-7707,高添　富士雄,タカソエ　フジオ,(02)第0002470号
