﻿会社名,会社名フリガナ,住所,郵便番号,電話番号,代表氏名,代表氏名フリガナ,登録番号
株式会社平野不動産,ヒラノフドウサン,福岡県久留米市合川町17-6平野第二ビル1階,〒839-0861,0942-43-3721,平野　正剛,ヒラノ　マサヨシ,(01)第0002638号
株式会社久留米リビング,クルメリビング,福岡県久留米市御井町2440-1,〒839-0851,0942-40-8787,草場　大作,クサバ　ダイサク,(02)第0000474号
株式会社ハウジングライフ,ハウジングライフ,福岡県久留米市荒木町白口1885-2,〒830-0062,0942-51-3770,井上　隆博,イノウエ　タカヒロ,(02)第0001228号
大東建託パートナーズ株式会社,ダイトウケンタクパートナーズ,東京都港区港南2-16-1,〒108-0075,03-6718-9102,佐藤　功次,サトウ　コウジ,(02)第0001723号
くるめ地所株式会社,クルメジショ,福岡県久留米市小森野３－１９－２３,〒830-0001,0942-31-5353,築地　由光,ツキジ　ヨシミツ,(02)第0001244号
賃貸不動産経営管理士宮本武事務所,チンタイフドウサンケイエイカンリシミヤモトタケシジムショ,福岡県久留米市諏訪野町2296-1ＫＯＮＡＭＩ　ＶＩＬＬＡＧＥ８０２号,〒830-0037,080-3032-1660,宮本　武,ミヤモト　タケシ,(01)第0002233号
株式会社ハウスメイトマネジメント,ハウスメイトマネジメント,東京都豊島区東池袋３－１－１　サンシャイン６０　４１Ｆ,〒170-6041,03-3590-0964,井關　豊,イセキ　ユタカ,(02)第0000332号
ハッピーハウス株式会社,ハッピーハウス,福岡県福岡市博多区住吉４－３－２,〒812-0018,092-483-0360,上村　英輔,ウエムラ　エイスケ,(02)第0002228号
株式会社ジャスティス,ジャスティス,福岡県久留米市六ツ門町２番地２４,〒830-0031,0942-40-5788,原田　明典,ハラダ　アキノリ,(02)第0002645号
三和不動産株式会社,サンワフドウサン,福岡県久留米市螢川町５４－４床島ビル1階,〒830-0015,0942-32-2356,黒田　誠治,クロダ　セイジ,(02)第0000471号
株式会社ハウスサポート,ハウスサポート,山口県宇部市沼2-12-23,〒755-0085,0836-38-6066,大野　健二,オオノ　ケンジ,(02)第0000939号
株式会社不動産中央情報センター,フドウサンチュウオウジョウホウセンター,福岡県北九州市小倉北区東篠崎1-3-13,〒802-0072,093-931-1000,濱村　美和,ハマムラ　ミワ,(02)第0000043号
行橋開発有限会社,ユクハシカイハツ,福岡県行橋市西宮市1-8-7,〒824-0031,0930-23-7479,伊藤　より子,イトウ　ヨリコ,(01)第0002232号
株式会社志摩商事,シマショウジ,福岡県糸島市前原中央2-14-10,〒819-1116,092-322-2843,平野　克彦,ヒラノ　カツヒコ,(01)第0001118号
リライアンス株式会社,リライアンス,福岡県宗像市栄町11-2,〒811-4173,0940-38-9344,林　文枝,ハヤシ　フミエ,(01)第0003075号
トーセツ商事株式会社,トーセツショウジ,福岡県宗像市石丸3丁目4番1号,〒811-4147,0940-33-0988,潟山　智一,ガタヤマ　トモカズ,(01)第0001355号
出光不動産,イデミツフドウサン,福岡県宗像市赤間5丁目1-17,〒811-4146,0940-32-2726,出光　良治,イデミツ　ヨシハル,(01)第0002235号
オールハート不動産,オールハートフドウサン,福岡県春日市下白水南5-148　オールハート博多南ビル１階,〒816-0846,092-591-0844,小林　大祐,コバヤシ　ダイスケ,(01)第0002783号
株式会社オクゼン不動産,オクゼンフドウサン,福岡県春日市春日原北町2-20-7,〒816-0802,092-591-8668,奥膳　?喜,オクゼン　シゲキ,(02)第0001770号
有限会社アコール,アコール,福岡県春日市春日原北町2-20-7,〒816-0802,092-591-6247,奥膳　万造,オクゼン　マンゾウ,(01)第0001773号
株式会社メイク・コーポレーション,メイクコーポレーション,福岡県春日市春日原北町4丁目13番,〒816-0802,092-574-3344,栗秋　大亮,クリアキ　ダイスケ,(02)第0000461号
株式会社小倉不動産,コクラフドウサン,福岡県春日市小倉２丁目２番地,〒816-0824,092-582-1000,西村　仁宏,ニシムラ　マサヒロ,(01)第0000917号
株式会社田島不動産,タジマフドウサン,福岡県春日市宝町３丁目３番地,〒816-0807,092-581-0621,田島　啓介,タジマ　ケイスケ,(01)第0002967号
城島産業株式会社,ジョウジマサンギョウ,福岡県早良区城西３丁目２１－２７,〒814-0003,092-841-1531,城島　和一郎,ジョウジマ　カズイチロウ,(01)第0002787号
塚田商事株式会社,ツカダショウジ,福岡県糟屋郡志免町御手洗1-3-8,〒811-2206,092-621-7002,塚田　利行,ツカダ　トシユキ,(01)第0001119号
株式会社ロイズ・エスクロー,ロイズエスクロー,福岡県糟屋郡志免町南里2-17-19ロイズ空港東1F,〒811-2207,092-600-7740,?地　善寿,ハマチ　ヨシヒサ,(01)第0001241号
株式会社東聖ハウジング,トウセイハウジング,福岡県糟屋郡新宮町三代西１丁目１０番１０号　エイベックス?新宮１号,〒811-0125,092-963-5720,田中　一郎,タナカ　イチロウ,(01)第0001577号
株式会社Ｌｉｆｅ,ライフ,福岡県糟屋郡新宮町中央駅前１―５―１,〒811-0120,092-719-0322,内村　優介,ウチムラ　ユウスケ,(01)第0002512号
向井不動産株式会社,ムカイフドウサン,福岡県糟屋郡粕屋町若宮二丁目３番６号,〒811-2314,092-938-2043,向井　優幸,ムカイ　マサユキ,(02)第0000880号
有限会社イノウエ,イノウエ,福岡県糟屋郡粕屋町長者原東3-2-1,〒811-2317,092-939-3593,井上　裕紀,イノウエ　ユウキ,(01)第0001117号
つばめ不動産,ツバメフドウサン,福岡県大牟田市住吉町５ー４,〒836-0024,0944-57-7359,櫻井　文雄,サクライ　フミオ,(01)第0001116号
株式会社大幸商事,タイコウショウジ,福岡県大牟田市大正町3-1-1,〒836-0047,0944-52-8043,幸田　精一郎,コウダ　セイイチロウ,(02)第0001107号
株式会社ｃｏｃｏｓｕｍｉ,ココスミ,福岡県大牟田市通町一丁目１１番地７,〒836-0805,0944-59-1777,古賀　祥道,コガ　ヨシミチ,(02)第0001106号
昭和地所開発株式会社,ショウワジショカイハツショウワジショカイハツ,福岡県大野城市御笠川６丁目５番１８号,〒816-0912,092-504-0088,寺?　竜次,テラザキ　リュウジ,(02)第0002242号
大新住宅株式会社,ダイシンジュウタク,福岡県大野城市大城1丁目23番6号,〒816-0911,092-504-7600,大久保　満,オオクボ　ミツル,(01)第0002516号
有限会社日伸住宅,ニッシンジュウタク,福岡県筑紫野市二日市西1丁目2-1,〒818-0071,092-922-1234,石橋　信宏,イシバシ　ノブヒロ,(02)第0000017号
シティホーム株式会社,シティホーム,福岡県筑紫野市二日市中央2丁目8-3,〒818-0072,092-928-5960,南　博文,ミナミ　ヒロフミ,(02)第0000689号
青山地建株式会社,アオヤマアチケン,福岡県筑紫野市二日市北２－４－６,〒818-0056,092-928-6767,青山　博秋,アオヤマ　ヒロアキ,(02)第0001569号
平和住宅産業株式会社,ヘイワジュウタクサンギョウ,福岡県朝倉郡筑前町篠隈185-77,〒838-0215,0946-42-4411,浜田　真,ハマダ　シン,(02)第0000396号
満室デザイン,マンシツデザイン,福岡県直方市頓野3900-1,〒822-0002,0949-26-2114,?永　孝明,トクナガ　タカアキ,(02)第0000185号
ＦＫハウジング,エフケイハウジング,福岡県田川市大字川宮1656-6 OAビル,〒826-0042,0947-44-0033,藤本　健二,フジモト　ケンジ,(01)第0002417号
アサヒエージェント株式会社,アサヒエージェント,福岡県那珂川市道善2-17,〒811-1254,092-951-0710,坂井　健一,サカイ　ケンイチ,(02)第0001233号
株式会社不動産プレステージ,フドウサンプレステージ,福岡県北九州市小倉南区日の出町１－２－３－１０２,〒802-0842,092-963-2285,?重　幸一,トクシゲ　コウイチ,(02)第0002784号
株式会社中本不動産,ナカモトフドウサン,福岡県飯塚市西徳前9番21号TKハイツ１F,〒820-0031,0948-22-5734,中本　治彦,ナカモト　ハルヒコ,(02)第0000459号
株式会社ウインクス,ウインクス,福岡県福岡県福岡市博多区石城町12番5号　ウインクス石城町501号室,〒812-0032,092-283-5800,占部　歓久,ウラベ　ヨシヒサ,(01)第0002521号
丸善不動産株式会社,マルゼンフドウサン,福岡県福岡県福岡市博多区博多駅東２－２－２５,〒812-0013,092-411-5001,大坪　貴伸,オオツボ　タカノブ,(01)第0002244号
株式会社真永不動産,シンエイフドウサン,福岡県福岡県福岡市博多区博多駅南1丁目15-22シノケン博多ビル,〒812-0016,092-292-9594,古川　永朗,フルカワ　ノリアキ,(01)第0002415号
株式会社グリーンルーム,グリーンルーム,福岡県福岡市城南区別府3-1-11,〒814-0104,092-407-6929,中村　康人,ナカムラ　ヤスト,(02)第0001108号
有限会社エステート友丘,エステートトモオカ,福岡県福岡市城南区七隈7-1-16,〒814-0133,092-863-3036,小島　一良,コジマ　カズヨシ,(01)第0001239号
株式会社七隈不動産,ナナクマフドウサン,福岡県福岡市城南区七隈7-40-1,〒814-0133,092-801-7790,出田　秀浩,イデタ　ヒデヒロ,(01)第0002009号
ハウスプラザ株式会社,ハウスプラザ,福岡県福岡市城南区七隈４丁目１１番１１号,〒814-0133,092-874-0323,黒木　秀彦,クロキ　ヒデヒコ,(01)第0002974号
日本コミュニティ株式会社,ニホンコミュニティ,福岡県福岡市城南区別府5丁目8番1号,〒814-0104,092-822-5333,宮野　智行,ミヤノ　トモユキ,(01)第0000561号
有限会社リヴィングオフィス,リヴィングオフィス,福岡県福岡市西区横浜3-30-7,〒819-0366,092-805-4083,大塚　正造,オオツカ　ショウゾウ,(01)第0002234号
九大前不動産株式会社,キュウダイマエフドウサン,福岡県福岡市西区九大新町9番地2-1F,〒819-0388,092-805-1112,中下　大輔,ナカシタ　ダイスケ,(01)第0003076号
株式会社成斗工務店,ナルトコウムテン,福岡県福岡市西区小戸４－２９－４０,〒819-0001,092-883-5501,中島　一成,ナカシマ　カズナリ,(01)第0001575号
株式会社マーキュリーホーム,マーキュリーホーム,福岡県福岡市早良区原5丁目14-8-201,〒814-0022,092-833-5522,篠崎　正哉,シノザキ　マサヤ,(01)第0001571号
株式会社住吉ハウジング,スミヨシハウジング,福岡県福岡市早良区原6-29-22,〒814-0022,092-843-6123,中村　吉秀,ナカムラ　ヨシヒデ,(01)第0001359号
株式会社翔,ショウ,福岡県福岡市早良区次郎丸２－４－５,〒814-0165,092-862-9636,河野　三津子,カワノ　ミツコ,(01)第0002851号
株式会社ランドハウス,ランドハウス,福岡県福岡市早良区次郎丸４丁目１番２７号,〒814-0165,092-874-7474,平野　功治,ヒラノ　コウジ,(02)第0001901号
有限会社愛不動産,アイフドウサン,福岡県福岡市早良区室見４－２４－２５,〒814-0015,092-831-2971,榊　宏昭,サカキ　ヒロアキ,(01)第0002968号
クレセール,クレセール,福岡県福岡市早良区西新１丁目３ー１２ＮＣビル１Ｆ,〒814-0002,092-847-1662,入江　満浩,イリエ　ミツヒロ,(01)第0002973号
ヤマト建設株式会社,ヤマトケンセツ,福岡県福岡市早良区田隈２丁目１０番１１号,〒814-0174,092-401-7700,神?　秀樹,カミザキ　ヒデキ,(02)第0001360号
株式会社日立アーバンサポート,ヒタチアーバンサポート,東京都千代田区神田錦町３－７－１　興和一橋ビル７階,〒101-0054,03-6880-3700,佐伯　裕之,サヘキ　ヒロユキ,(02)第0003058号
株式会社コミュニティサービス,コミュニティサービス,福岡県福岡市中央区5丁目10－11,〒810-0001,092-781-7770,樫山　司,カシヤマ　ツカサ,(01)第0001904号
不動産売買デベロップメント株式会社,フドウサンバイバイデベロップメント,福岡県福岡市中央区警固1-10-3-1F,〒810-0023,092-737-2055,西村　博貴,ニシムラ　ヒロキ,(01)第0002782号
株式会社ネスト,ネスト,福岡県福岡市中央区警固１－１５－６ＫＨ２２ビル３Ｆ,〒810-0023,092-737-5223,新井　晋一,ニイ　シンイチ,(01)第0002435号
株式会社北商事,カブシキガイシャキタショウジ,福岡県福岡市中央区警固１丁目１番２４号,〒810-0023,092-781-4316,北里　厚,キタザト　アツシ,(02)第0001235号
プロズ株式会社,プロズ,福岡県福岡市中央区荒戸2-1-29,〒810-0062,092-739-3330,庄島　洋一郎,ショウジマ　ヨウイチロウ,(02)第0002845号
株式会社矢島不動産,ヤジマフドウサン,福岡県福岡市中央区荒戸３－２－５６,〒810-0062,092-741-4780,矢島　啓子,ヤジマ　ケイコ,(02)第0000882号
株式会社アスパートナー,アスパートナー,福岡県福岡市中央区高砂1丁目11番1号 　福岡ゼネラルビル６階,〒810-0011,092-534-7002,井口　忠二,イノグチ　タダジ,(01)第0001121号
パナソニックホームズ不動産株式会社,パナソニックホームズフドウサン,大阪府豊中市新千里西町1-1-4,〒560-8543,06-6834-3816,飯代　努,イジロ　ツトム,(02)第0002003号
株式会社コウリョウ,コウリョウ,福岡県福岡市中央区今泉1-12-8,〒810-0021,092-791-5954,小野　稔,オノ　ミノル,(02)第0000394号
九州地建株式会社,キュウシュウチケン,福岡県福岡市中央区笹丘1-9-29,〒810-0034,092-713-8121,鉾林　康浩,ホコバヤシ　ヤスヒロ,(02)第0001103号
