﻿会社名,会社名フリガナ,住所,郵便番号,電話番号,代表氏名,代表氏名フリガナ,登録番号
株式会社住みかえ情報館,スミカエジョウホウカン,福井県越前市高瀬1‐32‐20,〒915-0832,0778-22-1432,林　洋三,ハヤシ　ヨウゾウ,(02)第0002423号
丸岡土地開発株式会社,マルオカトチカイハツ,福井県坂井市丸岡町東陽1-25,〒910-0233,0776-67-0299,下田　重朗,シモダ　シゲロウ,(01)第0001218号
株式会社クロダハウス,クロダハウス,石川県金沢市駅西新町3丁目13-2,〒920-0027,076-234-3060,東　一寛,ヒガシ　カズヒロ,(01)第0001088号
株式会社カネイチ,カネイチ,福井県鯖江市北野町１２号１３番地,〒916-0029,0778-51-8855,中西　真三,ナカニシ　シンゾウ,(01)第0001662号
株式会社平田不動産,ヒラタフドウサン,福井県小浜市四谷町９番１８号,〒917-0073,0770-53-3588,平田　稔,ヒラタ　ミノル,(02)第0001796号
横田建設株式会社,ヨコタケンセツカブシキガイシャ,福井県大野市春日３丁目18-9,〒912-0053,0779-66-5650,横田　憲一,ヨコタ　ノリカズ,(01)第0002986号
株式会社日章土地,ニッショウトチ,福井県敦賀市三島町２丁目１番４号,〒914-0058,0770-23-5363,野添　正隆,ノゾエ　マサタカ,(01)第0001658号
有限会社三ツ徳不動産,ミツノリフドウサン,福井県福井市学園３－１－２２,〒910-0028,0776-24-2223,瀬越　智和,セゴシ　トモカズ,(02)第0000499号
大東建託パートナーズ株式会社,ダイトウケンタクパートナーズ,東京都港区港南2-16-1,〒108-0075,03-6718-9102,佐藤　功次,サトウ　コウジ,(02)第0001723号
出蔵不動産株式会社,デグラフドウサン,福井県福井市勝見３－１－２,〒910-0856,0776-97-9440,出藏　洸一,デグラ　コウイチ,(02)第0000298号
株式会社野澤不動産,ノザワフドウサン,福井県福井市勝見３丁目１６番１０号,〒910-0856,0776-26-6325,野澤　知永,ノザワ　トモナガ,(01)第0002530号
福井建設株式会社,フクイケンセツ,福井県福井市文京4-22-1,〒910-0017,0776-22-6155,小山　将司,コヤマ　マサシ,(01)第0000673号
有限会社レグ,レグ,福井県福井市北四ツ居1－25－20,〒918-8205,0776-57-0090,中屋敷　隆夫,ナカヤシキ　タカオ,(02)第0000411号
セーレン商事株式会社,セーレンショウジ,福井県福井市毛矢１－１０－１,〒918-8003,0776-33-8824,吉田　博昭,ヨシダ　ヒロアキ,(01)第0001933号
有限会社　友豊　,ユウホウ,福井県福井市毛矢２丁目１番２,〒918-8003,0776-34-5000,中荒江　聖,ナカアラエ　キヨシ,(01)第0000514号
積村ビル管理株式会社,セキムラビルカンリカブシキガイシャ,愛知県名古屋市中村区横前町66,〒453-0864,0524116571,二村　伝治,フタムラ　デンジ,(02)第0000054号
株式会社ヒロセ・プランニング,ヒロセプランニング,福井県福井市渕2丁目1802番地,〒918-8026,0776-36-9202,廣瀬　正吉,ヒロセ　マサヨシ,(01)第0002672号
