﻿会社名,会社名フリガナ,住所,郵便番号,電話番号,代表氏名,代表氏名フリガナ,登録番号
株式会社いわき土地建物,イワキトチタテモノ,福島県いわき市平字倉前112-13,〒970-8026,0246-25-3719,吉田　弘志,ヨシダ　ヒロシ,(02)第0000010号
株式会社タック,タック,福島県いわき市小名浜岡小名字馬上前９番地の４,〒971-8151,0246-84-8366,岸部　好秀,キシベ　ヨシヒデ,(01)第0000684号
進和興産株式会社,シンワコウサン,福島県いわき市小名浜住吉飯塚53,〒971-8124,0246-58-8325,齊藤　千代子,サイトウ　チヨコ,(02)第0003002号
有限会社泉宅建,イズミタッケン,福島県いわき市泉町１－２１－１２,〒971-8185,0246-56-8826,安島　幸秀,アジマ　ユキヒデ,(01)第0000377号
かつら不動産有限会社,カツラフドウサン,福島県いわき市内郷御厩町４丁目46-6,〒973-8402,0246-88-6218,佐藤　桂,サトウ　ケイ,(01)第0000575号
積水ハウス不動産東北株式会社,セキスイハウスフドウサントウホク,宮城県仙台市青葉区本町2-16-10,〒980-8431,022-224-7521,西村　裕,ニシムラ　ユタカ,(02)第0000133号
大東建託パートナーズ株式会社,ダイトウケンタクパートナーズ,東京都港区港南2-16-1,〒108-0075,03-6718-9102,佐藤　功次,サトウ　コウジ,(02)第0001723号
磐商ハウジング株式会社,バンショウハウジング,福島県いわき市平谷川瀬二丁目10-22,〒970-8036,0246-23-3200,太田　丈人,オオタ　タケヒト,(01)第0001928号
株式会社ランドマーク,ランドマーク,福島県伊達市保原町字二丁目７番地１,〒960-0625,024-575-1550,佐藤　繁義,サトウ　シゲヨシ,(02)第0002282号
株式会社シゲキ,シゲキ,福島県会津若松市山鹿町５番３号,〒965-0876,0242-28-7025,小山　茂樹,コヤマ　シゲキ,(02)第0001559号
会津ガス株式会社,アイヅガス,福島県会津若松市神指町大字南四合字才ノ神３２５番地１,〒965-0858,0242-29-1111,相馬　祥平,ソウマ　ショウヘイ,(02)第0001558号
有限会社北野不動産,キタノフドウサン,福島県会津若松市西栄町1-9,〒965-0877,0242278219,北野　元昭,キタノ　モトアキ,(01)第0002867号
株式会社城北産業,ジョウホクサンギョウ,福島県会津若松市東千石２－１－２４,〒965-0818,0242-28-1255,芳賀　英男,ハガ　ヒデオ,(02)第0000712号
株式会社スマイルホーム,スマイルホーム,福島県会津若松市白虎町207番1,〒965-0024,0242323690,齋藤　貴幸,サイトウ　タカユキ,(01)第0002669号
会津土地建物株式会社,アイヅトチタテモノ,福島県会津若松市白虎町１９１番地,〒965-0024,0242-25-1331,吉村　圭三,ヨシムラ　ケイゾウ,(01)第0002292号
有限会社リーガル企画,リーガルキカク,福島県喜多方市字百苅田７５３１番地１,〒966-0832,0241-22-6851,五十嵐　善清,イガラシ　ヨシキヨ,(02)第0003004号
有限会社東北不動産,トウホクフドウサン,福島県郡山市安積町日出山字一本松１００番地１６,〒963-0101,024-943-5948,?橋　勇治,タカハシ　ユウジ,(01)第0002289号
有限会社アイハウス,アイハウス,福島県郡山市駅前1－5－7,〒963-8002,0249210102,横田　正一,ヨコタ　ショウイチ,(02)第0001921号
株式会社マイルドホーム,マイルドホーム,福島県郡山市駅前２丁目１０番２２号,〒963-8002,024-924-0050,木原　類,キハラ　ルイ,(02)第0001918号
西武エステートシステム株式会社,セイブエステートシステム,福島県郡山市桑野2-3-14,〒963-8025,0249213333,川村　憲司,カワムラ　ケンジ,(02)第0001560号
日本住宅株式会社,ニホンジュウタク,岩手県盛岡市津志田中央１－３－２８,〒020-0838,019-638-0511,滝村　照男,タキムラ　テルオ,(01)第0001989号
株式会社イーライフ・クリエイト,イーライフクリエイト,福島県郡山市桑野二丁目１６番１６号,〒963-8025,024-973-6566,藤澤　英明,フジサワ　ヒデアキ,(02)第0000409号
株式会社郡中本店,グンチュウホンテン,福島県郡山市虎丸町15番4号,〒963-8014,024-933-3000,鎌田　孝太郎,カマタ　コウタロウ,(02)第0000009号
有限会社天野中央不動産,アマノチュウオウフドウサン,福島県郡山市咲田１丁目２番１号,〒963-8012,024-938-8503,天野　康裕,アマノ　ヤスヒロ,(02)第0003006号
有限会社リブシティ,リブシティ,福島県郡山市桜木2-22-2,〒963-8021,024-973-8862,熊田　春夫,クマダ　ハルオ,(02)第0002659号
株式会社和同商事,ワドウショウジ,福島県郡山市朝日２－２１－７,〒963-8024,024-933-0696,佐藤　正和,サトウ　マサカズ,(01)第0001603号
株式会社クリア・ライフ,クリアライフ,福島県郡山市朝日二丁目23番10号,〒963-8024,024-934-5945,伊東　昌明,イトウ　マサアキ,(02)第0001305号
株式会社ハウスメイトマネジメント,ハウスメイトマネジメント,東京都豊島区東池袋３－１－１　サンシャイン６０　４１Ｆ,〒170-6041,03-3590-0964,井關　豊,イセキ　ユタカ,(02)第0000332号
株式会社久保田不動産,クボタフドウサン,福島県郡山市八山田五丁目12番地,〒963-8052,024-932-8787,橋本　芳博,ハシモト　ヨシヒロ,(02)第0000101号
梅宮不動産,ウメミヤフドウサン,福島県郡山市富田町字町内７番地の２,〒963-8041,0249525737,梅宮　幸,ウメミヤ　ミユキ,(01)第0002277号
株式会社瑞穂不動産,ミズホフドウサン,福島県須賀川市本町84-2,〒962-0832,0248-73-0324,大木　和彦,オオキ　カズヒコ,(02)第0000008号
庄司建設工業株式会社,ショウジケンセツコウギョウ,福島県南相馬市原町区錦町1丁目25　アースム1階,〒975-0031,0244-26-6066,庄司　岳洋,ショウジ　タカヒロ,(01)第0001568号
株式会社佐藤組,サトウグミ,福島県二本松市表1-552-7,〒964-0901,0243-22-8558,佐藤　昭次,サトウ　アキジ,(02)第0002858号
有限会社第一不動産,ダイイチフドウサン,福島県白河市新白河二丁目２１番地,〒961-0856,0248-27-1875,外井　竹夫,ソトイ　タケオ,(01)第0001566号
生和不動産保証株式会社,セイワフドウサンホショウ,大阪府大阪市福島区福島5-8-1生和福島駅上ビル7階,〒553-0003,06-6345-0662,黒田　順一,クロダ　ジュンイチ,(02)第0001999号
有限会社福島不動産,フクシマフドウサン,福島県福島市宮下町5番3号,〒960-8011,024-531-0456,大橋　義紀,オオハシ　ヨシノリ,(01)第0002869号
アリアホーム株式会社,アリアホーム,福島県福島市五月町８番４２号　五月ビル２階,〒960-8061,024-573-1739,宮?　雄佑,ミヤザキ　ユウスケ,(01)第0001567号
有限会社進和ビルドサービス,シンワビルドサービス,福島県福島市太田町17番21号,〒960-8068,024-534-7844,長沢　ひろ子,ナガサワ　ヒロコ,(01)第0002865号
株式会社極東不動産,キョクトウフドウサン,福島県福島市中町3-11,〒960-8043,024-523-4142,岩瀬　裕一,イワセ　ユウイチ,(02)第0000410号
成和産業株式会社,セイワサンギョウ,福島県福島市南矢野目字古屋敷５１番地の３,〒960-0112,024-557-7676,古山　貴裕,フルヤマ　タカヒロ,(02)第0002661号
有限会社東日本住宅管理,ヒガシニホンジュウタクカンリ,福島県福島市八木田字並柳65-1,〒960-8164,024-563-7221,近藤　英輝,コンドウ　ヒデアキ,(01)第0001926号
郡中丸木株式会社,グンチュウマルキ,福島県本宮市本宮字九縄27番地3　NTTビル1F,〒969-1136,024--33-3211,鈴木　宗稔,スズキ　ムネトシ,(02)第0003005号
