﻿会社名,会社名フリガナ,住所,郵便番号,電話番号,代表氏名,代表氏名フリガナ,登録番号
株式会社県南地所,ケンナンジショ,秋田県横手市十文字町佐賀会字下沖田1-1,〒019-0506,0182424232,高橋　健一,タカハシ　ケンイチ,(01)第0002275号
朝日レジデンシャル株式会社,アサヒレジデンシャル,秋田県横手市赤坂字館ノ下80-1 ベッチモントyokote3階,〒013-0064,0182-38-8720,熊谷　邦夫,クマガイ　クニオ,(02)第0000094号
株式会社秋田住宅流通センター,アキタジュウタクリュウツウセンター,秋田県秋田市山王7－９－３５,〒010-0951,018-824-0001,北嶋　暢哉,キタジマ　ノブヤ,(02)第0001910号
株式会社ハウスメイトマネジメント,ハウスメイトマネジメント,東京都豊島区東池袋３－１－１　サンシャイン６０　４１Ｆ,〒170-6041,03-3590-0964,井關　豊,イセキ　ユタカ,(02)第0000332号
大東建託パートナーズ株式会社,ダイトウケンタクパートナーズ,東京都港区港南2-16-1,〒108-0075,03-6718-9102,佐藤　功次,サトウ　コウジ,(02)第0001723号
株式会社ランデックビル開発,ランデックビルカイハツ,秋田県秋田市山王新町１９番２号,〒010-0952,018-866-3521,櫻田　忠正,サクラダ　タダマサ,(01)第0000593号
秋田大学生活協同組合,アキタダイガクセイカツキョウドウクミアイ,秋田県秋田市手形山崎町12番14号,〒010-0854,018-832-7141,高橋　良延,タカハシ　ヨシノブ,(01)第0003014号
株式会社リブエス,リブエス,秋田県大館市中道一丁目４番１８号,〒017-0045,0186-59-4701,笹森　喜博,ササモリ　ヨシヒロ,(02)第0000878号
積水ハウス不動産東北株式会社,セキスイハウスフドウサントウホク,宮城県仙台市青葉区本町2-16-10,〒980-8431,022-224-7521,西村　裕,ニシムラ　ユタカ,(02)第0000133号
ベスト・プラン株式会社,ベストプラン,秋田県秋田市東通3丁目11番5号　コンフォート広面,〒010-0003,018-874-7266,法吉　大輔,ノリヨシ　ダイスケ,(01)第0000539号
有限会社みどりや不動産,ミドリヤフドウサン,秋田県秋田市八橋新川向4-23,〒010-0965,0188628684,早川　真貴子,ハヤカワ　マキコ,(01)第0002862号
東北物産株式会社,トウホクブッサン,秋田県秋田市保戸野原の町7番68号,〒010-0904,018-827-3700,深澤　功,フカサワ　イサオ,(02)第0001562号
株式会社財産コンサルティング,ザイサンコンサルティング,秋田県秋田市保戸野原の町8番27号,〒010-0904,018-824-0234,納谷　崇,ナヤ　タカシ,(02)第0000186号
有限会社ホテヤ不動産,ホテヤフドウサン,秋田県大館市字桂城34番地,〒017-0893,0186-43-1717,布袋屋　守,ホテヤ　マモル,(02)第0000047号
有限会社ホーコー地所,ホーコージショ,秋田県男鹿市船越字船越278,〒010-0341,0185353143,糸井　真吾,イトイ　シンゴ　　,(01)第0002864号
親和不動産管理株式会社,シンワフドウサンカンリ,秋田県由利本荘市川口字上菖蒲崎５番地,〒015-0051,0184-23-2216,佐藤　康宏,サトウ　ヤスヒロ,(02)第0000344号
