﻿会社名,会社名フリガナ,住所,郵便番号,電話番号,代表氏名,代表氏名フリガナ,登録番号
株式会社中村不動産開発,ナカムラフドウサンカイハツ,熊本県宇土市三拾町201-2,〒869-0406,0964-22-0815,中村　大樹,ナカムラ　ダイキ,(01)第0002421号
株式会社ニューガイア,ニューガイア,福岡県北九州市小倉南区上石田４－１７－２２,〒802-0833,093-953-6214,松本　久仁,マツモト　ヒサト,(01)第0002646号
有限会社城山不動産管理,ジョウザンフドウサンカンリ,熊本県熊本市西区城山下代1丁目1番50号,〒860-0066,096-329-5733,谷口　真也,タニグチ　シンヤ,(01)第0002520号
株式会社国府不動産,コクブフドウサン,熊本県熊本市中央区国府1丁目13番5号,〒862-0949,096-364-6618,小川　貴愛,オガワ　ヨシチカ,(02)第0001229号
熊本地所株式会社,クマモトジショ,熊本県熊本市中央区黒髪１－４－１,〒860-0862,096-346-2101,糸田　健次,イトダ　ケンジ,(01)第0002246号
扶桑管理株式会社,フソウカンリ,福岡県福岡市博多区博多駅東2-6-23,〒812-0013,092-414-1456,安松　省吾,ヤスマツ　ショウゴ,(02)第0003068号
大東建託パートナーズ株式会社,ダイトウケンタクパートナーズ,東京都港区港南2-16-1,〒108-0075,03-6718-9102,佐藤　功次,サトウ　コウジ,(02)第0001723号
有限会社エコーリリーフ,エコーリリーフ,熊本県熊本市中央区新屋敷２－２５－１０,〒862-0975,096-211-5377,水上　敬盛,ミズカミ　タカモリ,(01)第0001774号
株式会社トムス,トムス,熊本県熊本市中央区新屋敷３－４－３,〒862-0975,096-363-7322,川口　良彦,カワグチ　ヨシヒコ,(02)第0001576号
有限会社ベステックス熊本,ベステックスクマモト,熊本県熊本市中央区新大江１－１８－６,〒862-0972,096-371-3414,辻　浩司,ツジ　コウジ,(01)第0002238号
株式会社穴吹ハウジングサービス,アナブキハウジングサービス,香川県高松市紺屋町3-6　穴吹ハウジング中央通りBLD.5階,〒760-0027,087-822-3110,新宮　章弘,シングウ　アキヒロ,(02)第0002151号
株式会社明和不動産管理,メイワフドウサンカンリ,熊本県熊本市中央区辛島町４－３５ラ・シック辛島２階,〒860-0804,096-322-7777,川口　圭介,カワグチ　ケイスケ,(02)第0002778号
株式会社ホームパートナーズ,ホームパートナーズ,熊本県熊本市中央区水前寺２－１６－１１ホームステージビル３階,〒862-0950,096-382-8181,坂井　將一,サカイ　ショウイチ,(01)第0002524号
有限会社牛丸不動産,ウシマルフドウサン,熊本県熊本市中央区水前寺４丁目47-41牛丸ビル１Ｆ,〒862-0950,096-381-4010,三船　恵子,ミフネ　ケイコ,(02)第0001232号
株式会社ＣＯＣＯプランナーズ,ココプランナーズ,熊本県熊本市中央区帯山3丁目7番31号,〒862-0924,096-383-4445,梶原　智,カジワラ　サトシ,(01)第0000828号
株式会社豊不動産,ユタカフドウサン,熊本県熊本市中央区渡鹿7-8-53,〒862-0970,096-372-7100,浦田　圭史,ウラタ　ケイシ,(02)第0000435号
株式会社平成不動産,ヘイセイフドウサン,熊本県熊本市中央区平成3丁目18-20,〒860-0833,096-370-2677,脇田　真治,ワキタ　シンジ,(02)第0001234号
株式会社ハウスメイトマネジメント,ハウスメイトマネジメント,東京都豊島区東池袋３－１－１　サンシャイン６０　４１Ｆ,〒170-6041,03-3590-0964,井關　豊,イセキ　ユタカ,(02)第0000332号
株式会社ハヤ企画,ハヤキカク,熊本県人吉市城本町1090,〒868-0016,0966-24-3963,速永　一郎,ソクナガ　イチロウ,(01)第0002643号
有限会社太平不動産,タイヘイフドウサン,熊本県熊本市東区御領2丁目1-18,〒861-8035,096-380-3911,伊東　主税,イトウ　チカラ,(02)第0000161号
有限会社ミツナガ綜合商事,ミツナガソウゴウショウジ,熊本県熊本市東区小山２丁目１３番５０号,〒861-8045,096-380-1141,満永　寿隆,ミツナガ　トシタカ,(02)第0002966号
株式会社松栄パナホーム熊本,ショウエイパナホームクマモト,熊本県熊本市南区田迎1丁目7番14号,〒862-0962,096-379-9220,木村　洋志,キムラ　ヨウジ,(02)第0002776号
有限会社吉弥ハウジングサポート,キチヤハウジングサポート,熊本県熊本市北区飛田2-7-88,〒861-5514,096-345-0180,吉永　弥生,ヨシナガ　ヤヨイ,(01)第0002969号
エイコ不動産有限会社,エイコフドウサン,熊本県八代市大手町二丁目2-18,〒866-0852,0965-34-1133,平本　秀,ヒラモト　スグル,(02)第0002231号
