﻿会社名,会社名フリガナ,住所,郵便番号,電話番号,代表氏名,代表氏名フリガナ,登録番号
株式会社青空ホーム,カブシキガイシャアオゾラホーム,神奈川県愛甲郡愛川町中津１４６７番地,〒243-0303,046-205-2961,日名子　厚,ヒナゴ　アツシ,(02)第0000081号
株式会社モリショウ・不動産,モリショウフドウサン,神奈川県愛甲郡愛川町中津４０６１番地の２０,〒243-0303,046-284-5588,森　政雄,モリ　マサオ,(01)第0001055号
株式会社カナトチ・エステート,カブシキガイシャカナトチエステート,神奈川県綾瀬市早川城山５丁目１３番３号,〒252-1127,0467-78-9696,田邉　智行,タナベ　トモユキ,(02)第0002744号
株式会社湘南不動産,ショウナンフドウサン,神奈川県秦野市松原町４番６号,〒259-1313,0463-87-7577,澤田　啓汰,サワダ　ケイタ,(01)第0001164号
株式会社中央不動産,チュウオウフドウサン,神奈川県伊勢原市桜台４－２７－２２,〒259-1132,0463-92-3666,?梨　博,タカナシ　ヒロシ,(01)第0001038号
センチュリーハウジング株式会社,センチュリーハウジング,神奈川県伊勢原市田中８４－１,〒259-1142,0463-91-0003,飯田　隆三,イイダ　タカゾウ,(01)第0002220号
ウスイホーム株式会社,ウスイホーム,神奈川県横須賀市久里浜２－２－３,〒239-0831,046-833-7009,木部　浩一,キベ　コウイチ,(02)第0001001号
有限会社平作不動産,ユウゲンガイシャヒラサクフドウサン,神奈川県横須賀市衣笠栄町一丁目３－５,〒238-0031,046-853-6860,佐藤　明美,サトウ　アケミ,(01)第0003022号
株式会社建新,ケンシン,神奈川県横須賀市小川町２６－９,〒238-0004,046-827-6485,大口　隆弘,オオグチ　タカヒロ,(01)第0002497号
有限会社セントラル・ホームズ,セントラル　ホームズ,神奈川県横須賀市長沢２－８－１４,〒239-0842,046-847-2828,草間　時彦,クサマ　トキヒコ,(02)第0001036号
三協ハウジング株式会社,サンキョウハウジングカブシキガイシャ,神奈川県横須賀市追浜町1-37,〒237-0064,046-866-2100,竹永　薫,タケナガ　カオル,(02)第0000724号
株式会社セントラルライフ,カブシキガイシャ　セントラルライフ,神奈川県横須賀市本町１－１,〒238-0041,046-874-8600,草間　時彦,クサマ　トキヒコ,(01)第0002047号
三奈不動産株式会社,ミナフドウサンカブシキガイシャ,神奈川県横須賀市野比1-8-34,〒239-0841,046-848-2311,篠原　陽一,シノハラ　ヨウイチ,(01)第0002599号
マルフジ住宅株式会社,マルフジジュウタクカブシキガイシャ,神奈川県横須賀市林1-1-1,〒238-0315,046-857-1288,志村　貴治,シムラ　タカハル,(02)第0002471号
株式会社ガーデンハウス,ガーデンハウス,神奈川県横浜市旭区中希望が丘236-5,〒241-0825,045-392-1118,柄本　竜,ツカモト　リュウ,(02)第0000066号
株式会社伊藤商事不動産,イトウショウジフドウサン,神奈川県横浜市旭区鶴ケ峰２－３－１,〒241-0022,045-951-1666,伊藤　博美,イトウ　ヒロミ,(01)第0001747号
株式会社ＶＡＬＯＲ,カブシキガイシャバロー,神奈川県横浜市西区北幸2-1-22,〒220-0004,045-290-8600,田村　直人,タムラ　ナオト,(02)第0002761号
株式会社イトーハウジング,イトーハウジング,神奈川県横浜市旭区二俣川2丁目58番地,〒241-0821,045-365-3311,松島　信之,マツシマ　ノブユキ,(02)第0000110号
株式会社ハウスメイトマネジメント,ハウスメイトマネジメント,東京都豊島区東池袋３－１－１　サンシャイン６０　４１Ｆ,〒170-6041,03-3590-0964,井關　豊,イセキ　ユタカ,(02)第0000332号
株式会社サクセッサー,カブシキガイシャサクセッサー,神奈川県横浜市磯子区新杉田町７番地１６,〒235-0032,0453495100,中村　史良,ナカムラ　フミヨシ,(02)第0002044号
株式会社山野井,ヤマノイ,神奈川県横浜市港南区上大岡西１丁目１３番２３号　タウンサイト４１,〒233-0002,045-843-5700,山野井　幹正,ヤマノイ　ミキマサ,(02)第0000628号
有限会社ウィズホーム,ユウゲンガイシャウィズホーム,神奈川県横浜市磯子区洋光台一丁目１６番１９号　第７武内ビル２０２,〒235-0045,045-370-7888,武内　嘉春,タケウチ　ヨシハル,(01)第0000964号
株式会社司地所　,グンジ　マサユキ,神奈川県横浜市栄区桂町１５８－９,〒247-0005,045-892-9211,郡司　雅之,グンジ　マサユキ,(01)第0002223号
イワサキ不動産株式会社,イワサキフドウサン,神奈川県横浜市栄区公田町５９６番地８　太田ビル２F,〒247-0014,045-392-7254,岩?　正人,イワサキ　マサト,(01)第0002480号
京急不動産株式会社,ケイキュウフドウサン,神奈川県横浜市西区高島１－２－８　京急グループ本社ビル１１階,〒220-0011,045-307-3813,松本　正貴,マツモト　マサタカ,(02)第0000881号
株式会社ジェイエーアメニティーハウス,ジェイエーアメニティーハウス,神奈川県平塚市八重咲町３－３,〒254-0811,0463-25-2412,今井　洋一,イマイ　ヨウイチ,(02)第0000334号
セキスイハイム不動産株式会社,セキスイハイムフドウサン,東京都新宿区西新宿2-6-1新宿住友ビル28階,〒163-0228,03-5324-7887,大和屋　学,ヤマトヤ　マナブ,(02)第0001709号
株式会社アイディーエム,アイディーエム,神奈川県横浜市戸塚区品濃町513-7,〒244-0801,045-821-7077,佐藤　洋一,サトウ　ヨウイチ,(01)第0000969号
株式会社アイディーエムパートナーズ,アイディーエムパートナーズ,神奈川県横浜市戸塚区品濃町513-7,〒244-0801,045-821-7866,佐藤　洋一,サトウ　ヨウイチ,(01)第0000988号
大東建託パートナーズ株式会社,ダイトウケンタクパートナーズ,東京都港区港南2-16-1,〒108-0075,03-6718-9102,佐藤　功次,サトウ　コウジ,(02)第0001723号
株式会社ハウスメイトパートナーズ,ハウスメイトパートナーズ,東京都豊島区東池袋３－１－１,〒170-6041,03-3590-0911,井關　豊,イセキ　ユタカ,(02)第0000295号
株式会社千代田ビルマネジメント　,チヨダビルマネジメント,東京都港区虎ノ門３－１８－９,〒105-0001,03-3434-0126,小島　篤,コジマ　アツシ,(01)第0002397号
株式会社住実コンサルタント,カブシキカイシャ　スミコンサルタント,神奈川県横浜市港南区港南台4-1-1,〒234-0054,045-833-5117,成田　壽美子,ナリタ　スミコ,(02)第0002320号
三共住販株式会社,サンキョウジュウハン,神奈川県横浜市港南区港南台１－１０－２　川之上ビル壱番館２階,〒234-0054,045-832-8181,村岸　市郎,ムラギシ　イチロウ,(01)第0001060号
有限会社深野ホーム,ユウゲンガイシャフカノホーム,神奈川県横浜市港南区上永谷二丁目１１番１号,〒233-0012,045-841-7655,青木　大介,アオキ　ダイスケ,(01)第0002062号
株式会社共栄商事不動産,キョウエイショウジフドウサン,神奈川県横浜市港南区上大岡西1-19-4,〒233-0002,045-842-0054,横山　清行,ヨコヤマ　キヨユキ,(01)第0002572号
積水ハウス不動産東京株式会社,セキスイハウスフドウサントウキョウカブシキガイシャ,東京都渋谷区代々木2-1-1,〒151-0053,03-5350-3366,島貫　利一,シマヌキ　トシカズ,(02)第0001005号
株式会社ミニテック,ミニテック,東京都港区港南2-5-3,〒108-0075,03-5769-3209,大原　輝之,オオハラ　テルユキ,(01)第0001682号
株式会社アップル神奈川,カブシキガイシャアップルカナガワ,神奈川県川崎市川崎区駅前本町１２－１,〒210-0007,044-245-1111,宮島　雄介,ミヤジマ　ユウスケ,(02)第0001156号
株式会社横浜ホームネット,ヨコハマホームネット,神奈川県横浜市港南区上大岡西２－１４－２,〒233-0002,045-840-0168,西川　徹,ニシカワ　トオル,(02)第0003052号
松栄建設株式会社,ショウエイケンセツカブシキガイシャ,神奈川県横浜市港北区菊名1-12-14,〒222-0011,045-432-8085,酒井　洋輔,サカイ　ヨウスケ,(01)第0000265号
清水商事株式会社,シミズショウジカブシキガイシャ,神奈川県横浜市神奈川区西寺尾1-20-12,〒221-0001,045-431-6636,清水　透,シミズ　トオル,(01)第0002749号
株式会社アーバン企画開発,カブシキガイシャアーバンキカクカイハツ,神奈川県川崎市麻生区万福寺1-16-4,〒215-0004,044-969-2015,三戸部　正治,ミトベ　マサハル,(02)第0002041号
株式会社三立ハウス,カブシキガイシャサンリツハウス,神奈川県横浜市港北区綱島西1-2-4,〒223-0053,045-541-0381,田伏　亜衣　,タブシ　アイ,(01)第0000574号
株式会社アーバン二十一,アーバンニジュウイチ,神奈川県横浜市港北区綱島西2-2-12,〒223-0053,045-548-1151,須永　真貴子,スナガ　マキコ,(02)第0000494号
夢工房だいあん株式会社,ユメコウボウダイアン,神奈川県横浜市港北区綱島西１－１１－５,〒223-0053,045-543-5555,光田　大蔵,ミツダ　ダイゾウ,(01)第0001170号
株式会社アマヤホーム,アマヤホーム,神奈川県横浜市港北区綱島東1-6-15,〒223-0052,045-541-7211,吉原　雅浩,ヨシハラ　マサヒロ,(01)第0002905号
株式会社石原興業,イシハラコウギョウ,神奈川県横浜市港北区新羽町1689,〒223-0057,045-541-4180,石原　直仁,イシハラ　ナオヒト,(02)第0000160号
株式会社ビルコ,カブシキガイシャビルコ,神奈川県横浜市港北区新横浜1-12-13-1階,〒222-0033,045-474-3660,岩田　一清,イワタ　イッセイ,(02)第0000970号
生和不動産保証株式会社,セイワフドウサンホショウ,大阪府大阪市福島区福島5-8-1生和福島駅上ビル7階,〒553-0003,06-6345-0662,黒田　順一,クロダ　ジュンイチ,(02)第0001999号
パナソニックホームズ不動産株式会社,パナソニックホームズフドウサン,大阪府豊中市新千里西町1-1-4,〒560-8543,06-6834-3816,飯代　努,イジロ　ツトム,(02)第0002003号
株式会社アイ．エス．ティー企画,カブシキガイシャアイエスティーキカク,神奈川県横浜市港北区新横浜3-18-9,〒222-0033,045-474-1063,伊東　厚彦,イトウ　アツヒコ,(02)第0000424号
株式会社エム・コーポレーション,エムコーポレーション,神奈川県横浜市港北区新横浜２－１２－１　新横浜光伸ビル１階,〒222-0033,045-477-3450,見尾　洋,ミオ　ヒロシ,(02)第0001729号
株式会社リーヴライフトゥエンティーワン,リーヴライフトゥエンティーワン,神奈川県神奈川県横浜市西区南幸２－１８－１　ツツイ横浜ビル１０F,〒220-0005,045-325-5600,佐藤　和弘,サトウ　カズヒロ,(01)第0002212号
有限会社　商栄地所,ユウゲンガイシャ　ショウエイジショ,神奈川県横浜市港北区新吉田東２丁目２２番６号,〒223-0058,045-545-0500,梶　純也,カジ　ジュンヤ,(01)第0000864号
株式会社長澤商事不動産,カブシキガイシャナガサワショウジフドウサン,神奈川県横浜市港北区大曽根1-6-15,〒222-0003,0455421692,長澤　重夫,ナガサワ　シゲオ,(01)第0001460号
株式会社オキムス,カブシキガイシャオキムス,神奈川県横浜市港北区大倉山２－１－１３,〒222-0037,0455335671,松原　英勇,マツハラ　ヒデオ,(02)第0000077号
株式会社日本ハウジング,カブシキガイシャニホンハウジング,神奈川県横浜市港北区大倉山２－４－１３,〒222-0037,045-546-1111,岸岡　正治,キシオカ　マサハル,(02)第0000698号
株式会社ストーリー,ストーリー,神奈川県横浜市港北区大倉山２－５－９,〒222-0037,045-549-0575,小泉　大士,コイズミ　タイシ,(02)第0001749号
有限会社アークビルド,ユウゲンガイシャ　アークビルド,神奈川県横浜市港北区大倉山７丁目１２番５号,〒222-0037,0455493222,池谷　公一,イケタニ　コウイチ,(02)第0002197号
木村商事株式会社,キムラショウジ,神奈川県横浜市港北区樽町２－１－１４,〒222-0001,045-531-5555,木村　一男,キムラ　カズオ,(01)第0003054号
グリーン開発株式会社,グリーンカイハツ,神奈川県横浜市港北区樽町一丁目３０番１７号,〒222-0001,045-541-6011,森藤　健志,モリフジ　ケンジ,(02)第0000627号
株式会社八木下商事,カブシキガイシャ　ヤギシタショウジ,神奈川県横浜市港北区鳥山町17番地,〒222-0035,045-472-9696,八木下　和雄,ヤギシタ　カズオ,(01)第0000241号
株式会社ＳＱＵＡＲＥ,カブシキカイシャスクエア,神奈川県川崎市中原区木月2-5-14KMGビル2A,〒211-0025,0449209723,小堀　曜,コボリ　ヒカル,(01)第0000951号
エス・ケーホーム株式会社,エスケーホームカブシキガイシャ,神奈川県横浜市港北区日吉2丁目1番6号,〒223-0061,045-562-0123,杉谷　拓紀,スギヤ　ヒロキ,(02)第0001688号
ランドワークス株式会社,ランドワークス,神奈川県横浜市神奈川区栄町１－１９　横浜ポートシティ２０１,〒221-0052,045-628-9905,唐木　高志,カラキ　タカシ,(02)第0000080号
ロイヤルハウジング販売株式会社,ロイヤルハウジングハンバイ,東京都新宿区西新宿７－１１－１５,〒160-0023,03-3366-2331,木島　寛,キジマ　ヒロシ,(02)第0000614号
三井ホームエステート株式会社,ミツイホームエステートカブシキガイシャ,東京都千代田富士見2-3-11,〒102-0071,03-5226-3733,谷川　裕一,タニカワ　ユウイチ,(02)第0001833号
株式会社インテリジェンス・ネットワーク,カブシキガイシャインテリジェンスネットワーク,神奈川県横浜市神奈川区金港町6-18　アーバンスクウェア?１F,〒221-0056,045-451-5290,菅沼　等,スガヌマ　ヒトシ,(02)第0002193号
コーエイコーポレーション株式会社,コーエイコーポレーションカブシキカイシャ,神奈川県横浜市神奈川区高島台16-5,〒221-0833,045-594-7990,福永　晃治,フクナガ　コウジ,(01)第0002585号
みらい都市開発株式会社,ミライトシカイハツ,神奈川県横浜市神奈川区高島台１８－１ ,〒221-0833,045-320-2177,佐道　相一,サドウ　ソウイチ,(01)第0003049号
株式会社東都,トウト,東京都狛江市東和泉2-4-8,〒201-0014,03-3480-3011,磯谷　彰洋,イソヤ　アキヒロ,(02)第0002748号
株式会社杉浦商事,カブシキガイシャ　スギウラショウジ,神奈川県横浜市神奈川区神奈川2-19-1,〒221-0045,045-441-8522,杉浦　武胤,スギウラ　タケツグ,(02)第0000705号
株式会社Ａｌｌ　Ｒｏｕｎｄ,カブシキカイシャオールラウンド,神奈川県横浜市神奈川区西神奈川1-7-8,〒221-0822,045-321-7680,安藤　力,アンドウ　ツトム,(01)第0002187号
株式会社パワーズアンリミテッド,パワーズアンリミテッド,東京都新宿区市谷台町8-8,〒162-0066,03-5363-2288,池田　公洋,イケダ　キミヒロ,(02)第0000116号
株式会社竹和建物,カブシキガイシャタケワタテモノ,神奈川県横浜市神奈川区西神奈川一丁目9番地3,〒221-0822,045-322-0770,伊藤　勝之,イトウ　カツユキ,(01)第0000776号
小畑商事株式会社,オバタシヨウジカブシキガイシヤ,神奈川県横浜市神奈川区大口通68番地1,〒221-0002,0454216341,鹿野　稔,カノ　ミノル,(02)第0000145号
株式会社西口不動産,カブシキガイシャ　ニシグチフドウサン,神奈川県横浜市神奈川区鶴屋町1-7-10,〒221-0835,045-311-2526,?橋　英三郎,タカハシ　エイザブロウ,(01)第0002329号
株式会社アクシャル・パートナーズ,カブシキガイシャアクシャルパートナーズ,神奈川県横浜市神奈川区鶴屋町1-7-19　マルコシビル5階,〒221-0835,045-315-0221,村上　洋一郎,ムラカミ　ヨウイチロウ,(01)第0001030号
株式会社アルク,カブシキガイシャアルク,神奈川県横浜市神奈川区鶴屋町2-21--9,〒221-0835,045-411-3031,高瀬　八廣,タカセ　ヤツヒロ,(01)第0002082号
株式会社三和アイシス,サンワアイシス,大阪府大阪市中央区久太郎町3-6-8-12,〒541-0056,06-6282-0702,松尾　永浩,マツオ　ナガヒロ,(01)第0001654号
大成有楽不動産販売株式会社,タイセイユウラクフドウサンハンバイ,東京都中央区京橋3-13-1,〒104-0031,03-6867-0708,村上　善彦,ムラカミ　ヨシヒコ,(02)第0002089号
トリウミ興産株式会社,トリウミコウサンカブシキガイシャ,神奈川県横浜市神奈川区鶴屋町3-32-16,〒221-0835,045-321-5555,鳥海　繁彦,トリウミ　シゲヒコ,(02)第0000119号
株式会社リーデンス,カブシキガイシャリーデンス,神奈川県横浜市神奈川区東神奈川1-12,〒221-0044,0454413156,渡邉　舟一,ワタナベ　シュウイチ,(01)第0002192号
丸友不動産株式会社,マルトモフドウサンカブシキガイシャ,神奈川県横浜市神奈川区六角橋1-7-22,〒221-0802,045-432-0367,鰐田　祐一,ワニタ　ユウイチ,(02)第0003018号
株式会社大徳建設不動産,ダイトクケンセツフドウサン,神奈川県横浜市神奈川区六角橋1-7-23,〒221-0802,045-431-1331,荻原　正樹,オギワラ　マサキ,(01)第0001829号
クローバーライフ株式会社,クローバーライフカブシキガイシャ,神奈川県横浜市瀬谷区三ツ境107-1キャステル三ツ境1Ｆ,〒246-0022,045-364-2205,早津　忠,ハヤツ　タダシ,(01)第0002902号
株式会社スペースワン,カブシキカイシャスペースワン,神奈川県横浜市瀬谷区三ツ境110番地1,〒246-0022,0453633722,長谷川　彰,ハセガワ　アキラ,(02)第0000965号
株式会社丸三,カブシキガイシャマルサン,神奈川県横浜市瀬谷区三ツ境１６番地の１,〒246-0022,0453630003,和田　崇,ワダ　タカシ,(02)第0001155号
株式会社日本地所,カブシキガイシャニホンヂショ,神奈川県横浜市瀬谷区南台2-14-2,〒246-0032,045-301-3311,益子　美智代,マシコ　ミチヨ,(02)第0002035号
コスモバンク株式会社,コスモバンクカブシキガイシャ,神奈川県横浜市西区みなとみらい２丁目２番１号,〒220-8118,045-900-2539,穴澤　勇人,アナザワ　ハヤト,(01)第0002206号
株式会社フロンティアハウス,フロンティアハウス,神奈川県横浜市西区みなとみらい三丁目７番１号オーシャンゲートみなとみらい８階,〒220-0012,045-319-6345,佐藤　勝彦,サトウ　カツヒコ,(02)第0002760号
株式会社ポートホームズ,ポートホームズ,神奈川県横浜市西区南幸２－８－１５,〒220-0005,045-323-5555,福田　稔,フクダ　ミノル,(02)第0002499号
三井不動産レジデンシャルリース株式会社,ミツイフドウサンレジデンシャルリース,東京都新宿区西新宿2-1-1　新宿三井ビル,〒163-0405,03-5381-1031,疋田　武人,ヒキタ　タケト,(02)第0002349号
神奈川ロイヤル株式会社,カナガワロイヤル,神奈川県横浜市西区高島２－１８－１,〒220-0011,045-277-2111,木島　寛,キジマ　ヒロシ,(02)第0000612号
きらめき不動産株式会社,キラメキフドウサンカブシキカイシャ,神奈川県横浜市西区桜木町5-26-12,〒220-0021,045-633-3463,後藤　聡志,ゴトウ　サトシ,(02)第0002583号
株式会社アレップス,カブシキガイシャアレップス,東京都千代田区岩本町2-6-10,〒101-0032,03-5687-2100,新田　泉,ニッタ　イズミ,(02)第0002607号
株式会社ビルド,ビルド,神奈川県横浜市西区浅間町1-2-6,〒220-0072,045-594-6507,塚越　隆行,ツカゴシ　タカユキ,(01)第0001831号
株式会社リビングサービス,リビングサービス,神奈川県横浜市西区南幸2-11-11,〒220-0005,045-313-2371,佐野　一郎,サノ　イチロウ,(01)第0002762号
株式会社ニチワ,カブシキガイシャニチワ,東京都渋谷区円山町5-5,〒150-0044,03-3463-2101,木村　至,キムラ　イタル,(02)第0001508号
株式会社ＭＤＩ,カブシキガイシャエムディアイ,東京都中央区銀座4-12-15 歌舞伎座タワー10階,〒104-0061,03-3544-2650,井村　航,イムラ　コウ,(01)第0002614号
株式会社ジーエーコンサルタント,ジーエーコンサルタント,神奈川県横浜市西区楠町９番地７,〒220-0003,045-290-4004,冨野　茂実,トミノ　シゲミ,(02)第0002032号
永岡ビル管理株式会社,ナガオカビルカンリカブシキガイシャ,神奈川県横浜市西区北幸2-1-22,〒220-0004,045-314-3380,永岡　武,ナガオカ　タケシ,(01)第0002465号
住友林業レジデンシャル株式会社,スミトモリンギョウレジデンシャル,東京都新宿区新宿２－１９－１　ビッグス新宿ビル４階,〒160-0022,03-3350-8731,檜垣　隆久,ヒガキ　タカヒサ,(02)第0002491号
グローバルコミュニティ株式会社,グローバルコミュニティ,大阪府大阪市中央区博労町３－３－７,〒541-0059,06-7711-9680,金子　浩之,カネコ　ヒロユキ,(02)第0002539号
日本ハウズイング株式会社,ニホンハウズイング,東京都新宿区新宿１－３１－１２,〒160-8410,03-5379-4141,小佐野　台,オサノ　ウテナ,(02)第0001009号
株式会社福井地所,カブシキガイシャフクイジショ,神奈川県横浜市西区北幸二丁目５－２２,〒220-0004,045-311-6740,福井　俊文,フクイ　トシフミ,(01)第0001440号
株式会社小野コーポレーション,オノコーポレーション,神奈川県横浜市青葉区つつじが丘１０番地７,〒227-0055,045-982-9711,守屋　弘機,モリヤ　ヒロキ,(02)第0003021号
株式会社横浜企画　,ヨコハマキカク,神奈川県横浜市青葉区桜台２９－１,〒227-0061,045-989-2898,山下　現有,ヤマシタ　ゲンユウ,(02)第0001061号
北農サービス株式会社,ホクノウサービス,神奈川県横浜市青葉区新石川１－９－３,〒225-0003,045-912-2222,平瀬　徹,ヒラセ　テツ,(01)第0000916号
株式会社北芝建設,キタシバケンセツ,神奈川県横浜市青葉区新石川１－９－３,〒225-0003,045-912-2222,平瀬　徹,ヒラセ　テツ,(02)第0000890号
株式会社アルス,カブシキガイシャアルス,神奈川県横浜市青葉区美しが丘4-1-19　第2井上ドエル　3F-A,〒225-0002,045-904-0081,大澤　辰元,オオサワ　トキハル,(01)第0000195号
株式会社日建企画,ニッケンキカク,神奈川県横浜市都筑区茅ケ崎中央５６－１２,〒224-0032,045-415-8000,後藤　斉由,ゴトウ　ナリヨシ,(02)第0002118号
有限会社ダイ・ハード,ユウゲンガイシャダイハード,神奈川県横浜市泉区岡津町975-1,〒245-0003,045-810-1218,五十嵐　英成,イガラシ　ヒデナリ,(02)第0000439号
クオリアハウス株式会社,クオリアハウス,神奈川県横浜市泉区弥生台36番地15,〒245-0008,045-810-3388,森谷　譲二,モリヤ　ジョウジ,(01)第0000191号
株式会社エー・ビー・ケー,エービーケー,神奈川県横浜市中区伊勢佐木町5-130第12曙ビル1階,〒231-0045,045-252-7077,関　祐三,セキ　ユウゾウ,(01)第0000268号
エムズライフクリエイト株式会社,エムズライフクリエイトカブシキガイシャ,神奈川県横浜市中区花咲町３丁目８７番地桜木町ＳＳビル４階,〒231-0063,0453414120,中川　恵美,ナカガワ　メグミ,(01)第0000280号
株式会社扇屋,オオギヤ,神奈川県横浜市中区宮川町2丁目32番地,〒231-0065,0452417833,原　豊,ハラ　ユタカ,(01)第0002046号
株式会社ブルーハウス,カブシキカイシャブルーハウス,神奈川県横浜市中区山下町108番地小黒ビル305,〒231-0023,045-663-7115,佐藤　陽一郎,サトウ　ヨウイチロウ,(01)第0002184号
株式会社ケン・コーポレーション,ケンコーポレーション,東京都港区西麻布1-2-7,〒106-8640,03-5413-5651,佐藤　繁,サトウ　シゲル,(01)第0001728号
有限会社高橋不動産,ユウゲンガイシャタカハシフドウサン,神奈川県横浜市中区上野町１丁目２８番地,〒231-0842,045-623-7321,高橋　八郎,タカハシ　ハチロウ,(01)第0002045号
有限会社いわさき不動産,ユウゲンガイシャイワサキフドウサン,神奈川県横浜市中区石川町２－６６,〒231-0868,045-252-4480,岩嵜　恵一郎,イワサキ　ケイイチロウ,(02)第0000104号
株式会社ランドブレイン,ランドブレイン,神奈川県横浜市中区相生町６－１０４,〒231-0012,045-650-6601,小野寺　徹,オノデラ　トオル,(02)第0000873号
株式会社ラクシャル,カブシキカイシャラクシャル,神奈川県横浜市中区太田町4丁目48番地,〒231-0011,045-306-5156,長谷川　敬,ハセガワ　ケイ,(01)第0000846号
鈴木商事株式会社,スズキショウジ,神奈川県横浜市中区大和町1-30,〒231-0846,0456222261,鈴木　勇,スズキ　イサム,(02)第0000953号
株式会社ユアーズ二十一,ユアーズニジュウイチ,神奈川県横浜市中区長者町５－６１,〒231-0033,045-252-3621,池田　均,イケダ　ヒトシ,(01)第0002773号
株式会社ＦＧＧコーポレーション,エフジージーコーポレーション,神奈川県横浜市中区尾上町１－６,〒231-0015,045-717-5661,山本　毅,ヤマモト　ツヨシ,(02)第0003053号
株式会社リッチライフ,リッチライフ,神奈川県横浜市中区尾上町５－７５－２,〒222-0015,045-222-6111,石田　宰康,イシダ　タダヤス,(02)第0000868号
有限会社マイルドホーム,ユウゲンガイシャマイルドホーム,神奈川県横浜市中区本町６－５２本町アンバービル３０３,〒231-0005,0456505135,江川　登,エガワ　ノボル,(01)第0003023号
株式会社濱や地所,カブシキガイシャハマヤジショ,神奈川県横浜市中区野毛町２丁目８８番地,〒231-0064,045-241-2222,水梨　学,ミズナシ　マナブ,(02)第0001675号
フォレスト・ライフ株式会社,フォレストライフ,神奈川県横浜市中区野毛町３－１４３　柴NICハイム野毛山３０５号室,〒231-0064,045-325-7895,北原　猛生,キタハラ　タケオ,(02)第0000340号
株式会社明成建設,カブシキガイシャメイセイケンセツ,神奈川県横浜市鶴見区岸谷1-26-10MEISEIビル,〒230-0078,045-584-5222,金子　元興,カネコ　モトオキ,(02)第0001455号
株式会社石井商事,カブシキガイシャイシイショウジ,神奈川県横浜市鶴見区市場大和町４番１３号,〒230-0025,045-501-0393,松永　高,マツナガ　タカシ,(01)第0000594号
株式会社嶋崎不動産,カブシキガイシャシマザキフドウサン,神奈川県横浜市鶴見区市場大和町９番５号,〒230-0025,045-501-2225,嶋崎　幸裕,シマザキ　ユキヒロ,(01)第0000259号
株式会社ツルダイ商事,カブシキカイシャツルダイショウジ,神奈川県横浜市鶴見区寺谷1-11-19,〒230-0015,045-571-1254,田中　淳一,タナカ　ジュンイチ,(01)第0001513号
ナイス賃貸情報サービス株式会社,ナイスチンタイジョウホウサービス,神奈川県横浜市鶴見区鶴見中央1-26-1　横浜アーバンビル,〒230-0051,045-506-2727,渡利　勝也,ワタリ　カツヤ,(02)第0001007号
有限会社福昌産業　,フクショウサンギョウ,神奈川県横浜市鶴見区鶴見中央５－８－１１－１０１号 ,〒230-0051,045-501-5243,増田　泰成,マスダ　ヤスナリ,(01)第0000914号
日建情報センター有限会社,ニッケンジョウホウセンターユウゲンガイシャ,神奈川県横浜市鶴見区豊岡町18-9,〒230-0062,045-575-2101,和氣　文子,ワケ　アヤコ,(02)第0002186号
千野建物管理株式会社,チノタテモノカンリ,神奈川県横浜市鶴見区豊岡町8-24,〒230-0062,0455819556,親松　聡,オヤマツ　サトシ,(02)第0000992号
有限会社アイワ不動産,アイワフドウサン,神奈川県横浜市鶴見区豊岡町２８－９,〒230-0062,045-1099,武智　渉,タケチ　ワタル,(01)第0001056号
青木住宅,アオキジュウタク,神奈川県横浜市鶴見区矢向6-6-30,〒230-0001,045-583-2323,青木　光久,アオキ　ミツヒサ,(01)第0002729号
神奈川中央住宅株式会社,カナガワチュウオウジュウタク,神奈川県横浜市都筑区荏田南２－１０－１６,〒224-0007,045-941-1000,漆澤　民治,ウルシザワ　タミジ,(02)第0001840号
株式会社ランドオフィス,カブシキガイシャ　ランドオフィス,神奈川県横浜市都筑区茅ケ崎東3-17-35-B1,〒224-0033,0459418181,阿世賀　公子,アセガ　キミコ,(01)第0002323号
高橋住宅センター株式会社,タカハシジュウタクセンター,神奈川県横浜市都筑区牛久保東1－32－40,〒224-0014,045-591-3535,?橋　満,タカハシ　ミツル,(02)第0000019号
大健商事株式会社　,ダイケンショウジ,神奈川県横浜市都筑区中川中央１－２３－９,〒224-0003,045-913-1211,皆川　幸成,ミナガワ　ユキナリ,(01)第0001076号
株式会社アーバン企画開発管理,カブシキガイシャアーバンキカクカイハツカンリ,神奈川県横浜市都筑区中川中央１丁目３７番地１９,〒224-0003,0459144571,三戸部　浩史,ミトベ　ヒロシ,(02)第0002040号
スターツアメニティー株式会社,スターツアメニティーカブシキガイシャ,東京都江戸川区一之江8-4-3,〒132-0024,03-5662-3051,中松　学,ナカマツ　マナブ,(02)第0000978号
光不動産,ヒカリフドウサン,神奈川県横浜市南区永田東１－３－１６,〒232-0072,045-711-3300,川村　拓也,カワムラ　タクヤ,(01)第0002573号
システムハウジング株式会社,システムハウジングカブシキガイシャ,神奈川県横浜市南区大岡2-14-1,〒232-0061,045-742-1000,石川　大輔,イシカワ　ダイスケ,(02)第0000756号
有限会社Ｍ．Ｋプランニング,ユウゲンガイシャ　エムケイプランニング,神奈川県横浜市南区東蒔田町18-1,〒232-0045,0457127900,奥津　兼彦,オクツ　カネヒコ,(01)第0000543号
株式会社ＢＬＥＳＳ,カブシキガイシャブレス,神奈川県横浜市保土ケ谷区上星川3-6-1-1F,〒240-0042,045-371-9891,森山　元明,モリヤマ　モトアキ,(01)第0000582号
有限会社ウイルホーム,ユウゲンガイシャウイルホーム,神奈川県横浜市緑区寺山町87-10,〒226-0013,045-933-4361,進藤　理,シンドウ　オサム,(02)第0000726号
株式会社リアルハウジング,カブシキガイシャリアルハウジング,神奈川県横浜市緑区青砥町3-7,〒226-0022,045-511-8947,滝澤　紀史,タキザワ　ノリフミ,(02)第0000956号
ユニオン住宅株式会社,ユニオンジュウタク　,神奈川県横浜市緑区台村町292,〒226-0016,0459328800,村田　惠弘,ムラタ　シゲヒロ,(01)第0000558号
青木ハウジング株式会社,アオキハウジングカブシキガイシャ,神奈川県横浜市緑区中山一丁目27番5,〒226-0019,0459332131,青木　博昭,アオキ　ヒロアキ,(02)第0000093号
株式会社海老名住宅センター,エビナジュウタクセンター,神奈川県海老名市河原口1-1-3,〒243-0433,0462331950,松本　善吾,マツモト　ゼンゴ,(01)第0000279号
株式会社アイ・エステート,カブシキカイシャアイエステート,神奈川県海老名市国分南2-9-35,〒243-0405,0462341188,相原　京子,アイハラ　キョウコ,(02)第0000467号
株式会社相模ダイワ,サガミダイワ,神奈川県相模原市中央区矢部1-14-1,〒252-0232,042-752-8301,長谷川　太一,ハセガワ　タイチ,(01)第0000266号
有限会社トゥルース,ユウゲンガイシャトゥルース,神奈川県海老名市大谷北二丁目２番６２号,〒243-0419,046-292-2404,諏訪　信忠,スワ　ノブタダ,(02)第0000115号
株式会社ＣＯＣＯ－ＨＯＵＳＥ,カブシキガイシャ　ココハウス,神奈川県鎌倉市御成町１１－７,〒248-0012,0467-38-8130,西本　学央,ニシモト　タカヒサ,(02)第0002452号
有限会社マミー,ユウゲンガイシャマミー,神奈川県鎌倉市台４－３－１９,〒247-0061,0467463311,竹田　雄亮,タケダ　ユウスケ,(02)第0000105号
有限会社シー・エフ・ビルマネジメント,シーエフビルマネジメント,神奈川県鎌倉市大船2-19-35,〒247-0056,0467-50-0681,倉橋　隆行,クラハシ　タカユキ,(01)第0000534号
株式会社湘南宅建,ショウナンタッケン,神奈川県鎌倉市大船１－１０－１４,〒247-0056,0467-46-3800,渡邉　聖司,ワタナベ　セイジ,(02)第0001043号
株式会社エステートデザイン,カブシキガイシャエステートデザイン,神奈川県藤沢市辻堂2丁目5番13号,〒251-0047,0466--30-2611,許斐　健二,コノミ　ケンジ,(02)第0002203号
株式会社住宅流通センター,カブシキガイシャジュウタクリュウツウセンター,神奈川県茅ヶ崎市元町4番2号,〒253-0043,0467-57-8020,神尾　元洋,カミオ　モトヒロ,(01)第0001017号
稲岡ハウジング株式会社,イナオカハウジング,神奈川県茅ヶ崎市高田４－４－５,〒253-0002,0467-52-2222,稲岡　武義,イナオカ　タケヨシ,(02)第0000640号
株式会社フドケン,カブシキカイシャフドケン,神奈川県茅ヶ崎市香川５－３－３３,〒253-0082,0467-83-0070,山本　栄一,ヤマモト　エイイチ,(01)第0002042号
タイガーアンドアソシエイツ株式会社,タイガーアンドアソシエイツ,神奈川県茅ヶ崎市赤松町４-31,〒253-0013,0467-52-2881,山本　泰然,ヤマモト　ヤスノリ,(02)第0001446号
株式会社拓殖住宅,タクショクジュウタク,神奈川県茅ヶ崎市浜竹４－７－６９,〒253-0021,0467-86-5440,坂田　?子,サカタ　トシコ,(01)第0000901号
有限会社大東不動産,ユウゲンガイシャダイトウフドウサン,神奈川県厚木市愛甲１－２－７,〒243-0035,046-247-5386,大貫　豊文,オオヌキ　トヨフミ,(02)第0000699号
株式会社敬和不動産,ケイワフドウサン,神奈川県厚木市旭町2-1-18,〒243-0014,046-227-1151,神田　潮,カンダ　ウシオ,(01)第0002454号
株式会社ソーケン,カブシキガイシャソーケン,神奈川県秦野市南矢名２－８－１,〒257-0003,0463797800,井上　善博,イノウエ　ヨシヒロ,(02)第0002326号
株式会社杉田商事,カブシキガイシャ　スギタショウジ,神奈川県厚木市旭町二丁目1番17号,〒243-0014,0462284581,杉田　光一,スギタ　コウイチ,(01)第0000255号
株式会社相厚エステート,カブシキガイシャソウコウエステート,神奈川県厚木市下荻野1220-5,〒243-0203,046-243-6755,添田　浩二,ソエダ　コウジ,(01)第0002457号
小沢商事株式会社,オザワショウジカブシキガイシャ,神奈川県厚木市三田2638番地,〒243-0211,046-241-1089,小沢　宏通,オザワ　ヒロミチ,(01)第0000238号
株式会社西田コーポレーション,カブシキガイシャニシダコーポレーション,神奈川県厚木市中町3-11-18,〒243-0018,046-224-8686,西田　光孝,ニシダ　ミツタカ,(02)第0001676号
岩田ハウジング管理株式会社,イワタハウジングカンリカブシキガイシャ,神奈川県厚木市中町２丁目９番１１号,〒243-0018,046-224-0331,青柳　安治,アオヤギ　ヤスハル,(02)第0000706号
有限会社サイトウ住宅,ユウゲンガイシャサイトジュウタク,神奈川県三浦市南下浦町上宮田３２５９,〒238-0101,046-888-1222,齋藤　美知男,サイトウ　ミチオ,(02)第0000947号
株式会社トープラ,カブシキガイシャ　トープラ,神奈川県小田原市栄町1-14-12,〒250-0011,0465233939,大滝　靖生,オオタキ　ヤスオ,(01)第0002179号
株式会社新櫻宅建,シンザクラタッケン,神奈川県小田原市南鴨宮三丁目９番３号,〒250-0875,0465-20-9558,門田　和彦,モンデン　カズヒコ,(01)第0000669号
株式会社ミライズ,カブシキガイシャミライズ,東京都港区浜松町1-28-13,〒105-0013,03-5777-2235,鈴木　伸一,スズキ　シンイチ,(02)第0001839号
東栄建設工業株式会社,トウエイケンセツコウギョウカブシキガイシャ,神奈川県神奈川県横浜市港北区大倉山6-2-18,〒222-0037,045-543-1188,手塚　信,テヅカ　シン,(02)第0000449号
株式会社ＡＳＩＡＮ　ＳＴＡＲ,エイシアンスター,神奈川県神奈川県横浜市西区高島２－６－３２,〒220-0011,045-453-9888,東　和雄,ヒガシ　カズオ,(01)第0002743号
株式会社アズ・ブリック,アズブリック,東京都中央区銀座5-15-18　銀座東新ビル７F,〒104-0045,03-3248-2603,遠藤　克憲,エンドウ　カツノリ,(02)第0001494号
ブリックス株式会社,ブリックスカブシキカイシャ,神奈川県神奈川県横浜市中区太田町五丁目６１番地１,〒231-0011,045-222-7233,藤生　慧介,フジウ　ケイスケ,(02)第0002739号
戸張商事不動産有限会社,トバリショウジフドウサンユウゲンガイシャ　ユウゲンガイシャ,神奈川県神奈川県川崎市高津区北見方1－30－17,〒213-0005,044-833-0251,戸張　薫,トバリ　カオル,(01)第0002584号
有限会社エクセレント企画,エクセレントキカク,神奈川県秦野市鶴巻北1-2-5,〒257-0001,0463-78-4034,樋口　智美,ヒグチ　トモミ,(01)第0000513号
有限会社久保田商事,ユウゲンガイシャクボタショウジ,神奈川県平塚市真田4-33-58,〒259-1206,0463581123,久保田　三善,クボタ　ミヨシ,(01)第0001457号
だるま商事有限会社,ダルマショウジ,神奈川県秦野市尾尻９４４－１,〒257-0011,0463-81-0036,北村　久史,キタムラ　ヒサシ,(01)第0002216号
小松産業株式会社,コマツサンギョウカブシキカイシャ,神奈川県逗子市久木五丁目16番1号,〒249-0001,046-873-5311,小松　充,コマツ　ミツル,(01)第0000841号
Ｋ＆Ｍプロパティマネジメント株式会社,ケーアンドエムプロパティマネジメントカブシキガイシャ,神奈川県逗子市新宿2－3－13－509,〒249-0007,046-895-3002,加藤　雅也,カトウ　マサヤ,(01)第0000583号
有限会社宮崎不動産,ユウゲンガイシャミヤザキフドウサン,神奈川県川崎市宮前区宮崎2丁目8番地2,〒216-0033,044-877-5652,中尾　健治,ナカオ　ケンジ,(02)第0001013号
株式会社電通ハウジング,カブシキガイシャ　デンツウハウジング,神奈川県川崎市宮前区宮前平2-15-2,〒216-0006,0448550007,田中　洋平,タナカ　ヨウヘイ,(02)第0000958号
株式会社アオキ商会　,アオキショウカイ,東京都大田区南雪谷２－３－１１,〒145-0066,03-3727-3251,青木　久,アオキ　ヒサシ,(02)第0001539号
菅生興業株式会社　,スガオコウギョウ,神奈川県川崎市宮前区菅生１－１－２,〒216-0015,044-977-0038,矢野　巧大郎,ヤノ　コウタロウ,(01)第0002224号
株式会社ＣＦホーム,カブシキガイシャシーエフホーム,神奈川県川崎市宮前区東有馬三丁目15番10号,〒216-0002,044-750-0033,木口　真人,キグチ　マサト,(01)第0002720号
山三不動産合同会社,ヤマサンフドウサンゴウドウガイシャ,神奈川県川崎市宮前区野川本町1-20-2,〒216-0041,0448639231,高橋　俊幸,タカハシ　トシユキ,(01)第0002073号
東邦ハウジング株式会社,トウホウハウジングカブシキカイシャ,東京都大田区南蒲田２－４－１４,〒144-0035,03-3739-6171,澁澤　善武,シブサワ　ヨシタケ,(02)第0000481号
株式会社都市住宅情報センター,カブシキガイシャトシジュウタクジョウホウセンター,神奈川県川崎市幸区戸手本町2-207-30,〒212-0023,044-511-6688,平松　希慧,ヒラマツ　キエ,(01)第0002742号
福禄不動産有限会社,フクロクフドウサンユウゲンガイシャ,神奈川県川崎市幸区鹿島田1-18-19,〒212-0058,044-541-2611,市川　優,イチカワ　マサル,(02)第0000974号
株式会社みやこ屋,カブシキカイシャミヤコヤ,神奈川県川崎市幸区中幸町４－３－１　みやこ屋ビル１F,〒212-0012,044-544-8221,富田　公一,トミタ　コウイチ,(02)第0000058号
株式会社石川商事,イシカワショウジ,神奈川県川崎市川崎区東門前２-４-８,〒210-0812,044-276-2525,石川　純一郎,イシカワ　ジュンイチロウ,(02)第0002177号
青木住宅株式会社,アオキジュウタクカブシキガイシャ,神奈川県川崎市幸区塚越3-502,〒212-0024,044-533-3513,青木　光久,アオキ　ミツヒサ,(01)第0002461号
第一ハウジング株式会社,ダイイチハウジング,神奈川県川崎市幸区柳町2-2,〒212-0015,044-541-5000,加藤　豊,カトウ　ユタカ,(02)第0000057号
株式会社エヌアセット,エヌアセット,神奈川県川崎市高津区溝口１－１４－８,〒213-0001,044-870-2536,宮川　恒雄,ミヤガワ　ツネオ,(02)第0001173号
有限会社橘興業,タチバナコウギョウ,神奈川県川崎市高津区子母口458-3,〒213-0023,044-788-0711,森　茂,モリ　シゲル,(01)第0002071号
株式会社小黒,カブシキガイシャオグロ,神奈川県川崎市高津区諏訪1-10-6,〒213-0004,044-822-3677,小黒　正思,オグロ　マサシ,(01)第0002455号
株式会社東京住宅センター,トウキョウジュウタクセンター,神奈川県川崎市高津区二子２－１－８,〒213-0002,044-844-1010,川田　邦康,カワダ　クニヤス,(01)第0000655号
オークラヤ住宅株式会社,オークラヤジュウタクカブシキガイシャ,東京都千代田区麹町4-5-22,〒102-0083,03-3262-7794,星野　日出美,ホシノ　ヒデミ,(01)第0002927号
平和開発株式会社,ヘイワカイハツ,神奈川県川崎市川崎区砂子2-6-32,〒210-0006,044-222-4488,大西　豊久,オオニシ　トヨヒサ,(02)第0000715号
株式会社シーズランド,カブシキガイシャシーズランド,神奈川県川崎市川崎区大島５丁目１１番１４号,〒210-0834,044-245-0080,田邉　千晶,タナベ　チアキ,(02)第0002072号
東横不動産株式会社,トウヨコフドウサンカブシキガイシャ,神奈川県川崎市川崎区中島1-1-15,〒210-0806,0442336096,茂木　留美,モギ　ルミ,(01)第0000553号
石原商事株式会社,イシハラショウジカブシキガイシャ,神奈川県川崎市川崎区渡田1-9-7,〒210-0837,044-322-4670,石原　一重,イシハラ　カズシゲ,(02)第0000407号
株式会社川崎中央プランナー,カブシキガイシャカワサキチュウオウプランナー,神奈川県川崎市川崎区東田町５番地５,〒210-0005,0442465831,木村　真教,キムラ　マサノリ,(02)第0000755号
株式会社ヒロ・コーポレーション,ヒロコーポレーション,東京都新宿区四谷１－８,〒160-0004,03-5368-6741,松野　浩,マツノ　ヒロシ,(02)第0002390号
株式会社ハルホーム,カブシキガイシャハルホーム,神奈川県川崎市多摩区三田1-28-2,〒214-0034,0449322417,竹間　正徹,チクマ　マサアキ,(01)第0000987号
レプロマネージメント合同会社,レプロマネージメントゴウドウガイシャ,神奈川県川崎市多摩区宿河原3-13-4ベルエール多摩103,〒214-0021,0443229747,大津　浩一,オオツ　ヒロカズ,(01)第0000578号
株式会社丸正企業不動産,カブシキガイシャマルショウキギョウフドウサン,神奈川県川崎市多摩区宿河原3-5-50,〒214-0021,044-911-3047,沼里　安子,ヌマサト　ヤスコ,(01)第0003017号
株式会社三和エステート,カブシキガイシャサンワエステート,東京都東村山市秋津町5-6-7-1F,〒189-0001,042-390-0308,奥村　玄悠,オクムラ　ゲンユウ,(01)第0000839号
株式会社長澤商事,カブシキガイシャナガサワショウジ,神奈川県川崎市多摩区生田7-8-7,〒214-0038,044-911-7000,長澤　八重子,ナガサワ　ヤエコ,(01)第0002357号
株式会社アゼリアホーム,カブシキガイシャアゼリアホーム,神奈川県川崎市多摩区西生田2-13-13,〒214-0037,044-959-1800,米山　裕,ヨネヤマ　ユタカ,(01)第0002190号
東亜商事株式会社,トウアショウジ,神奈川県川崎市多摩区西生田3－9－24,〒214-0037,044-955-1715,伊藤　俊美,イトウ　トシミ,(01)第0002336号
有限会社ふじよし不動産,フジヨシフドウサン,神奈川県川崎市多摩区中野島６－２２－１８,〒214-0012,044-933-8282,田村　良和,タムラ　ヨシカズ,(01)第0001082号
ナショナル建物管理株式会社,ナショナルタテモノカンリカブシキガイシャ,神奈川県川崎市多摩区登戸２６８４,〒214-0014,044-933-3338,佐藤　哲生,サトウ　テツオ,(01)第0000681号
有限会社アクティブホーム,ユウゲンガイシャアクティブホーム,神奈川県川崎市中原区下小田中1-3-9-101,〒211-0041,044-755-1354,奥山　智巨,オクヤマ　トモミ,(02)第0000082号
株式会社トータルプランニング,トータルプランニング,東京都目黒区自由が丘１－２９－１,〒152-0035,03-5731-3141,南部　貞雄,ナンブ　サダオ,(01)第0002627号
株式会社トーコー開発,カブシキガイシャトーコーカイハツ,神奈川県川崎市中原区小杉町3丁目430番地,〒211-0063,044-733-1151,原田　昭知,ハラダ　アキトモ,(01)第0000538号
株式会社アローズ　,アローズ　,神奈川県川崎市中原区小杉町３－４８６　Ｓ．Ｎ．Ｂ６Ｆ ,〒211-0063,044-738-2265,野口　拓也,ノグチ　タクヤ,(02)第0001754号
株式会社興建エステート,カブシキガイシャコウケンエステート,神奈川県川崎市中原区小杉町三丁目４４１番地１,〒211-0063,0443825525,小林　政男,コバヤシ　マサオ,(01)第0001022号
三誠建託株式会社,サンセイケンタク,神奈川県川崎市中原区上小田中６－２２－７,〒211-0053,044-733-1711,中山　誠一,ナカヤマ　セイイチ,(01)第0002772号
株式会社南荘石井事務所,カブシキガイシャミナミソウイシイジムショ,神奈川県川崎市中原区上新城２丁目６番１１号,〒211-0045,044-777-2000,石井　秀和,イシイ　ヒデカズ,(01)第0003019号
オカザキトラスト株式会社,オカザキトラストカブシキガイシャ,神奈川県川崎市中原区新丸子町769　新丸子ビル1階,〒211-0005,044-722-1390,岡崎　邦雄,オカザキ　クニオ,(01)第0002737号
株式会社メイプル田園,カブシキガイシャメイプルデンエン,神奈川県川崎市中原区新丸子東1-828-5,〒211-0004,044-431-1170,松岡　仁,マツオカ　ヒトシ,(02)第0002031号
有限会社アルト住販,ユウゲンガイシャアルトジュウハン,神奈川県川崎市中原区木月1-27-8,〒211-0025,044-431-1021,寺川　亮,テラカワ　マコト,(01)第0002725号
株式会社アローズ　,アローズ　,神奈川県川崎市中原区小杉町３－４８６　Ｓ．Ｎ．Ｂ６Ｆ ,〒211-0063,044-738-2265,野口　拓也,ノグチ　タクヤ,(02)第0001754号
株式会社モカ,モカ,東京都渋谷区渋谷２－９－１０　青山台ビル３階,〒150-0002,03-6418-2594,相川　雅信,アイカワ　マサノブ,(02)第0002112号
有限会社アクティブ,アクティブ,神奈川県川崎市麻生区王禅寺西５丁目４番１０号サンパレス池田１０１号,〒215-0017,0449861143,池田　篤志,イケダ　アツシ,(01)第0000260号
株式会社ヤマコー,カブシキガイシャヤマコー,神奈川県川崎市麻生区高石１－２２－２,〒215-0003,044-966-6632,林　将也,ハヤシ　マサヤ,(01)第0002063号
有限会社東郊住宅社,トウコウジュウタクシャ,神奈川県相模原市中央区共和１－３－４３,〒252-0234,042-756-8282,池田　峰,イケダ　ミネ,(02)第0000626号
株式会社オリバー,カブシキガイシャオリバー,神奈川県相模原市中央区鹿沼台1丁目-2-18,〒252-0233,042-755-5655,小川　秀男,オガワ　ヒデオ,(02)第0000406号
株式会社シティハウス,カブシキガイシャシティハウス,神奈川県相模原市中央区鹿沼台2-10-8,〒252-0233,042-776-8666,田原　光太郎,タハラ　コウタロウ,(02)第0000769号
株式会社シティハウス管理,カブシキガイシャシティハウスカンリ,神奈川県相模原市中央区鹿沼台2-10-8,〒252-0233,042-776-8666,田原　光太郎,タハラ　コウタロウ,(01)第0000522号
有限会社共立不動産,キョウリツフドウサン,神奈川県相模原市中央区相生４－４－１６,〒252-0235,042-755-3131,岩松　洋子,イワマツ　ヒロコ,(01)第0000967号
株式会社ハウスネット,カブシキガイシャハウスネット,神奈川県相模原市中央区相模原8-1-8パストラル坂本202,〒252-0231,0427867365,大石　敏彦,オオイシ　トシヒコ,(01)第0001835号
相模原土地開発株式会社,サガミハラトチカイハツ,神奈川県相模原市中央区相模原２－１－３,〒252-0231,042-752-2323,鈴木　正彦,スズキ　マサヒコ,(02)第0003051号
株式会社ホームリーダー,ホームリーダー,神奈川県相模原市中央区富士見３－１７－１０,〒252-0236,042-758-0666,菊池　晴利,キクチ　ハルトシ,(01)第0002771号
有限会社千成土地住宅社,センナリトチジュウタクシャ,神奈川県相模原市中央区淵野辺4-15-1,〒252-0206,042-752-4108,岡田　清隆,オカダ　キヨタカ,(01)第0003024号
朝日建設株式会社,アサヒケンセツ,神奈川県相模原市中央区淵野辺４－１６－１４,〒253-0206,042-755-5611,中川　秀樹,ナカガワ　ヒデキ,(02)第0000297号
株式会社ハウスナビ,カブシキガイシャ　　ハウスナビ,神奈川県相模原市中央区弥栄2丁目2番1号,〒252-0229,0427500234,銭谷　伸秀,ゼニヤ　ノブヒデ,(01)第0000517号
有限会社広部ハウジング,ユウゲンガイシャヒロベハウジング,神奈川県相模原市中央区矢部3-21-1コーヴレジデンス102,〒252-0232,2520232,廣部　徹也,ヒロベ　テツヤ,(01)第0003016号
株式会社輪が家,カブシキカイシャワガヤ,神奈川県相模原市南区古淵2-4-2-101,〒252-0344,042-707-7440,村田　勇,ムラタ　イサム,(02)第0000501号
新和建物コンサルタント株式会社,シンワタテモノコンサルタントカブシキガイシャ,神奈川県相模原市南区上鶴間本町4-2-1,〒252-0318,0427494800,小川　邦明,オガワ　クニアキ,(01)第0002598号
株式会社エステートシンワ,カブシキガイシャエステートシンワ,神奈川県相模原市南区相模大野7-1-10-3階,〒252-0303,042-740-0751,宮坂　和樹,ミヤサカ　カズキ,(01)第0001463号
大倉建設株式会社,オオクラケンセツカブシキカイシャ,神奈川県相模原市南区相模大野8-15-8,〒252-0303,0427446333,岩井　大輔,イワイ　ダイスケ,(01)第0001841号
株式会社前田,カブシキカイシャマエダ,東京都渋谷区道玄坂2丁目19番地6スクエア渋谷1F,〒150-0043,03-3770-6561,前田　英男,マエダ　ヒデオ,(01)第0002104号
オークラホーム有限会社,オークラホーム,神奈川県相模原市南区相模大野８－２－２,〒252-0303,042-742-2310,猪川　浩,イカワ　ヒロシ,(01)第0003050号
有限会社　レインボーハウス,レインボーハウス,神奈川県相模原市緑区橋本2-23-21ｸﾘｴｰﾙ橋本,〒252-0143,042-774-6565,原田　喜久雄,ハラダ　キクオ,(01)第0002070号
第一商事株式会社,ダイイチショウジ,神奈川県相模原市緑区橋本2-5-6,〒252-0143,042-772-2186,久保田　信義,クボタ　ノブヨシ,(01)第0002196号
有限会社やまとや不動産,ヤマトヤフドウサン,神奈川県相模原市緑区橋本7丁目2番5号,〒252-0143,042-771-9581,山口　早苗,ヤマグチ　サナエ,(01)第0001678号
京王不動産株式会社,ケイオウフドウサンカブシキカイシャ,東京都渋谷区初台１－５４－２京王初台１丁目ビル,〒151-0061,0332993115,小澤　孝雄,オザワ　タカオ,(01)第0003031号
アクティリビング株式会社　,アクティリビング,東京都八王子市大塚５０１　ナカジマビル１階 ,〒192-0352,042-682-3577,荒川　遼太,アラカワ　リョウタ,(01)第0002388号
株式会社イーアセット,イーアセット,神奈川県相模原市緑区橋本４－１６－４,〒252-0143,042-703-5418,青?　裕昭,アオヤギ　ヒロアキ,(01)第0002502号
山登土地開発株式会社,ヤマトトチカイハツ,神奈川県相模原市緑区城山２－１－１２,〒252-0116,0427822337,宮嵜　秀幸,ミヤザキ　ヒデユキ,(01)第0002446号
サガイチホーム株式会社,サガイチホームカブシキガイシャ,神奈川県相模原市緑区二本松４－１０－２０,〒252-0137,042-814-2112,栗山　耕一,クリヤマ　コウイチ,(02)第0000948号
株式会社エス・シーリビング,カブシキガイシャエスシーリビング,神奈川県足柄下郡湯河原町土肥5丁目3番地の7,〒259-0303,0465-62-1616,高杉　尚男,タカスギ　ヒサオ,(02)第0000086号
有限会社のりす開発,ノリスカイハツ,神奈川県足柄下郡湯河原町土肥２－１４－１０,〒259-0303,0465-64-1131,鈴木　徳康,スズキ　ノリヤス,(02)第0002218号
アオヤ株式会社,アオヤカブシキガイシャ,神奈川県足柄上郡開成町吉田島1521-8,〒258-0021,0465-85-3011,熊谷　拓未,クマガイ　タクミ,(02)第0002903号
株式会社桜森企画,カブシキガイシャサクラモリ,神奈川県大和市桜森3丁目7-2,〒242-0028,046-211-1213,中村　博行,ナカムラ　ヒロユキ,(01)第0002453号
川上商事株式会社,カワカミショウジ,神奈川県大和市桜森２－１０－１５,〒242-0028,046-263-2551,川上　真佐美,カワカミ　マサミ,(01)第0000662号
有限会社関水孝商事,ユウゲンガイシャセキミズタカシショウジ,神奈川県大和市渋谷5-6-18,〒242-0023,046-269-6883,関水　謙太,セキミズ　ケンタ,(01)第0000993号
株式会社小菅不動産,コスゲフドウサン,神奈川県大和市上和田975,〒242-0014,046-267-0765,小菅　貴春,コスゲ　タカハル,(02)第0000989号
株式会社アール・アンド・エム,アールアンドエム,神奈川県大和市大和東3－8－16,〒242-0017,046-261-7501,橋本　恵理子,ハシモト　エリコ,(01)第0002051号
株式会社ジェー・アール・シー,カブシキガイシャジェーアールシー,神奈川県大和市大和東3-9-3,〒242-0017,046-261-6101,栗城　健,クリキ　タケシ,(02)第0002189号
株式会社山口不動産,カブシキガイシャヤマグチフドウサン,神奈川県大和市大和南2-2-20,〒242-0016,046-261-2222,山口　紀彰,ヤマグチ　ノリアキ,(02)第0000976号
有限会社臼井不動産,ユウゲンガイシャウスイフドウサン,神奈川県大和市南林間2-11-4,〒242-0006,046-274-0533,栗山　隆太,クリヤマ　リュウタ,(02)第0001512号
株式会社大栄商事,ダイエイショウジ,神奈川県大和市福田5521-6,〒242-0024,046-267-2415,落合　孝美,オチアイ　タカヨシ,(01)第0001689号
リビングプラザ株式会社,リビングプラザ,神奈川県藤沢市遠藤７０２－１０,〒252-0816,0466-86-2766,山?　耕司,ヤマザキ　コウジ,(01)第0001171号
株式会社ＹＡＮＡＧＩ　ＢＡＳＥ,カブシキカイシャ　ヤナギベース,神奈川県藤沢市鵠沼海岸2-4-9,〒251-0037,0466-90-5761,柳　竜太,ヤナギ　リュウタ,(01)第0002909号
幸友ホーム株式会社,コウユウホーム,神奈川県藤沢市鵠沼橘1-4-14,〒251-0024,0466-54-7512,沼上　登,ヌマカミ　ノボル,(02)第0002478号
株式会社大昇住宅,ダイショウジュウタク,神奈川県藤沢市湘南台1-20-3,〒252-0804,0466446700,又吉　昇,マタヨシ　ノボル,(01)第0002043号
田中土建工業株式会社,タナカドケンコウギョウ,東京都新宿区四谷本塩町14番1号,〒160-0003,0333532141,田中　正和,タナカ　マサカズ,(01)第0001468号
三恵住宅株式会社,サンケイジュウタクカブシキガイシャ,神奈川県藤沢市善行１丁目１６番地６,〒251-0871,0466819211,吉原　啓資,ヨシハラ　ケイスケ,(01)第0002081号
株式会社東峰地所,トウホウジショ,神奈川県藤沢市辻堂新町１－１－１,〒251-0042,0466-33-5511,櫻井　健一,サクライ　ケンイチ,(01)第0000913号
株式会社橋本造園企画,ハシモトゾウエンキカク,神奈川県藤沢市辻堂新町１丁目４番１号橋本ビル１０１号,〒251-0042,0466-35-5631,橋本　正美,ハシモト　マサミ,(01)第0002475号
株式会社鈴木不動産管理,スズキフドウサンカンリ,神奈川県藤沢市藤が岡３－１０－８　アジュール湘南　１F,〒251-0004,0466-50-9530,鈴木　榛男,スズキ　ハルオ,(02)第0000320号
株式会社湘南らいふ管理,ショウナンライフカンリ,神奈川県藤沢市藤沢223-2,〒251-0052,0466-52-6613,浅岡　亮二,アサオカ　リョウジ,(02)第0000128号
株式会社新生住宅販売,シンセイジュウタクハンバイ,神奈川県藤沢市藤沢38-17,〒251-0052,0466-54-6001,鈴木　哲次,スズキ　テツジ,(01)第0000971号
株式会社ｔｒｉｌｌｉｏｎ,トリリオン,神奈川県藤沢市藤沢９７６－６ ,〒251-0052,0466-22-5737,渡邊　亮介,ワタナベ　リョウスケ,(02)第0001070号
株式会社タック,カブシキガイシャタック,神奈川県平塚市宮の前8-11,〒254-0035,0463235925,鈴木　?,スズキ　ユタカ,(01)第0001459号
株式会社大雄,ダイユウ,神奈川県平塚市中原１－１７－１,〒254-0075,0463-33-8000,山口　紀之,ヤマグチ　ノリユキ,(02)第0000300号
有限会社アスリート,ユウゲンガイシャアスリート,神奈川県平塚市中里53-18,〒254-0054,0463-31-0700,?橋　和也,タカハシ　カズヤ,(02)第0000059号
