﻿会社名,会社名フリガナ,住所,郵便番号,電話番号,代表氏名,代表氏名フリガナ,登録番号
株式会社のうか不動産,ノウカフドウサン,石川県金沢市もりの里2-21,〒920-1167,076-222-3311,苗加　充彦,ノウカ　ミツヒコ,(02)第0000012号
株式会社辰実不動産,タツミフドウサン,石川県羽咋市東川原町柳橋７３－２,〒925-0032,0767-22-5789,重光　康生,シゲミツ　ヤスオ,(01)第0001130号
ＵＰＲＩＭＥ株式会社,アップライム,石川県加賀市作見町ル45番1,〒922-0423,0761-75-7577,宮竹　廣之,ミヤタケ　ヒロユキ,(01)第0001912号
有限会社大徳不動産,オオトクフドウサン,石川県河北郡内灘町字大学２丁目２７,〒920-0265,076-286-0590,大徳　俊泰,オオトク　トシヤス,(01)第0001789号
株式会社クロダハウス,クロダハウス,石川県金沢市駅西新町3丁目13-2,〒920-0027,076-234-3060,東　一寛,ヒガシ　カズヒロ,(01)第0001088号
有限会社マインドホーム,マインドホーム,石川県金沢市金石本町ロ27番地1,〒920-0336,076-266-2626,長原　学,ナガハラ　マナブ,(01)第0001087号
有限会社田中不動産マネジメント,タナカフドウサンマネジメント,石川県金沢市窪５－１８９－２,〒921-8151,076-243-9300,田中　誠,タナカ　マコト,(02)第0001227号
株式会社アパートマン,アパートマン,石川県野々市市御経塚1丁目422番地,〒921-8801,076-227-3588,田上　育美,タガミ　イクミ,(02)第0001433号
有限会社高山不動産,タカヤマフドウサン,石川県金沢市三口新町4-2-1,〒920-0944,076-264-8686,高山　修一,タカヤマ　シュウイチ,(02)第0000096号
株式会社若草ホーム産業,ワカクサホームサンギョウ,石川県金沢市若草町16-1,〒921-8111,076-241-5376,関　大輔,セキ　ダイスケ,(02)第0000387号
マルキ不動産株式会社,マルキフドウサン,石川県金沢市小金町４－１,〒920-0805,076-251-8200,北村　歩己,キタムラ　アユミ,(01)第0001129号
株式会社アーバンクリエイツ,アーバンクリエイツ,石川県金沢市泉本町6丁目81番地1,〒921-8042,076-280-0088,藤井　佳代子,フジイ　カヨコ,(02)第0002148号
百番不動産商事株式会社,ヒャクバンフドウサンショウジ,石川県金沢市長町一丁目4番55号,〒920-0865,076-221-0100,田川　豊,タガワ　ユタカ,(02)第0000730号
有限会社トヨミツ,トヨミツ,石川県金沢市藤江北4丁目260番地,〒920-0345,076-255-2561,山田　豊,ヤマダ　ユタカ,(02)第0000936号
大東建託パートナーズ株式会社,ダイトウケンタクパートナーズ,東京都港区港南2-16-1,〒108-0075,03-6718-9102,佐藤　功次,サトウ　コウジ,(02)第0001723号
株式会社太陽地所,タイヨウチショ,石川県金沢市入江2丁目402番地,〒921-8011,076-291-0488,伊藤　雅信,イトウ　マサノブ,(01)第0001549号
アールエス都市生活株式会社,アールエストシセイカツ,石川県金沢市八日市3丁目393番地,〒921-8064,076-240-8031,清水　亮一,シミズ　リョウイチ,(01)第0001086号
有限会社アイシン不動産,アイシンフドウサン,石川県金沢市尾張町２－１１－２６,〒920-0902,076-232-1600,武部　守男,タケベ　モリオ,(02)第0002856号
株式会社ホクソウ,ホクソウ,石川県金沢市北町丁98,〒920-0055,076-261-5374,総田　与志光,ソウダ　ヨシミツ,(02)第0000472号
有限会社絹川不動産,キヌカワフドウサン,石川県金沢市有松２丁目３番１１号,〒921-8161,076-242-1588,絹川　博,キヌカワ　ヒロシ,(01)第0001551号
株式会社ページ・ワン,ページワン,石川県白山市古城町３７番地,〒924-0872,076-274-2591,小川　政子,オガワ　マサコ,(02)第0002147号
株式会社ココ不動産,ココフドウサン,石川県白山市茶屋２－１１４－１,〒924-0867,076-276-8200,徳用　裕司,トクモト　ユウジ,(02)第0002688号
株式会社絹川商事,キヌカワショウジ,石川県野々市市住吉町9番32号,〒921-8813,076-248-2150,絹川　善隆,キヌカワ　ヨシタカ,(02)第0002507号
ＴＥＯ　ＴＯＲＩＡＴＴＥ株式会社,テオ　トリアッテ,石川県野々市市本町5丁目11番17号,〒921-8815,076-227-8014,竹森　茂,タケモリ　シゲル,(02)第0002149号
