﻿会社名,会社名フリガナ,住所,郵便番号,電話番号,代表氏名,代表氏名フリガナ,登録番号
株式会社プルーズハウス,プルーズハウス,群馬県みどり市笠懸町阿左美１６６４－７,〒379-2311,0277-46-7590,芝　久史,シバ　ヒサシ,(02)第0002946号
有限会社ハウジングプラザ,ハウジングプラザ,群馬県伊勢崎市上諏訪町１２２７－１１,〒372-0021,0270-22-1181,岡部　行伸,オカベ　ユキノブ,(02)第0000891号
リーディング株式会社,リーディングカブシキガイシャ,群馬県前橋市荒牧町一丁目44番15号,〒371-0044,027-289-8911,一倉　和男,イチクラ　カズオ,(01)第0002825号
株式会社群馬総合土地販売,カブシキガイシャグンマソウゴウトチハンバイ,群馬県高崎市羅漢町37,〒370-0055,027-323-0009,川本　裕明,カワモト　ヒロアキ,(02)第0000029号
トミゼン土地住宅株式会社,トミゼントチジュウタクカブシキガイシャ,群馬県伊勢崎市富塚町405-3,〒372-0833,0270-32-0515,角谷　直希,カドタニ　ナオキ,(01)第0002053号
株式会社アンカー,カブシキガイシャアンカー,群馬県桐生市巴町1832番地9,〒376-0021,0277451464,川口　貴志,カワグチ　タカシ,(01)第0002933号
吾妻振興株式会社,アガツマシンコウ,群馬県吾妻郡中之条町大字伊勢町８８８－１,〒377-0423,0279-75-3200,町田　良仁,マチダ　ヨシヒト,(02)第0002948号
積水ハウス不動産東京株式会社,セキスイハウスフドウサントウキョウカブシキガイシャ,東京都渋谷区代々木2-1-1,〒151-0053,03-5350-3366,島貫　利一,シマヌキ　トシカズ,(02)第0001005号
株式会社フィールド開発,フィールドカイハツ,群馬県高崎市下小塙町１３５６番地５,〒370-0076,027-344-4588,田代　雅彦,タシロ　マサヒコ,(02)第0000643号
株式会社ハウスメイトマネジメント,ハウスメイトマネジメント,東京都豊島区東池袋３－１－１　サンシャイン６０　４１Ｆ,〒170-6041,03-3590-0964,井關　豊,イセキ　ユタカ,(02)第0000332号
スターツアメニティー株式会社,スターツアメニティーカブシキガイシャ,東京都江戸川区一之江8-4-3,〒132-0024,03-5662-3051,中松　学,ナカマツ　マナブ,(02)第0000978号
株式会社タウンリゾート,カブシキガイシャタウンリゾート,群馬県高崎市新町2151-20,〒370-1301,0274-42-1600,望月　剛,モチヅキ　ツヨシ,(01)第0000834号
株式会社武屋,タケヤ,群馬県高崎市八島町20-1 武蔵屋ビル2F,〒370-0849,027-329-5411,武　徹二郎,タケ　テツジロウ,(02)第0001698号
大東建託パートナーズ株式会社,ダイトウケンタクパートナーズ,東京都港区港南2-16-1,〒108-0075,03-6718-9102,佐藤　功次,サトウ　コウジ,(02)第0001723号
株式会社フィールデイズ,カブシキガイシャフィールデイズ,群馬県高崎市緑町四丁目10-1,〒370-0073,027-384-3982,堀口　晋吾,ホリグチ　シンゴ,(01)第0000197号
株式会社丸井不動産,カブシキガイシャマルイフドウサン,群馬県沼田市上原町１６１５－１,〒378-0051,0278-25-8433,永井　英夫,ナガイ　ヒデオ,(01)第0002824号
渋沢テクノ建設株式会社,シブサワテクノケンセツカブシキカイシャ,群馬県前橋市元総社町395-60,〒371-0846,027-203-8026,渋澤　優一郎,シブサワ　ユウイチロウ,(01)第0001465号
ジェイエイハウスサービス株式会社,ジェイエイハウスサービス,群馬県前橋市古市町１０６番地１,〒371-0844,027-253-9877,小林　敏幸,コバヤシ　トシユキ,(01)第0000897号
代栄商事株式会社,ダイエイショウジカブシキガイシャ,群馬県前橋市青柳町200-5,〒371-0056,027-232-4476,井田　実,イダ　ミノル,(01)第0000272号
株式会社クリエートコーポレーション,カブシキガイシャクリエートコーポレーション,群馬県前橋市石倉町3丁目11番地2,〒371-0841,027-212-1411,若林　英明,ワカバヤシ　ヒデアキ,(01)第0002823号
株式会社プロト,プロト,群馬県前橋市総社町高井549-3,〒371-0856,027-226-5852,五十嵐　力,イガラシ　チカラ,(01)第0000235号
有限会社　コマイ・ハウジング,ユウゲンガイシャコマイハウジング,群馬県前橋市文京町3丁目28番地17号,〒371-0801,0272240488,駒井　喜美男,コマイ　キミオ,(02)第0001836号
株式会社ミニテック,ミニテック,東京都港区港南2-5-3,〒108-0075,03-5769-3209,大原　輝之,オオハラ　テルユキ,(01)第0001682号
株式会社藤田ビジネスプロモーター,フジタビジネスプロモーター,群馬県前橋市問屋町１－１－１,〒371-0855,027-251-4455,藤田　隆,フジタ　タカシ,(01)第0001044号
平和土地株式会社,ヘイワトチ,群馬県太田市金山町１番１号,〒373-0027,0276-25-2345,樋下田　貴幸,ヒゲタ　タカユキ,(01)第0000533号
有限会社メディアフェイス,ユウゲンガイシャメディアフェイス,群馬県太田市新井町550-16,〒373-0852,0276-49-2002,山口　桂司,ヤマグチ　ケイジ,(01)第0002204号
株式会社青い空鶴巻,カブシキガイシャアオイソラツルマキ,群馬県太田市東本町23-25,〒373-0026,0276-25-3232,鶴巻　太,ツルマキ　フトシ,(01)第0000975号
有限会社エステートオカダ,ユウゲンガイシャエステートオカダ,群馬県太田市飯田町５９５,〒373-0851,0276-46-2667,岡田　敏郎,オカダ　トシロウ,(01)第0002088号
株式会社グランダム,カブシキガイシャグランダム,群馬県太田市飯田町７０３番地,〒373-0851,0276-30-2211,田中　裕一郎,タナカ　ユウイチロウ,(01)第0002826号
株式会社松野屋,カブシキガイシャマツノヤ,群馬県藤岡市藤岡88番地,〒375-0024,0274-22-0107,法理　隆二,ホウリ　リュウジ,(02)第0001462号
