﻿会社名,会社名フリガナ,住所,郵便番号,電話番号,代表氏名,代表氏名フリガナ,登録番号
桂不動産株式会社,カツラフドウサン,茨城県つくば市研究学園７－４９－４,〒305-0817,029-854-4130,渡邉　宗明,ワタナベ　ムネアキ,(02)第0000031号
積水ハウス不動産東京株式会社,セキスイハウスフドウサントウキョウカブシキガイシャ,東京都渋谷区代々木2-1-1,〒151-0053,03-5350-3366,島貫　利一,シマヌキ　トシカズ,(02)第0001005号
香陵住販株式会社,コウリョウジュウハンカブシキカイシャ,茨城県水戸市南町2-4-33,〒310-0021,029-221-2110,薄井　宗明,ウスイ　ソウメイ,(02)第0002086号
株式会社マイハウス,カブシキガイシャマイハウス,茨城県守谷市中央4-12-19,〒302-0115,0297447020,佐藤　健一,サトウ　ケンイチ,(01)第0001006号
ウォーク株式会社,ウォークカブシキガイシャ,茨城県つくば市研究学園7丁目18-1,〒305-0817,029-849-2080,高野　正樹,タカノ　マサキ,(02)第0000973号
パナソニックホームズ不動産株式会社,パナソニックホームズフドウサン,大阪府豊中市新千里西町1-1-4,〒560-8543,06-6834-3816,飯代　努,イジロ　ツトム,(02)第0002003号
一誠商事株式会社,イッセイショウジ,茨城県つくば市竹園2-2-4,〒305-0032,029-860-8611,五十嵐　徹,イガラシ　トオル,(02)第0001447号
大東建託パートナーズ株式会社,ダイトウケンタクパートナーズ,東京都港区港南2-16-1,〒108-0075,03-6718-9102,佐藤　功次,サトウ　コウジ,(02)第0001723号
上総屋不動産株式会社,カズサヤフドウサン,茨城県土浦市川口1-11-8,〒300-0033,029-821-0226,渡辺　博,ワタナベ　ヒロシ,(02)第0000064号
東成商事株式会社,トウセイショウジカブシキカイシャ,茨城県つくば市天久保３－１４－１２,〒305-0005,029-855-2755,高野　光雄,タカノ　ミツオ,(01)第0002820号
株式会社セレントライフ,カブシキガイシャセレントライフ,茨城県つくば市島名４３７０番地（諏訪Ｃ１８街区４）,〒300-2658,029-839-0312,松永　尚道,マツナガ　ナオミチ,(02)第0001726号
トラスティーパートナーズ株式会社,トラスティーパートナーズ,東京都渋谷区広尾１－１－３９,〒150-0012,03-3406-4200,関野　大介,セキノ　ダイスケ,(02)第0001168号
大栄商事株式会社,ダイエイショウジカブシキカイシャ,茨城県古河市東４－１５－１２,〒306-0011,0280-32-8211,大塚　敬康,オオツカ　ヨシヤス,(01)第0000202号
株式会社アクティブイメージメント,カブシキガイシャアクティブイメージメント,茨城県高萩市春日町1-8,〒318-0031,0293-24-6507,小泉　恵子,コイズミ　ケイコ,(01)第0000857号
有限会社のぐち,ノグチ,茨城県鹿島市宮中３１４－４,〒314-0031,0299-82-6050,野口　剛男,ノグチ　タケオ,(02)第0000617号
株式会社ブルーボックス,ブルーボツクス,愛知県稲沢市正明寺2-16-4,〒492-8145,0587-23-7733,山内　隆嗣,ヤマウチ　タカシ,(02)第0002565号
株式会社中央ホーム,チュウオウホーム,茨城県常総市水海道橋本町３５６９－７ ,〒303-0003,0297-22-5203,森山　慎一,モリヤマ　シンイチ,(01)第0002957号
有限会社橋本地所,ハシモトジショ,茨城県神栖市溝口１６５９－１ ,〒314-0121,0299-91-1616,竹内　由香,タケウチ　ユカ,(01)第0001735号
平和商事株式会社　,ヘイワショウジ,茨城県神栖市神栖１－４－３５,〒314-0143,0299-92-3668,秋山　武茂,アキヤマ　タケシゲ,(02)第0001078号
有限会社久須美不動産,ユウゲンカイシャクスミフドウサン,茨城県水戸市元吉田町１３９８の１番地,〒310-0836,029-247-0428,久須美　貴洋,クスミ　タカヒロ,(01)第0000591号
有限会社加倉井総業,カクライソウギョウ,茨城県水戸市袴塚3-10-32,〒310-0055,029-225-2738,加倉井　章一,カクライ　ショウイチ,(02)第0000708号
株式会社野口物産,カブシキガイシャノグチブッサン,茨城県石岡市国府1-2-28-301,〒315-0014,0299-24-1221,宇野　高見,ウノ　タカミ,(02)第0002721号
有限会社タイセイ不動産,タイセイフドウサン,茨城県潮来市牛堀６１２番地１,〒311-2436,0299-64-2755,大久保　誠,オオクボ　マコト,(01)第0000983号
有限会社コーディアル,ユウゲンガイシャコーディアル,千葉県柏市北柏1-5-2第3ｺｰﾃﾞｨｱﾙﾋﾞﾙ２A,〒277-0832,04-7197-7313,?光　範英,トクミツ　ノリヒデ,(02)第0002322号
株式会社東海住宅,カブシキガイシャ　トウカイジュウタク,茨城県那珂郡東海村舟石川駅東2-16-21,〒319-1118,029-306-3411,杉山　武己,スギヤマ　タケミ,(02)第0000710号
小野不動産,オノフドウサン,茨城県日立市諏訪町１－１８－１,〒316-0001,0294-33-0843,小野　勝洋,オノ　カツヒロ,(01)第0000674号
株式会社ファミリーホーム,カブシキガイシャ　ファミリーホーム,茨城県鉾田市新鉾田2丁目1-12,〒311-1516,0291-33-4477,大久保　誠,オオクボ　マコト,(01)第0000587号
常陽観光株式会社,ジョウヨウカンコウカブシキガイシャ,茨城県北茨城市磯原町本町3-3-12,〒319-1542,0293421331,大塚　知幸,オオツカ　トモユキ,(01)第0002934号
